"a2vjN_2kCP7raLaCxp7L2vmqvxWK-0497_cn_qiutinghe_voicechanger.txt





Apkid:cn.qiutinghe.voicechanger
### 隐私政策
==========
本协议为上海邱听荷网络科技有限公司（以下简称：本公司）的隐私数据相关协议和惯例",其他通用信息,
我们深知个人信息（含个人敏感信息）对你的重要性，并会全力保护你的个人信息安全,其他通用信息,
我们致力于维持你对我们的信任，恪守以下原则，保护你的个人信息：权责一致原则、目的明确原则、选择同意原则、最少够用原则、公开透明原则、确保安全原则、主体参与原则等,其他通用信息,
同时，我们承诺，我们将按业界成熟的安全标准，采取相应的安全保护措施来保护你的个人信息,其他通用信息,
本隐私政策（以下简称“本政策”）适用于的所有相关服务,其他通用信息,
在你使用游戏语音包变声器（以下简称“本软件”）各项服务前，请你务必仔细阅读并透彻理解本政策，并做出你认为适当的选择,其他通用信息,
一旦你开始使用我们的各项服务，即表示你已充分理解并同意本政策,其他通用信息,
需要提醒你注意，本隐私政策仅适用于我们所收集的信息，不适用于通过我们的服务而接入的第三方服务（包括任何第三方网站）收集的信息以及通过在我们服务中进行广告服务的其他公司或机构所收集的信息,其他通用信息,
您的个人信息安全对我们来说至关重要,其他通用信息,
"我们将依据《中华人民共和国网络安全法》、《信息安全技术
个人信息安全规范》（GB/T35273-2017）以及其他相关法律法规和技术规范收集和使用您的个人信息，以帮助我们向您提供更优质的产品和/或服务",其他通用信息,
我们承诺会对您的个人信息和其它数据进行严格保密，并严格按照本隐私政策所阐述的内容处理您的个人信息,其他通用信息,
我们会根据您的同意和其它可处理您个人信息的法律依据收集、使用、存储、共享和转移您的个人信息,其他通用信息,
"==========
以下是本隐私政策的要点说明：
为帮助您注册并使用本产品或服务，我们可能收集与提供服务相关的个人信息，您有权拒绝或撤回授权",其他通用信息,
您可以访问、更正、删除您的个人信息，改变您授权同意的范围，注销您的帐号，我们为您提供了行使这些权利的途径,其他通用信息,
我们采取了互联网业内标准的技术措施和数据安全措施来保护您的个人信息安全,其他通用信息,
除非再次征得您的同意，我们不会将您的个人信息用于本隐私政策未载明的其他目的,其他通用信息,
当您对本隐私政策有任何疑问，可以和我们进一步联系与咨询,其他通用信息,
"==========
目录
引言",其他通用信息,
我们处理个人信息的法律依据,其他通用信息,
我们如何收集您的个人信息,其他通用信息,
我们如何使用您的个人信息,其他通用信息,
我们如何共享、转让、公开披露您的个人信息,其他通用信息,
您如何访问和控制自己的信息,其他通用信息,
自动索引技术的使用,其他通用信息,
您的个人信息保护,其他通用信息,
本隐私政策的修订,其他通用信息,
其他,其他通用信息,
"==========
一、 引言
我们尊重并保护您的隐私，在您使用我们的服务时，为便于我们及时了解并满足您的需求，我们可能会收集和使用您的相关信息",其他通用信息,
我们希望能够通过本《隐私政策》向您充分解释和说明，在您使用我们的服务时，我们将如何收集、使用、储存和分享您的这些个人信息，以及我们为您提供的访问、更新、控制和保护这些信息的方式,其他通用信息,
《隐私政策》与您使用的平台服务息息相关，我们希望您能够仔细阅读，在需要时，按照《隐私政策》的指引，做出您认为适当的选择,其他通用信息,
如果您使用或继续使用我们的服务，即意味着同意我们根据《隐私政策》约定收集、使用、储存和分享您的相关信息,其他通用信息,
如您不同意《隐私政策》中的内容，则应当立即停止使用我们的服务,其他通用信息,
"==========
二、我们处理个人信息的法律依据
我们将依据《中华人民共和国网络安全法》、《信息安全技术 个人信息安全规范》（GB/T35273-2017）以及其他相关法律法规收集和使用您的个人信息，为您提供知乎产品和/或服务",其他通用信息,
我们通常只会在征得您同意的情况下收集您的个人信息,其他通用信息,
在某些情况下，我们可能还会基于法律义务或者履行合同之必需向您收集个人信息，或者可能需要个人信息来保护您的重要利益或其他人的利益,其他通用信息,
"==========
三、我们如何收集您的个人信息",其他通用信息,
我们会遵循正当、合法、必要的原则，出于本隐私政策所述的以下目的，收集和使用您在使用服务过程中主动提供或因使用本平台产品和/或服务而产生的个人信息,其他通用信息,
如果您不提供相关信息，可能无法享受我们提供的某些服务，或者无法达到相关服务拟达到的效果,其他通用信息,
如您继续使用我们的服务，则视为您同意我们通过以下方式获得与您有关的信息并进行存储,其他通用信息,
"3.1 您向我们提供的信息
1）注册/登录本平台时提供的手机号码",第一方收集_使用,采集的个人信息类型
2）使用本平台服务或参与平台活动时可能要求提供的身份信息，包括但不限于您的姓名、性别、住址、电子邮箱、电话号码、身份证号、工作信息、学历、婚姻状况、紧急联系人、设备信息、生物特征、运营商账号、密码、手机账单及通讯录等信息,第一方收集_使用,采集的个人信息类型
3）我们的部分服务可能需要您提供特定的个人敏感信息来实现特定功能,第一方收集_使用,采集的目的
若您选择不提供该类信息，则可能无法正常使用服务中的特定功能，但不影响您使用服务中的其他功能,第一方收集_使用,用户选择所造成的影响
若您主动提供您的个人敏感信息，即表示您同意我们按本政策所述目的和方式来处理您的个人敏感信息,第一方收集_使用,用户选择所造成的影响
4）您向我们提供上述信息后，我们即有权存储该信息并有权根据《隐私政策》约定使用和分享该信息,第一方收集_使用,对数据的使用
"3.2 我们在您使用服务时获取的信息
1）为了保障产品的核心功能以及其他功能正常运行，我们会收集您的部分必要信息",其他通用信息,
2）我们会将在境内运营过程中收集和产生的您的个人信息存储于中华人民共和国境内，并不会将上述信息传输至境外,数据安全,跨境传输
我们仅会在为提供“变声器”软件及相关服务之目的所必需的期间内保留您的个人信息,数据安全,数据存储期限
3) 我们不会向第三方共享、提供、转让或者从第三方获取您的个人信息，除非经过您的同意,与第三方共享_转让_公开,是否有交互
4）我们将努力采取合理的安全措施来保护您的个人信息,数据安全,安全措施
特别的，我们将采用行业内通行的方式及尽最大的商业努力来保护您个人敏感信息的安全,数据安全,安全措施
5）您访问、更正、删除个人信息、撤回同意授权，以及投诉举报的方式,第一方收集_使用,用户的选择
如您不同意本隐私政策并开始使用，我们将仅收集维持“变声器”基础功能所必需的信息，这将导致我们无法为您提供完整的产品和服务，但我们同样会采用去标识化、加密等措施来保护这些信息,第一方收集_使用,用户选择所造成的影响
当您再次使用时，为实现履行合同与服务所必需，将视为您接受和认可我们按照本政策对您的相关信息进行处理,第一方收集_使用,用户选择所造成的影响
"==========
我们非常重视用户个人信息的保护，并且将以勤勉和审慎的义务对待这些信息",其他通用信息,
您在下载、安装、开启、浏览、使用（以下统称“使用”）软件及相关服务时，我们将按照本隐私政策收集、保存、使用、共享、披露及保护您的个人信息,其他通用信息,
我们希望通过本隐私政策向您介绍我们对您个人信息的处理方式，因此我们建议您认真完整地阅读本隐私政策的所有条款,其他通用信息,
"其中，与您信息及权利相关的内容将以加粗的形式提示您注意，请您重点阅读以下内容：
一、我们如何收集和使用个人信息
二、我们对Cookie和同类技术的使用
三、我们如何存储个人信息
四、我们如何共享、转让、公开披露个人信息
五、我们如何保护个人信息的安全
六、您的权利
七、未成年人使用条款
八、隐私政策的修订和通知
九、适用范围
十、如何联系我们
十一、其他
==========
一、我们如何收集和使用个人信息
在您使用软件及服务的过程中，我们将根据合法、正当、必要的原则，收集信息",其他通用信息,
"我们收集或请您提供的信息将用于：
1）
当您使用我们的服务时，我们可能会自动收集相关信息并存储为服务日志信息",第一方收集_使用,何时采集
我们收集数据是根据您与我们的互动和您所做出的选择，包括您的隐私设置以及您使用的产品和功能,第一方收集_使用,采集的渠道
我们收集的数据可能包括但不限于SDK/API/JS代码版本、浏览器、互联网服务提供商、IP地址、平台、时间戳、应用标识符、应用程序版本、应用分发渠道、独立设备标识符、iOS广告标识符（IDFA)、安卓广告主标识符、网卡（MAC）地址、国际移动设备识别码（IMEI）、设备型号、终端制造厂商、终端设备操作系统版本、会话启动/停止时间、语言所在地、时区和网络状态（WiFi等）、硬盘、CPU和电池使用情况等,第一方收集_使用,采集的个人信息类型
2） 为了帮助您更好地使用我们的产品或服务，我们会收集服务过程信息,第一方收集_使用,采集的目的
例如，您使用我们的产品推荐服务时，我们将可能收集您的点击和申请记录,第一方收集_使用,采集的渠道
3）为提高您使用本平台提供的服务的安全性，更准确地预防钓鱼网站欺诈和木马病毒，我们可能会通过了解一些您的网络使用习惯、您常用的软件信息等手段来判断您账户的风险，并可能会记录一些我们认为有风险的URL,第一方收集_使用,采集的目的
"3.3 我们从第三方处获得的信息
1）您同意并于此授权我们查看、储存您的通讯运营商基础资料，包括但不限于您的登记姓名、手机号码、归属省份、话费余额、套餐信息（部分）、账单信息、开户日期（部分）、本地通讯录，包括姓名、电话号码、公司（如有）、电子邮件（如有）、地址（如有）、个人资料（如有）、备注（如有）",第一方收集_使用,采集的个人信息类型
2）您同意并于此授权我们查看、储存通讯运营商其他相关资料，包括但不限于通话记录相关信息（包括但不限于通话发生时间、通话发生地、主叫/被叫、通话对方号码、通话时长（秒）、本地漫游长途属性）、短信记录相关信息（包括但不限于服务类型、短信发送/接受时间、对方号码）等,第一方收集_使用,采集的个人信息类型
3）您同意并于此授权我们可以根据您提供的姓名、身份证号码、银行卡号、实名手机号等信息向依法设立的第三方征信机构、大数据平台、银行、财务机构、第三方风控平台、互联网金融风险信息共享平台查询您的相关信用信息，包括但不限于您的信用分、信用报告等,第一方收集_使用,采集的个人信息类型
4） 您同意并于此授权平台及与平台合作的第三方查看社保信息包括但不限于账号信息、公积金缴存情况等信息,第一方收集_使用,采集的个人信息类型
"5） 为您提供变音，保存变音等功能或服务
序号 权限名称 获取方式 获取该权限的目的
1 获取设备识别码和状态 动态获取， 用户主动授权 1.用于登录注册时作为识别真实用户而非外挂软件、机器的依据",第一方收集_使用,对数据的使用
2.用于广告SDK形成特征标签，向您提供更加相关的广告,第一方收集_使用,对数据的使用
3.用于收集应用产生的Bug信息，以便我们更好的改进产品,第一方收集_使用,对数据的使用
"2 访问网络 静默获取 用于用户登录注销等功能
3 获取WiFi状态 静默获取 用于判断网络质量
4 读写存储权限 动态获取， 用户主动授权 用于获取本地音频进行变声/保存自己的变声",第一方收集_使用,对数据的使用
"5 获取网络状态 静默获取 用于用户信息状态同步
6 录音 动态获取， 用户主动授权 用于录制自己的声音进行变声",第一方收集_使用,对数据的使用
7 显示系统级警报 静默获取 用于部分手机开启悬浮窗,第一方收集_使用,对数据的使用
8 修改全局系统设置 动态获取， 用户主动授权 用于手机开启悬浮窗,第一方收集_使用,对数据的使用
9 更改您的音频设置 静默获取 用于获取网络发音人，优化变声效果,第一方收集_使用,对数据的使用
"3.使用其他第三方代码统计您的信息
（1）您在使用我们产品的过程中，为了减少Bug影响您的使用，以及根据您的行为习惯,更改交互提升使用体验，我们将去标识化上传行为信息及崩溃日志至百度移动统计平台、谷歌Firebase平台，用于统计详细崩溃日志以及行为分析",与第三方共享_转让_公开,与第三方共享的目的
（2）您在使用我们产品的过程中，如果遇到任何问题，可以通过第三方IM即时通讯联系我们，我们的产品客服将协助您解决问题,与第三方共享_转让_公开,是否有交互
（3）您在使用我们产品的过程中，向您推荐您可能感兴趣的广告、资讯等,与第三方共享_转让_公开,第三方对数据的使用
"序号权限名称获取方式获取该权限的目的1获取设备识别码和状态动态获取， 用户主动授权
 1.用于登录注册时作为识别真实用户而非外挂软件、机器的依据",第一方收集_使用,对数据的使用
2.用于广告SDK形成特征标签，向您提供更加相关的广告,第一方收集_使用,对数据的使用
3.用于收集应用产生的Bug信息，以便我们更好的改进产品,第一方收集_使用,对数据的使用
"2访问网络静默获取用于用户登录注销等功能3获取WiFi状态静默获取用于判断网络质量
4读写存储权限动态获取，用户主动授权用于获取本地音频进行变声/保存自己的变声",第一方收集_使用,对数据的使用
"5获取网络状态静默获取用于用户信息状态同步
6录音动态获取，用户主动授权用于录制自己的声音进行变声",第一方收集_使用,对数据的使用
7显示系统级警报静默获取用于部分手机开启悬浮窗,第一方收集_使用,对数据的使用
8修改全局系统设置动态获取，用户主动授权用于手机开启悬浮窗,第一方收集_使用,对数据的使用
9更改您的音频设置静默获取用于获取网络发音人，优化变声效果,第一方收集_使用,对数据的使用
"3.使用其他第三方代码统计您的信息
（1）您在使用我们产品的过程中，为了减少Bug影响您的使用，以及根据您的行为习惯,更改交互提升使用体验，我们将去标识化上传行为信息及崩溃日志至百度移动统计平台、谷歌Firebase平台，用于统计详细崩溃日志以及行为分析",与第三方共享_转让_公开,与第三方共享的目的
（2）您在使用我们产品的过程中，如果遇到任何问题，可以通过第三方IM即时通讯联系我们，我们的产品客服将协助您解决问题,与第三方共享_转让_公开,是否有交互
（3）您在使用我们产品的过程中，向您推荐您可能感兴趣的广告、资讯等,与第三方共享_转让_公开,第三方对数据的使用
"==========
第三方服务：
第三方服务提供方名称收集的信息与目的隐私政策
百度移动统计百度用于统计详细崩溃日志以及行为分析https://www.baidu.com/duty/yinsiquan-policy.htmlFireBase统计
数据漫游者统计今日头条用于统计详细崩溃日志以及行为分析https://datarangers.com.cn/help/doc?lid=1584&did=10959
友盟用于统计详细崩溃日志以及行为分析https://account.umeng.com/message “我们的产品集成友盟+SDK，友盟+SDK需要收集您的设备Mac地址、唯一设备识别码（IMEI/android ID/IDFA/OPENUDID/GUID、SIM 卡 IMSI 信息）以提供统计分析服务，并通过地理位置校准报表数据准确性，提供基础反作弊能力",第三方搜集_使用,第三方相关实体
"”
优量汇腾讯展示第三方广告https://www.tencent.com/zh-cn/privacy-policy.html
穿山甲今日头条展示第三方广告https://partner.oceanengine.com/privacyvivo
极光IM极光为了可以更快的与用户沟通https://www.jiguang.cn/license/privacy
4.保障产品、服务及用户使用安全
为帮助我们更好地了解“变声器”及相关服务的运行情况，以便确保运行与提供服务的安全，我们使用第三方统计工具记录网络日志信息，以及使用软件及相关服务的频率、崩溃数据、总体安装、使用情况、性能数据等信息",第三方搜集_使用,第三方相关实体
请您了解，我们收集、使用上述信息时进行了去标识化处理/匿名化处理，数据分析仅对应特定的、无法直接关联用户身份的编码,其他通用信息,
"==========
（一）收集、使用个人信息目的变更的处理
请您了解，随着我们业务的发展，可能对功能和提供的服务有所调整变化",其他通用信息,何时与第三方共享
原则上，当新功能或服务与放大文字、悬浮窗等场景相关时，收集与使用的个人信息将与原处理目的具有直接或合理关联,第一方收集_使用,何时采集
在与原目的无直接或合理关联的场景下，我们收集、使用您的个人信息，会再次进行告知，并征得您的同意,第一方收集_使用,是否有交互
"（二）依法豁免征得同意收集和使用的个人信息
请您理解，在下列情形中，根据法律法规和/或相关国家标准，我们收集和使用您的个人信息无需征得您的授权同意：
（1）与国家安全、国防安全直接相关的",其他通用信息,
（2）与公共安全、公共卫生、重大公共利益直接相关的,其他通用信息,
（3）与犯罪侦查、起诉、审判和判决执行等直接相关的,其他通用信息,
（4）出于维护个人信息主体或其他个人的生命、财产等重大合法权益但又很难得到本人同意的,其他通用信息,
（5）所收集的您的个人信息是您自行向社会公众公开的,其他通用信息,
（6）从合法公开披露的信息中收集的您的个人信息的，如合法的新闻报道、政府信息公开等渠道,其他通用信息,
（7）根据您的要求签订和履行合同所必需的,其他通用信息,
（8）法律法规规定的其他情形,其他通用信息,
特别提示您注意，如信息无法单独或结合其他信息识别到您的个人身份，其不属于法律意义上您的个人信息,其他通用信息,
当您的信息可以单独或结合其他信息识别到您的个人身份时或我们将无法与任何特定个人信息建立联系的数据与其他您的个人信息结合使用时，则在结合使用期间，这些信息将作为您的个人信息按照本隐私政策处理与保护,其他通用信息,
"==========
二、对Cookie和同类技术的使用
Cookie 和同类技术是互联网中的通用常用技术",第一方收集_使用,使用的目的
"当您使用“变声器”软件及相关服务时，我们可能会使用相关技术向您的设备发送一个或多个Cookie
或匿名标识符，以收集和存储您访问、使用本产品时的信息",第一方收集_使用,是否有交互
"我们可能会设置认证与保障安全性的cookie
或匿名标识符，保障产品与服务的安全、高效运转，帮助我们改进服务效率，提升登录和响应速度",第一方收集_使用,采集的目的
使用此类技术也可以帮助您省去重复选择个性化设置的步骤和流程（例如：记录设置中的选项状态），帮助您获得更轻松的访问体验,第一方收集_使用,采集的目的
"==========
三、我们如何存储个人信息
（一）信息存储的地点
我们依照法律法规的规定，将在境内运营过程中收集和产生的您的个人信息存储于中华人民共和国境内",数据安全,数据存储/跨境传输的目的
目前，我们不会将上述信息传输至境外,数据安全,跨境传输
"==========
（二）存储期限
我们仅在为提供“变声器”及服务之目的所必需的期间内保留您的个人信息，超出必要期限后，我们将对您的个人信息进行删除或匿名化处理，但法律法规另有规定的除外
3.4征得授权同意的例外
根据相关法律法规的规定，在以下情形中，我们可以在不征得您的授权同意的情况下收集、使用一些必要的个人信息：
1） 与国家安全、国防安全直接相关的",数据安全,跨境传输
2） 与公共安全、公共卫生、重大公共利益直接相关的,其他通用信息,
3）与犯罪侦查、起诉、审判和判决执行等直接相关的,其他通用信息,
4） 出于维护您或其他个人的生命、财产等重大合法权益但又很难得到本人同意的,其他通用信息,
5） 所收集的个人信息是您自行向社会公众公开的,其他通用信息,
6） 从合法公开披露的信息中收集到您的个人信息，如从合法的新闻报道、政府信息公开等渠道,其他通用信息,
7） 根据您的要求签订和履行合同所必需的,其他通用信息,
8） 用于维护本平台的产品和/或服务的安全稳定运行所必需的，例如发现、处置产品或服务的故障,其他通用信息,
9） 法律法规规定的其他情形,其他通用信息,
"==========
四、我们将如何使用收集的信息
您知悉并同意，我们有权将在向您提供服务的过程之中所收集的信息作下列用途：
4.1 向你提供您使用的各项服务，并维护、改进这些服务",第一方收集_使用,对数据的使用
4.2 在我们提供服务时用于身份验证、客户服务、安全防范、存档和备份用途，确保我们向您提供的产品和服务的安全性,第一方收集_使用,对数据的使用
4.3 评估、改善我们的广告投放和其他促销及推广活动的效果,第一方收集_使用,对数据的使用
4.4 邀请您参与有关我们服务的调查,第一方收集_使用,对数据的使用
4.5 经您许可的其他用途,第一方收集_使用,对数据的使用
"4.6 具体使用方式包括但不限于：
1） 为了能够为您提供个性化的服务，在您安装本平台软件时，我们需要您授权我们读取您的地理位置信息",第一方收集_使用,采集的目的
2）为了保证我们的服务质量，在您填写手机运营服务商及密码时，我们需要您授权我们使用您的电话号码及密码去依法设立的第三方查询机构查询并存储您近期的话费账单等信息,第一方收集_使用,采集的目的
3）为了向您提供更好的服务，在您享受我们为您提供的资信查询服务填写身份信息时，我们需要您授权我们使用您的姓名、身份证号码、手机号等个人信息去依法设立的第三方查询机构查询并存储您的行为记录等信息,第一方收集_使用,采集的目的
"==========
五、我们如何共享、转让、公开披露您的个人信息
5.1 共享
我们对您的信息承担保密义务",其他通用信息,
"除以下情形外，未经您的同意，我们及我们的关联公司不会与任何第三方分享您的个人信息：
1） 在获得您的明确同意后，我们会与其他方共享您的个人信息",与第三方共享_转让_公开,对于第三方的约束
2） 根据有关法律法规要求向有权的仲裁机构或司法、行政、立法等权力机关提供您的个人资料和信息,与第三方共享_转让_公开,何时与第三方共享
3）提供给我们的关联方、合作方（包括但不限于合作机构，下同）以用于完成我们对您提供的服务（包括但不限于对您的个人资料和信息进行核实、对您的信用情况进行评估等），我们只会共享完成服务所必要的个人信息，且受本隐私政策中所声明目的的约束,与第三方共享_转让_公开,何时与第三方共享
4）我们及关联公司及相关合作伙伴、第三方服务商可能定期或不定期向您发送有关产品、服务或相关活动的信息，您同意接收上述信息,与第三方共享_转让_公开,何时与第三方共享
5） 提供给您通过我们提供的服务达成交易的交易方,与第三方共享_转让_公开,何时与第三方共享
6） 其他经您许可的情形,与第三方共享_转让_公开,何时与第三方共享
"5.2 转让
我们不会将您的个人信息转让给任何公司、组织和个人，但以下情况除外：
1）在获得您的明确同意后，我们会向其他方转让您的个人信息",与第三方共享_转让_公开,何时与第三方共享
2）在本产品服务提供者发生合并、收购或破产清算情形，或其他涉及合并、收购或破产清算情形时，如涉及到个人信息转让，我们会要求新的持有您个人信息的公司、组织继续受本政策的约束，否则我们将要求该公司、组织和个人重新向您征求授权同意,与第三方共享_转让_公开,何时与第三方共享
"5.3 公开披露
我们可能基于以下目的披露您的个人信息：
1） 遵守适用的法律法规等有关规定",与第三方共享_转让_公开,与第三方共享的目的
2） 遵守法院判决、裁定或其他法律程序的规定,与第三方共享_转让_公开,与第三方共享的目的
3） 遵守相关政府机关或其他法定授权组织的要求,与第三方共享_转让_公开,与第三方共享的目的
4） 我们有理由确信需要遵守法律法规等有关规定,与第三方共享_转让_公开,与第三方共享的目的
5） 为执行相关服务隐私政策或本政策、维护社会公共利益，为保护我们的客户、我们或我们的关联公司、其他用户或雇员的人身财产安全或其他合法权益合理且必要的用途,与第三方共享_转让_公开,与第三方共享的目的
"5.4 共享、转让、公开披露您个人信息无需事先征得您的授权同意：
1） 与国家安全、国防安全有关的",其他通用信息,
2） 与公共安全、公共卫生、重大公共利益有关的,其他通用信息,
3） 与犯罪侦查、起诉、审判和判决执行等有关的,其他通用信息,
4） 出于维护您或其他个人的生命、财产等重大合法权益但又很难得到本人同意的,其他通用信息,
5） 您自行向社会公众公开的个人信息,其他通用信息,
6） 从合法公开披露的信息中收集个人信息的，如合法的新闻报道、政府信息公开等渠道,其他通用信息,
5.5 根据法律规定，分享、转让已经去标识化处理的个人信息，且确保数据接收方无法复原并重新识别个人信息主体的，不属于个人信息的对外分享、转让及公开行为，对此类数据的保存及处理将无需另行向您通知并征得您的同意,其他通用信息,
"==========
六、您如何访问和控制自己的信息
6.1您可以在使用我们服务的过程中，访问、修改和删除您提供的注册信息和其他个人信息，也可按照通知指引与我们联系",用户访问_编辑_删除的方法,用户可以进行的操作
您访问、修改和删除个人信息的范围和方式将取决于您使用的具体服务,用户访问_编辑_删除的方法,用户可以进行的操作
例如，若您在使用地理位置相关服务时，希望停止分享您的地理位置信息，您可通过手机定位关闭功能、软硬件服务商及通讯服务提供商的关闭方式停止分享，建议您仔细阅读相关指引,用户访问_编辑_删除的方法,用户可以进行的操作
6.2 当您发现我们除了关于您的个人信息有错误时，您有权要求我们做出更正或者补充,用户访问_编辑_删除的方法,用户可以进行的操作
您可以通过本隐私政策中提及的方式提出更正或补充申请,用户访问_编辑_删除的方法,用户可以进行的操作
6.3 您可以通过本隐私政策中提及的方式删除您的部分个人信息,用户访问_编辑_删除的方法,用户可以进行的操作
"在以下情形中，您可以向我们申请删除您的个人信息：
1） 如果我们处理个人信息的行为违反了法律法规",用户访问_编辑_删除的方法,用户可以进行的操作
2） 如果我们在未征得您明确的同意下收集、使用您的个人信息,其他通用信息,
3） 如果我们处理个人信息的行为严重违反了与您的约定,其他通用信息,
4） 如果您不再使用我们的产品或服务，或您主动注销了账号,其他通用信息,
5） 如果我们永久不再为您提供产品或服务,其他通用信息,
6.4 在您访问、修改和删除相关信息时，我们可能会要求您进行身份验证，以保障帐号的安全,用户访问_编辑_删除的方法,供应商动作
6.5您可以通过联系我们的客服提交注销账户的申请，我们将会在*个工作日内为您销户,用户访问_编辑_删除的方法,用户可以进行的操作
在您注销账户后，我们将停止为您提供产品或服务，根据适用法律的要求删除您的个人信息或使其匿名化处理,用户访问_编辑_删除的方法,供应商动作
6.6 请您理解，由于技术所限、法律或监管要求，我们可能无法满足您的所有要求，我们会在合理的期限内答复您的请求,用户访问_编辑_删除的方法,供应商动作
"==========
七、 自动索引技术的使用
为了更好的提供服务，我们会使用自动索引和类似的技术来提供我们的服务，并协助收集数据",第一方收集_使用,采集的目的
您同意我们使用这类技术获得您浏览第三方平台所产生的个人数据信息，我们将使用这些信息来分析您的偏好以改进我们的服务,第一方收集_使用,采集的目的
并且这些信息能够提升我们对您的评价，使您可以获得我们提供的更高层级的服务,第一方收集_使用,采集的目的
"==========
八、 您的个人信息保护
我们非常重视您的个人信息安全",数据安全,安全措施
平台将采取不低于一般行业惯例对于通过您的授权所获取的信息进行保护，并以一切商业上的合理努力确保这些信息的安全,数据安全,安全措施
我们组织内部也将根据国家相关法律、法规、规章等制度制定严格的隐私和安全准则，设立个人信息保护责任部门，并要求全体员工知晓和遵守，对可能接触到您的信息的工作人员采用最小够用授权原则，即仅允许有必要知晓这些信息的本产品和其他关联公司的员工在采取合理的措施验证身份之后，访问或修改这些信息,数据安全,安全措施
同时，我们会严格要求他们履行保密及安全义务，如果未能履行这些义务，其会被追究法律责任或被终止与本产品的合作关系,数据安全,安全措施
通常，平台的员工或与平台合作的第三方并不会查看在平台系统中存储的用户信息，当我们得知您可能违反了平台的产品及服务条款时，为了及时提醒您以免您留下不良信用记录，我们会根据本《隐私政策》或您与我们另行达成的约定使用您的信息,数据安全,安全措施
基于防火墙或其他安全软件可能发生故障，或按照当前商业上可以采取的安全手段也难以避免或及时消除的故障及破坏，将可能导致您的信息遭到外部访问、窃取或删除，此等情形下我们不承担相应的责任,数据安全,安全措施
因不可抗力所导致的用户资料及信息泄露（包含但不限于黑客攻击、第三方导致的系统缺陷等），我们不承担相应的责任,数据安全,安全措施
您在我们平台的账号和密码等账户信息是非常重要的，要妥善保管,数据安全,安全措施
使用您的账号、密码等账户信息登录平台进行的操作视为您个人的操作，您应当承担该等操作产生的一切法律后果,数据安全,安全措施
如果您因为自身的保管不善、委托他人使用或者其他个人原因导致您权益受损，我们将不承担相关责任,数据安全,安全措施
"==========
九、 本隐私政策的修订
我们将根据相关法律、法规、政策的要求及提供服务的需要不时地修改本政策并于平台首页发布，您应当注意本政策的变更",条款更改,更改原因
若您在本政策公告变更后继续使用本服务，表示您已充分阅读、理解并接受修改后的政策内容，也将遵循修改后的政策使用本平台的服务,条款更改,用户选择
同时就您在隐私政策和具体规则修订前通过本平台进行的交易及其效力，视为您已同意并已按照本隐私政策及有关规则进行了相应的授权和追认,条款更改,用户选择
"==========
十、 其他
本《隐私政策》未尽事项按照平台现有及不时发布的各项规则执行",其他通用信息,
如《隐私政策》中的任何一条或多条被确认为无效，该无效条款并不影响本隐私政策其他条款的效力,其他通用信息,
因履行本隐私政策所产生的争议应当通过友好协商解决,其他通用信息,
如协商不成，则任意一方均可向本平台所在地人民法院起诉,其他通用信息,
"”
优量汇腾讯展示第三方广告https://www.tencent.com/zh-cn/privacy-policy.html
穿山甲今日头条展示第三方广告https://partner.oceanengine.com/privacyvivo
极光IM极光为了可以更快的与用户沟通https://www.jiguang.cn/license/privacy
4.保障产品、服务及用户使用安全
为帮助我们更好地了解“变声器”及相关服务的运行情况，以便确保运行与提供服务的安全，我们使用第三方统计工具记录网络日志信息，以及使用软件及相关服务的频率、崩溃数据、总体安装、使用情况、性能数据等信息",第三方搜集_使用,采集的目的
