"aebvqZ58Bvgx1txmplLyISh1VNQe-0501_com_bertadata_qxb.txt





Apkid:com.bertadata.qxb
==========
[关于我们](/about)[常见问题](/questions)[用户协议](/terms)[隐私政策](/privacy)
#####  **隐私政策**
启信宝隐私政策
版本及生效日期  
生效日期：【2020 年 12 月 08 日】  
最近更新和发布日期：【2020 年 12 月 08 日】  
==========
上海生腾数据科技有限公司（注册地址：上海市静安区万荣路1256、1258号1101室，以下简称“生腾数据”或“我们”）系启信宝的运营者",其他通用信息,
我们非常重视保护用户（以下简称“您”）的个人信息和隐私,其他通用信息,
您在注册、登录和使用启信宝时，我们会收集、使用、保存、共享您的相关个人信息,其他通用信息,
为呈现我们处理您个人信息的情况，我们特制定《启信宝隐私政策》（以下简称“隐私政策”），我们承诺严格按照本隐私政策处理您的个人信息,其他通用信息,
"我们在此提醒您：  
在您注册登录扫启信宝，请您务必认真阅读本隐私政策，充分理解各条款内容",其他通用信息,
您知晓并确认，当您勾选或点击“同意”本隐私政策，就表示您同意我们按照本隐私政策处理您的个人信息,其他通用信息,
本隐私政策适用范围包括但不限于启信宝网站（https://www.qixin.com/）、启信宝APP、启信宝小程序、供调用的启信宝应用程序编程接口（API）或启信宝应用软件开发工具包（SDK）,其他通用信息,
"==========
 **本隐私政策将帮助您了解以下内容：**  
一、 我们如何收集和使用您的个人信息  
二、 我们如何保存您的个人信息  
三、 我们如何共享、转让、公开披露您的个人信息  
四、 我们如何使用Cookie技术  
五、 第三方产品或服务如何获得您的个人信息  
六、 我们如何保护您的个人信息  
七、 您如何管理您的个人信息  
八、 我们如何处理未成年人的个人信息  
九、 本隐私政策如何更新  
十、 如何联系我们  
==========
 **一、 我们如何收集和使用您的个人信息**  
我们将启信宝的业务功能分为基本业务功能、扩展业务功能两类：  
（1） 基本业务功能是实现企业信息查询必备的功能，包括查企业、查老赖、查判决",其他通用信息,
（2） 扩展业务功能包括人脉雷达、附近企业、金融服务、账户个性化设置,其他通用信息,
"（一） 基本业务功能中我们收集和使用您个人信息的情形  
 **1\. 完成注册**  
当您注册启信宝时，我们需要收集您的 ** _手机号码_ 、登录密码**",第一方收集_使用,何时采集
我们收集您的上述信息是为了帮助您完成启信宝账户的注册，保护您的账户安全，,第一方收集_使用,采集的目的
"您还可以根据您的自身需求选择向我们提供 **您的头像、昵称、绑定您的微信账户** ，以完善您的个人资料或增加账户登录便捷性，
**但您不提供这些信息，不影响您正常使用我们的服务**",第一方收集_使用,对数据的使用
"**2\. 企业信息查询**  
当您进行企业信息查询并想要获取查询报告时，我们需要您填写
**收件地址、邮箱地址或联系电话",第一方收集_使用,何时采集
如您不同意我们收集收件信息，您可能因无法获得企业信息查询报告而不能正常使用我们的服务，但不影响您仅进行企业信息查询操作**,第一方收集_使用,用户选择所造成的影响
"**3\. 保障网络访问和服务的基本安全**  
为了保障网络访问和服务的基本安全，我们需要收集您的 **IMEI或 IDFA、IP地址、MAC、访问日期和时间、服务日志信息**",第一方收集_使用,采集的目的
我们收集您的上述信息是为了保障网络访问和应用运行安全，由于您无法关闭收集上述数据的权限， **如您不提供这类信息，则您将无法使用我们的服务**,第一方收集_使用,用户选择所造成的影响
"**4\. 保障服务的可靠性和稳定性**  
为了保障服务的可靠性和稳定性，我们需要收集您的 **设备型号、操作系统版本、浏览器类型、使用的语言、接入网络的方式、网络质量数据、启信宝注册账户ID**",第一方收集_使用,采集的目的
我们还将通过友盟 SDK、诸葛IO SDK、腾讯Bugly SDK、Firebase SDK收集启信宝的运行数据和软件崩溃数据,与第三方共享_转让_公开,与第三方共享的个人信息类型
我们收集您的上述信息是为了保障应用运行的可靠性稳定性，由于您无法关闭收集上述数据的权限，**如您不提供这类信息，则您将无法使用我们的服务**,第一方收集_使用,用户选择所造成的影响
"==========
（二） 扩展业务功能中我们收集和使用您个人信息的情形  
 **1\. 人脉雷达**  
当您使用人脉雷达功能时，您需要主动上传您的 ** _通讯录_",第一方收集_使用,何时采集
我们将会收集、读取您通讯录中联系人的名称及联系方式**（此处提请您注意，在您选择该功能时，您需获得您的联系人的同意，包括向其发送短信、邮件等行为）,第一方收集_使用,采集的个人信息类型
**如您拒绝上传通讯录，我们将无法为您提供人脉雷达功能，但不影响您正常使用我们的其他功能**,第一方收集_使用,用户选择所造成的影响
"**2\. 附近企业**  
当您使用附近企业功能时，我们将会收集您的 **实时位置信息**",第一方收集_使用,何时采集
我们收集实时位置信息是为了确认您当前的位置，帮助您查找附近的企业,第一方收集_使用,对数据的使用
**如果您拒绝开启实时位置信息，我们将无法为您提供附近企业功能，但不影响您正常使用我们的其他功能**,第一方收集_使用,用户选择所造成的影响
"**3\. 企业认证**  
当您使用企业认证功能时，我们将会收集您的 **姓名、职位、营业执照、 _身份证号码_**",第一方收集_使用,何时采集
我们收集前述信息是为了验证您的企业信息，帮助您自主维护企业信息，增加专属认证标识，提升企业曝光度，进行企业访客统计,第一方收集_使用,采集的目的
**如果您拒绝提交前述信息，我们将无法为您提供企业认证功能，但不影响您正常使用我们的其他功能**,第一方收集_使用,用户选择所造成的影响
"**4\. 支付结算**  
当您在启信宝进行支付结算时，我们会收集您的 **订单信息、交易状态**，我们会从微信、支付宝获取您的付款是否成功的信息，我们收集上述信息是为了确认您的订单状态以向您提供服务，保护您的财产安全以及处理用户纠纷，",第一方收集_使用,何时采集
如您申请开具电子发票，我们需要通过百望API收集您的**邮箱地址、订单号、价格、发票抬头、纳税人识别号,第一方收集_使用,采集的个人信息类型
如果您申请开具纸质增值税专用发票，我们需要收集您的收件人姓名、收件地址、联系电话、公司开票信息（发票抬头、开户行名称、开户行账号、纳税人识别号、公司地址、联系方式）**,第一方收集_使用,采集的个人信息类型
如您不提供这些信息，我们无法为您开具发票，但不影响您正常使用我们的其他服务,第一方收集_使用,用户选择所造成的影响
"**5\. 账户昵称和功能设置** 
 当您对账户进行个性化设置时， **我们需要收集您的账户昵称、功能设置选项**",第一方收集_使用,何时采集
我们收集您的上述信息是为了保护您的隐私，或保证生成的文档符合或接近您的预期，,第一方收集_使用,采集的目的
"**6\. 个性化推荐**  
为了向您提供您可能感兴趣的产品或服务，",第一方收集_使用,采集的目的
我们可能与进行推广和广告投放的合作伙伴共享信息，但我们不会共享用于识别您个人身份的信息（姓名、身份证号），仅会向这些合作伙伴提供不能识别您个人身份的间接画像标签及去标识化的设备信息或匿名化后的设备、网络、渠道等信息，以帮助其在不识别您个人身份的情况下提升广告有效触达率,与第三方共享_转让_公开,与第三方共享的目的
我们可能与业务的服务商、供应商和其他合作伙伴共享分析去标识化的设备信息或统计信息，这些信息难以或无法与您的真实身份相关联,与第三方共享_转让_公开,与第三方共享的个人信息类型
这些信息将帮助我们分析、衡量广告和相关服务的有效性,其他通用信息,
"**7\. 一键登录**  
当您使用一键登录服务时，电信运营商会通过卓望将您的 **手机号码** 发送给我们，我们收集上述信息是为了帮助您完成一键登录，",第一方收集_使用,何时采集
"**8\. 商业推广**  
我们会向您的 **手机号码、邮箱地址发送启信宝的产品推广信息**，",第一方收集_使用,对数据的使用
**我们将无法正常向您提供商业推广信息，但不影响您正常使用我们的其他服务**,第一方收集_使用,用户选择所造成的影响
"**9\. 客户服务**  
在您通过向我们提出投诉、建议或进行反馈时，为便于与您联系、尽快帮助您解决问题或记录相关问题的处理方案及结果，我们可能会收集您与我们的 **_通信或通话记录_、您提供的账号信息、您提供的联系方式信息、您为了证明相关事实提供的信息、程序运行日志、设备信息、系统版本、设备语言国家**",第一方收集_使用,采集的个人信息类型
我们收集上述信息是为了完成客户服务，,第一方收集_使用,采集的目的
"==========
**二、 我们如何保存您的个人信息**  
我们将在本隐私政策载明的目的所需的最短保存期限之内，保存您的个人信息，除非法律法规另有规定，或您向我们另行授权延长保存期限",数据安全,数据存储期限
前述期限届满后，我们将对您的个人信息做删除或匿名化处理,数据安全,是否有交互
我们将您的个人信息保存在中国境内,数据安全,数据存储/跨境传输的目的
如您要求将您的个人信息传输到境外，请您通过kefu@qixin.com联系我们，我们会遵守相关法律规定进行处理,数据安全,跨境传输
"==========
 **三、 我们如何共享、转让、公开披露您的个人信息**  
 **1\. 共享**  
 _
**您同意我们为向您提供服务而向支持我们功能的关联方共享您的个人信息",与第三方共享_转让_公开,何时与第三方共享
这些支持包括为我们提供基础设施技术服务、支付服务、数据处理等，支持我们功能的关联方无权将您的个人信息用于与本隐私政策所载明的目的无关的其他用途,与第三方共享_转让_公开,与第三方共享的目的
如要改变个人信息的处理目的，他们将另行征得您的授权同意,与第三方共享_转让_公开,第三方对数据的使用
"**
我们目前不会将您的个人信息共享给除关联方以外的第三方_，如需将您的个人信息共享给 _除关联方以外的第三方_ ，我们会另行征求您的同意",与第三方共享_转让_公开,是否有交互
"**2\. 转让**  
我们不会将您的个人信息转让给任何公司、组织和个人，但在涉及合并、收购或破产清算时，如涉及到个人信息转让，我们会向您告知，并要求新的持有您个人信息的公司、组织继续受此个人信息保护政策的约束，否则我们将要求该公司、组织重新向您征求授权同意",与第三方共享_转让_公开,何时与第三方共享
"**3\. 公开披露**  
我们仅会在另行获得您明确同意，或基于法律规定，或行政机关或司法机关的合法要求时，公开披露您的个人信息",与第三方共享_转让_公开,何时与第三方共享
根据法律规定、行政机关或司法机关的要求所必须提供您个人信息的情况下，我们可能会依据所要求的个人信息类型和披露方式公开披露您的个人信息,与第三方共享_转让_公开,何时与第三方共享
在符合法律的前提下，当我们收到上述披露信息的要求时，我们会要求必须出具与之相应的法律文件，如传票或调查函,与第三方共享_转让_公开,何时与第三方共享
我们将对所有的要求都进行慎重的审查，以确保其具备合法依据，且仅限于执法部门因特定调查目的且有合法权力获取的数据,与第三方共享_转让_公开,何时与第三方共享
"==========
 **四、 我们如何使用Cookie技术**  
1、 当您使用启信宝网站时，为您获得更轻松的访问体验，我们会在您的终端设备上存储名为 Cookie的小数据文件",第一方收集_使用,使用的目的
Cookie通常包含标识符、站点名称以及一些号码和字符,其他通用信息,
借助于Cookie，网站能够存储您的登录记录,第一方收集_使用,使用的目的
我们向您发送Cookie是为了简化您重复登录的步骤,第一方收集_使用,使用的目的
2、 我们不会将 Cookie 用于本隐私政策所述目的之外的任何用途,其他通用信息,
您可根据自己的偏好管理或删除Cookies,用户访问_编辑_删除的方法,用户可以进行的操作
有关详情，请参见https://www.aboutcookies.org/,其他通用信息,
您可以清除计算机上保存的所有Cookie，大部分网络浏览器都设有阻止 Cookies的功能,用户访问_编辑_删除的方法,用户可以进行的操作
但如果您这么做，则需要在每一次访问我们的网站时更改用户设置，而且您之前所记录的相应信息也均会被删除，并且可能会对您所使用服务的安全性有一定影响,用户访问_编辑_删除的方法,用户可以进行的操作
如需详细了解如何更改浏览器设置，请访问您使用的浏览器的相关设置页面,用户访问_编辑_删除的方法,用户可以进行的操作
"==========
 **五、 第三方产品或服务如何获得您的个人信息**  
您同意并理解，为了更好地提供服务，我们的产品可能会集成或接入第三方服务，如SDK、API或H5等",与第三方共享_转让_公开,第三方相关实体
这些第三方服务商独立运营，单独获得您的授权同意，直接收集您的个人信息,第三方搜集_使用,对于第三方的约束
【 _第三方服务_】以进一步了解,第三方搜集_使用,采集的目的
"==========
 **六、 我们如何保护您的个人信息**  
我们非常重视用户个人信息的安全",数据安全,安全措施
为此，我们采取了行业通行的数据保护技术与管理措施，例如网络隔离、数据加密、访问控制等措施,数据安全,安全措施
请您知悉，虽然我们依法采取了合理的措施保护您的信息，但没有任何系统或网络是绝对安全的,数据安全,安全措施
如果我们的物理、技术或管理防护设施遭到破坏，导致信息被非授权访问、公开披露、篡改、或毁坏，导致您的合法权益受损，我们将在法律规定的范围内承担责任，我们也将尽最大努力追究侵权人的法律责任，同时希望您尽最大努力配合我们的工作,数据安全,发生安全事故的处理方式
在不幸发生个人信息安全事件后，我们将按照法律法规的要求向您告知：安全事件的基本情况和可能的影响、我们已采取或将要采取的处置措施、您可自主防范和降低风险的建议、对您的补救措施等,数据安全,发生安全事故的处理方式
事件相关情况我们将以邮件、信函、电话、推送通知等方式告知您，难以逐一告知个人信息主体时，我们会采取合理、有效的方式发布公告,数据安全,是否有交互
同时，我们还将按照监管部门要求，上报个人信息安全事件的处置情况,数据安全,是否有交互
我们的个人信息安全责任部门为【信息安全委员会】，联络方式及投诉渠道电话为400-8286-855，邮箱为kefu@qixin.com,数据安全,是否有交互
"==========
 **七、 您如何管理您的个人信息**  
在您使用启信宝期间，您可以访问、更正、删除您的个人信息，以及行使改变授权同意的范围与注销账号的权利，您的意见会及时得到处理",用户访问_编辑_删除的方法,用户可以进行的操作
"**1\. 访问您的个人信息**  
您有权访问您的个人信息，法律法规规定的例外情况除外",用户访问_编辑_删除的方法,用户可以进行的操作
"如果您想行使数据访问权，可以
**在登录启信宝网站、启信宝APP、启信宝小程序后，请点击“我”图标进行访问**",用户访问_编辑_删除的方法,操作的途径
如果您无法自行访问您的个人信息，请联系客服进行访问,用户访问_编辑_删除的方法,用户可以进行的操作
"**2\. 更正您的个人信息**  
当您发现我们处理的关于您的个人信息有错误时，您有权要求我们作出更正",用户访问_编辑_删除的方法,用户可以进行的操作
对于6.8.5版本及以上的用户， **请点击右下角“我”图标，并点击最上方的用户名**,用户访问_编辑_删除的方法,操作的途径
如果您使用的为启信宝API或SDK或无法自行更正您的个人信息，请联系客服进行更正,用户访问_编辑_删除的方法,用户可以进行的操作
"**3\. 更新您的个人信息**  
您有权更新您的个人信息",用户访问_编辑_删除的方法,用户可以进行的操作
"如您需更换账号绑定的手机号码、微信号码、邮箱、密码信息，如果您使用的是启信宝App，请在启信宝
App内自行更改或联系客服更改",用户访问_编辑_删除的方法,操作的途径
如果您使用的是启信宝网站、启信宝小程序、启信宝API或SDK，请联系客服更改,用户访问_编辑_删除的方法,操作的途径
"**4\. 删除您的个人信息**  
对于您上传的个人信息，您可以在“我-编辑-
我的资料”页面自行删除",用户访问_编辑_删除的方法,操作的途径
"在以下情形中，您可以向我们提出删除个人信息的请求，但已做匿名化处理或法律法规另有规定的除外：  
 **（1） 我们违反法律法规或与您的约定收集、使用个人信息",其他通用信息,
"**  
 **（2） 我们违反法律法规或与您的约定与第三方共享或转让您的个人信息，我们将立即停止共享、转让行为，并通知第三方及时删除",其他通用信息,
"**  
 **（3） 我们违反法律法规规定或与您的约定，公开披露您的个人信息，我们将立即停止公开披露的行为，并发布通知要求相关接收方删除相应的信息",其他通用信息,
"**  
 **（4） 您不再使用我们的产品或服务，或您注销了账号，或我们终止服务及运营",其他通用信息,
"**  
若我们决定响应您的删除请求，我们还将根据法律法规和标准文件的规定，同时通知从我们获得您的个人信息的实体，要求其及时删除，除非法律法规另有规定，或这些实体获得您的独立授权",用户访问_编辑_删除的方法,供应商动作
当您从我们的服务中删除信息后，我们可能不会立即在备份系统中删除相应的信息，但会在备份更新时删除这些信息,用户访问_编辑_删除的方法,供应商动作
"**5\. 改变您授权同意的范围**  
您可以通过手机权限设置或本隐私政策载明的方式与我们联系，以改变同意范围或撤回您的授权",用户访问_编辑_删除的方法,用户可以进行的操作
请您理解，启信宝可能需要开启部分权限并收集必要的个人信息才能得以实现部分服务,第一方收集_使用,采集的目的
当您撤回您的同意时，我们将无法继续为您提供撤回同意所对应的服务，但不会影响此前基于您的授权而开展的个人信息处理服务,第一方收集_使用,用户选择所造成的影响
"**6\. 注销账户**  
您可以通过“我-账号与同步-账号管理-注销账号”页面自助申请注销您的账号，我们将在十五个工作日内进行处理",用户访问_编辑_删除的方法,操作的途径
"如果您有任何疑问，请通过以下方式与我们联系：  
客服电话：400-8286-855  
企业邮箱：kefu@qixin.com  
您注销上述账户的行为是不可逆的，我们将停止为您提供产品或服务，不再收集您的个人信息，并依据您的要求删除与您账户相关的个人信息或做匿名化处理，但法律法规另有规定或监管部门另有要求的除外",用户访问_编辑_删除的方法,供应商动作
"**7\. 获取个人信息副本**  
您可以通过本隐私政策载明的方式与我们联系，以获取您的个人信息副本",用户访问_编辑_删除的方法,用户可以进行的操作
"客服电话：400-8286-855  
客服邮箱：kefu@qixin.com  
 **8\. 响应您的上述请求**  
如您无法按照上述方式行使权利的，您可以采取本隐私政策载明的联系方式与我们联系",其他通用信息,
为保障安全，您可能需要提供书面请求，或以其他方式证明您的身份,其他通用信息,
我们可能会先要求您验证自己的身份，然后再处理您的请求,其他通用信息,
对于您的合理请求，我们原则上不收取费用，但对多次重复、超出合理限度的请求，我们将酌情收取一定成本费用,其他通用信息,
对于那些无端重复、需要过多技术手段、给他人合法权益带来风险或者非常不切实际的请求，我们可能会予以拒绝,其他通用信息,
如果您的请求被拒绝，我们将告知您拒绝的原因，您可以通过本隐私政策载明的联系方式进行投诉,其他通用信息,
"**9\. 响应情形的例外**  
在以下情形中，我们将无法响应您的请求:  
（1） 与我们履行法律法规规定的义务相关的",其他通用信息,
（2） 与国家安全、国防安全直接相关的,其他通用信息,
（3） 与公共安全、公共卫生、重大公共利益直接相关的,其他通用信息,
（4） 与刑事侦查、起诉、审判和执行判决等直接相关的,其他通用信息,
（5） 我们有充分证据表明个人信息主体存在主观恶意或滥用权利的,其他通用信息,
（6） 出于维护个人信息主体或其他个人的生命、财产等重大合法权益但又很难得到本人同意的,其他通用信息,
（7） 响应个人信息主体的请求将导致个人信息主体或其他个人、组织的合法权益受到严重损害的,其他通用信息,
（8） 涉及商业秘密的,其他通用信息,
"==========
 **八、 我们如何处理未成年人的个人信息**  
我们的产品或服务主要面向成年人（即18周岁以上），在提供产品或服务的过程中，我们推定您具有相应的民事行为能力",面向特定人群用户条款,群体类型
如您为未成年人（即未满18周岁，下同），我们要求您请您的父母或其他监护人仔细阅读本隐私权政策，并在征得您的父母或其他监护人同意的前提下使用我们的服务或向我们提供信息,面向特定人群用户条款,群体类型
若您是未成年人的法定监护人，请您关注您所监护的未成年人是否是在取得您的授权同意之后使用我们的产品或服务,面向特定人群用户条款,群体类型
如果您对您所监护的未成年人的个人信息有疑问，请通过本隐私政策载明的方式与我们联系,面向特定人群用户条款,群体类型
特别地，若您是儿童（即不满14周岁，下同），为保护儿童个人信息，我们还发布了《 [_启信宝儿童隐私保护指引_](/child-privacy)》,面向特定人群用户条款,群体类型
在您使用我们的产品或服务前，您及您的监护人还应仔细阅读《 [_启信宝儿童隐私保护指引_](/child-privacy) 》,面向特定人群用户条款,群体类型
只有在取得监护人对《[_启信宝儿童隐私保护指引_](/child-privacy) 》的同意后，您方可使用我们的产品或服务,面向特定人群用户条款,群体类型
"==========
 **九、 本隐私政策如何更新**  
我们的隐私政策可能会适时发生变更",条款更改,更改原因
我们会在本页面上发布对本隐私政策所做的任何变更,条款更改,告知方式
对于重大变更，我们还会提供更为显著的通知（我们可能会通过在浏览页面做特别提示或通过推送通知方式，说明隐私政策的具体变更内容）,条款更改,告知方式
未经您明确同意，我们不会削减您按照本隐私政策所应享有的权利,条款更改,告知方式
本隐私政策所指的重大变更包括但不限于:我们的服务模式发生重大变化,其他通用信息,
个人信息共享、转让或公开披露的主要对象发生变化,其他通用信息,
您参与个人信息处理方面的权利及其行使方式发生重大变化,其他通用信息,
我们负责处理个人信息安全的责任部门、联络方式及投诉渠道发生变化,其他通用信息,
个人信息安全影响评估报告表明存在高风险时,其他通用信息,
"==========
 **十、 如何联系我们**  
如果您对本隐私政策或个人信息保护有任何问题、意见或建议，请通过以下方式与我们联系：  
客服电话：400-8286-855  
客服邮箱：kefu@qixin.com  
我们收到您的问题、意见或建议，并验证您的用户身份后，我们将在十五个工作日内回复",其他通用信息,
如果您对我们的回复不满意，特别是我们的个人信息处理行为损害了您的合法权益，您还可以向网信、电信、公安及工商等监管部门进行投诉或举报,其他通用信息,
"==========
######  **附件1 第三方服务列表**
功能类型| 使用目的| 第三方名称| 涉及个人信息| 第三方隐私政策  
---|---|---|---|---  
附近企业| 根据用户选择，为用户提供实时定位服务| 高德（高德软件有限公司）| 位置信息|<http://map.amap.com/doc/serviceitem.html>  
支付结算| 根据用户选择，为用户提供支付功能| 微信支付（深圳市腾讯计算机系统有限公司）| 设备信息|[https://weixin.qq.com/cgi-bin/readtemplate?uin=&stype;=&promote;=&fr;=?=zh_CN&ADTAG;=?=false&nav;=faq&t;=weixin_agreement&s;=pay](https://weixin.qq.com/cgi-bin/readtemplate?uin=&stype=&promote=&fr=&lang=zh_CN&ADTAG=&check=false&nav=faq&t=weixin_agreement&s=pay)  
支付宝（支付宝（中国）网络技术有限公司）| 设备信息| <https://render.alipay.com/p/c/k2cx0tg8>  
个性化推荐| 根据用户选择，为用户提供个性化推荐| 极光（深圳市和讯华谷信息技术有限公司）| 设备信息|<https://www.jiguang.cn/license/privacy>  
华为（华为技术有限公司）| 设备信息| <https://www.huawei.com/cn/privacy-policy>  一键登录| 根据用户选择，为用户提供一键登录功能| 
中国移动（中国移动通信集团有限公司）| 网络状态、IMSI|<https://wap.cmpassport.com/resources/html/contract.html>  
中国电信 （中国电信集团）| 网络状态、IMSI| <https://id.189.cn>  
中国联通（中国联合网络通信有限公司）| 网络状态、IMSI|<https://opencloud.wostore.cn/authz/resource/html/disclaimer.html?fromsdk=true>  
云服务商| 根据用户选择，为用户提供云端存储功能| Google Drive| 用户上传的文档|<https://cloud.google.com/security/gdpr>  
Dropbox| 用户上传的文档| <https://www.dropbox.com/zh_CN/security/gdpr>  
Box| 用户上传的文档| <https://www.box.com/gdpr>  
Evernote| 用户上传的文档| <https://www.yinxiang.com/legal-privacy/>  
OneDrive/ OneNote| 用户上传的文档| <https://www.microsoft.com/en-us/TrustCenter/Privacy/gdpr/default.aspx>  
百度云| 用户上传的文档| <https://pan.baidu.com/wap/privacy_policy_android_sdk>  
第三方账号登录| 根据用户选择，为用户提供第三方账号登录功能| 微信(深圳市腾讯计算机系统有限公司)| 设备信息|[https://weixin.qq.com/cgi-bin/readtemplate?lang=zh_CN&t;=weixin_agreement&s;=privacy](https://weixin.qq.com/cgi-bin/readtemplate?lang=zh_CN&t=weixin_agreement&s=privacy)  
QQ(深圳市腾讯计算机系统有限公司)| 设备信息| <https://privacy.qq.com/>  
Apple ID（Apple Inc.）| 设备信息| <https://www.apple.com.cn/privacy/>  
信息分享| 根据用户选择，为用户提供内容分享至第三方平台功能| 微博（北京微梦创科网络技术有限公司）| 设备信息|<https://weibo.com/signup/v5/privacy?spm=a1zaa.8161610.0.0.4f8776217Wu8R1>  
微信（腾讯科技（深圳）有限公司）| WIFI状态、手机状态、网络状态| <https://open.weixin.qq.com/cgi-bin/frame?t=news/protocol_developer_tmpl>  
QQ(深圳市腾讯计算机系统有限公司)| 设备信息| <https://privacy.qq.com/>  
崩溃统计| 为用户提供数据统计及崩溃问题收集功能| 友盟（北京锐讯灵通科技有限公司）| 日志信息|<https://www.umeng.com/page/policy>  
诸葛IO（北京诸葛云游科技有限公司）| 日志信息| <https://zhugeio.com/>  
腾讯(Tencent International Service Pte. Ltd.）| 设备信息|<https://www.tencent.com/zh-cn/privacy-policy.html>  
Firebase(谷歌信息技术（中国）有限公司| 设备信息| <https://firebase.google.com/support/privacy>  
短信服务| 为用户提供短信服务| 深圳市梦网科技发展有限公司| 手机号码|<https://www.montnets.com/list-68.html#a0>  
邮件服务| 为用户提供邮件服务| Sendcloud| 邮箱地址|<https://sendcloud.sohu.com/aboutus.html#agreement>  
==========",其他通用信息,
**如您不提供这类信息，我们将无法为您创建账户并正常向您提供服务**,第一方收集_使用,用户选择所造成的影响
**如您不提供这类信息，则我们将无法为您提供账户昵称和功能设置服务，但不影响您正常使用我们的其他服务**,第一方收集_使用,用户选择所造成的影响
并将上述信息与您使用其他产品或服务时所提供或产生的信息结合，进行处理与数据分析，形成用户画像，以便将您感兴趣的产品或服务信息优先展示给您，或向您发送营销活动通知、商业性电子广告等,第一方收集_使用,对数据的使用
我们会收集您的**机设备标识符（IMEI、IDFA、通过算法得出的唯一标识），手机系统的语言、国家、城市、IP地址、您的操作记录** ，以及通过极光SDK、华为SDK收集**设备信息、网络信息、地理位置、信息时间戳、应用分发渠道**，,第一方收集_使用,采集的个人信息类型
**如您不同意我们收集上述信息，您可能因无法完成支付结算而无法购买增值服务（如VIP会员服务、报告服务）**,第一方收集_使用,用户选择所造成的影响
**如您不同意我们收集这类信息，启信宝可能因无法识别您的手机号而无法实现一键登录，但不影响您正常使用我们的其他服务**,第一方收集_使用,用户选择所造成的影响
如您接收到商业推广信息，您可以按照推广信息载明的方式或按照本隐私政策提供的方式与我们联系以退订推广信息,第一方收集_使用,是否有交互
**如您不提供这类信息，您的投诉、建议和反馈可能无法得到及时、有效处理，但不影响您正常使用我们的其他服务**,第一方收集_使用,用户选择所造成的影响
