"a.eenfgEGbsBE9u_cHSOcQmcAFDy-0502_cc_septnet_student.txt





Apkid:cc.septnet.student
七天学堂隐私保护政策
最近更新日期：2019年 05 月 20 日
==========
安徽七天教育科技有限公司为七天学堂产品母公司（下称“本公司”），为了尊重并保护您的隐私，七天学堂服务提供者（或简称“我们”）特制定如下《隐私政策》（下称“本政策”），将帮助您了解如下内容：
一、我们如何收集及使用您的个人信息
二、我们如何存储及保护您的个人信息
三、我们如何对外提供您的个人信息
四、您如何访问及管理您的个人信息
五、未成年人隐私特别约定
六、隐私政策的更新及告知
七、如何联系我们
==========
一、我们如何收集及使用您的个人信息
1.1 在您注册七天学堂账户时，您将提供手机号码",其他通用信息,
您提供的手机号码将用于验证身份,第一方收集_使用,对数据的使用
在注册过程中如果您提供以下额外的信息，将有助于我们给您提供更好的服务和体验：昵称、头像、姓名、性别、生日,第一方收集_使用,采集的个人信息类型
手机号码属于核心信息，如果您不提供前述信息，将无法完成注册,第一方收集_使用,用户选择所造成的影响
"1.2
当您或者您的被监护人是本公司名下其他服务的使用者，同时您需要使用七天学堂提供的成绩单、考试情况、考试解读、学习计划、学习管理等服务时，您将通过订阅授权我们使用您或者您的被监护人在本公司名下其他服务产生的学习数据",面向特定人群用户条款,用户选择
您授权提供的学习数据属于核心信息，如果您不提供前述信息，将无法使用本条所述服务，但不影响您正常使用七天学堂的其他功能,第一方收集_使用,用户选择所造成的影响
"1.3 当您使用七天学堂的特定功能时，我们会记录对应信息，您有权拒绝提供或拒绝授权许可，拒绝仅使您无法使用该功能，但不影响您正常使用七天学堂的其他功能：
1.3.1
当您使用志愿填报增值服务时，您将可能提供考生省份、分数等信息以满足您的服务需求",第一方收集_使用,用户选择所造成的影响
按您的需求还可能需要您提供排名信息,第一方收集_使用,采集的个人信息类型
当您支付完成志愿填报增值服务时，我们将记录您的相关支付记录用于您查询订单,第一方收集_使用,对数据的使用
"1.4 在您使用七天学堂的过程中，为了更好地为您提供服务，我们会按照如下方式收集您因使用服务而产生的信息：
1.4.1
基于提供服务和解决问题的必要性，也为了提高您使用我们服务的安全性，防止您的个人信息被不法分子获取，我们会收集您的设备型号、操作系统类型及版本号、GPS信息、唯一设备标识符、登录IP地址、接入网络的方式和类型、设备加速器、重力感应设备等信息",第一方收集_使用,采集的个人信息类型
如您不提供前述信息，可能无法完成风控验证,第一方收集_使用,用户选择所造成的影响
您可随时关闭如GPS、设备加速器等权限，如需再次启动使用，我们将会提示您进行授权,第一方收集_使用,用户的选择
1.4.2 业务统计中会对用户数据做匿名处理后进行分析，例如日活数据、用户分布、业务报表等,第一方收集_使用,对数据的使用
"1.5 在您使用七天学堂服务的过程中，
我们的某些服务和/或功能将由授权合作伙伴直接提供，您将直接向第三方服务商提供相应信息，以满足您的服务需求",与第三方共享_转让_公开,与第三方共享的目的
以上事项视为您向第三方服务商作出的独立授权,其他通用信息,
"请您在提供信息前，仔细阅读对应服务协议和/或隐私政策：
1.5.1 当您进行支付结算时，支付平台会收集您提供的银行卡卡号、银行预留手机号码，或者信用卡卡号、持卡人姓名、到期日期信息以满足支付需求",第一方收集_使用,何时采集
上述信息属于核心信息，拒绝提供该信息仅会使您无法完进行支付，但不影响您正常使用七天学堂的其他功能,第一方收集_使用,用户选择所造成的影响
1.6 您在浏览我们免费提供的文字、图片或者视频的过程中，若遇到应版权方要求而删除的，我们将不会另行通知，由此给您带来的不便敬请谅解,第一方收集_使用,是否有交互
1.6 当我们要将信息用于本政策未载明的其它用途或改变用途时，会事先征求您的同意,其他通用信息,
"==========
二、我们如何存储及保护您的个人信息
2.1 保存期限：
2.1.1
我们存储数据，直至达成本政策所述目的或直至您提出删除请求，以较早发生者为准，相关法律另有规定的除外",数据安全,数据存储期限
具体取决于数据的性质、收集和处理数据的原因或运营留存需要等,数据安全,个人信息类型
2.1.2 当我们的产品或服务发生停止运营的情形时，我们将以推送通知、公告等形式通知您，并在合理的期限内删除您的个人信息或进行匿名化处理,数据安全,是否有交互
2.2 保存地域,其他通用信息,
您的个人信息均储存于中华人民共和国境内，如需跨境传输，我们将会单独征得您的授权同意,数据安全,跨境传输
"2.3 安全措施：
2.3.1 我们会以“最小化”原则收集、使用、存储和传输用户信息，并通过用隐私政策告知您相关信息的使用目的和范围",数据安全,安全措施
2.3.2我们非常重视信息安全,数据安全,安全措施
我们努力为用户的信息安全提供保障，防止数据遭到未经授权访问、公开披露、使用、修改、损坏或丢失,数据安全,安全措施
"2.3.3
我们将在合理的安全水平内使用各种安全保护措施以保障信息的安全",数据安全,安全措施
例如，我们会使用加密技术（如SHA1、MD5、SSL）、匿名化处理等手段来确保数据的保密性,数据安全,安全措施
我们会使用受信赖的保护机制防止数据遭到恶意攻击,数据安全,安全措施
"2.3.4
我们建立专门的管理制度、流程和组织以保障信息的安全",数据安全,安全措施
例如，我们会部署访问控制机制，确保只有授权人员才可访问个人信息,数据安全,安全措施
以及我们会举办安全和隐私保护培训课程，加强员工对于保护个人信息重要性的认识,数据安全,安全措施
"2.3.5
我们也请您理解，在互联网行业由于技术的限制和飞速发展以及可能存在的各种恶意攻击手段，即便我们竭尽所能加强安全措施，也不可能始终保证信息的百分之百安全",数据安全,安全措施
请您了解，您使用我们的产品和/或服务时所用的系统和通讯网络，有可能在我们控制之外的其他环节而出现安全问题,数据安全,安全措施
"2.3.6
在不幸发生个人信息安全事件后，我们将按照法律法规的要求，及时向您告知：安全事件的基本情况和可能的影响、我们已采取或将要采取的处置措施、您可自主防范和降低风险的建议、对您的补救措施等",数据安全,发生安全事故的处理方式
我们将及时将事件相关情况以邮件、信函、电话、推送通知等方式告知您，难以逐一告知个人信息主体时，我们会采取合理、有效的方式发布公告,数据安全,是否有交互
同时，我们还将按照监管部门要求，主动上报个人信息安全事件的处置情况,数据安全,发生安全事故的处理方式
"==========
三、我们如何对外提供您的个人信息
3.1 七天教育不会将您的个人信息转移或披露给任何非关联的第三方，除非：
(1) 已取得您的书面同意",与第三方共享_转让_公开,何时与第三方共享
(2) 相关法律法规或法院、政府机关要求,与第三方共享_转让_公开,何时与第三方共享
(3) 为完成合并、分立、收购或资产转让而转移,与第三方共享_转让_公开,何时与第三方共享
(4) 相关信息已被公开或为公众知悉,与第三方共享_转让_公开,何时与第三方共享
(5) 任何由于黑客攻击、电脑病毒侵入及其他不可抗力事件导致用户个人隐私信息的泄露,与第三方共享_转让_公开,何时与第三方共享
(6) 为提供您要求的服务所必需,与第三方共享_转让_公开,何时与第三方共享
"3.2 仅为实现本政策中声明的目的，本协议1.5条的服务将由授权合作伙伴提供，
我们可能会在经过您的明确许可前提下向合作伙伴共享您的信息，以保障为您提供的服务顺利完成",与第三方共享_转让_公开,与第三方共享的目的
我们仅会出于合法、正当、必要、特定、明确的目的共享您的个人信息，并且只会共享提供服务所必要的个人信息,与第三方共享_转让_公开,与第三方共享的个人信息类型
"==========
四、您如何访问及管理您的个人信息
4.1 访问您的个人信息
您有权访问您的个人信息，法律法规规定的例外情况除外",其他通用信息,
"您可以通过以下方式自行访问您的个人信息：
4.1.1 常用信息――您可以登录app后通过“我的”的栏目，查看编辑或关闭您的订阅授权，常用信息",用户访问_编辑_删除的方法,操作的途径
4.1.2 已学课程信息――您可以登录app后通过“我的->已学课程”栏目，查看或删除已学课程记录,用户访问_编辑_删除的方法,操作的途径
4.1.3 收藏资讯信息――您可以登录app后通过“我的->我的收藏”栏目，查看或删除收藏资讯记录,用户访问_编辑_删除的方法,操作的途径
4.1.4 订单信息――您可以登录app后通过“我的->我的订单”的栏目，查看或删除订单信息,用户访问_编辑_删除的方法,操作的途径
4.1.5 app授权――您可以打开设备中的应用列表，查看或关闭给予七天学堂app的授权,用户访问_编辑_删除的方法,操作的途径
"4.2 更正或补充您的个人信息
当您发现我们处理的关于您的个人信息有错误时， 您可以通过“4.1 访问您的个人信息”中列明的方式提出更正或补充申请",用户访问_编辑_删除的方法,操作的途径
"4.3 删除您的个人信息
在以下情形中，您可以向我们提出删除个人信息的请求：
如果我们处理个人信息的行为违反法律法规",用户访问_编辑_删除的方法,用户可以进行的操作
如果我们收集、使用您的个人信息，却未征得您的同意,其他通用信息,
如果我们处理个人信息的行为违反了与您的约定,其他通用信息,
如果您不再使用我们的产品或服务，或您注销了账号,其他通用信息,
如果我们不再为您提供产品或服务,其他通用信息,
若我们决定响应您的删除请求，我们还将同时通知从我们获得您的个人信息的第三方，要求其及时删除，除非法律法规另有规定，或这些第三方获得您的独立授权,其他通用信息,
当您从我们的服务中删除信息后，我们可能不会立即从备份系统中删除相应的信息，但会在备份更新时删除这些信息,其他通用信息,
"4.4 约束信息系统自动决策
在某些业务功能中，我们可能仅依据信息系统、算法等在内的非人工自动决策机制做出决定",用户访问_编辑_删除的方法,供应商动作
如果这些决定显著影响您的合法权益，您有权要求我们做出解释，我们也将提供适当的救济方式,用户访问_编辑_删除的方法,用户可以进行的操作
"4.5 响应您的上述请求
如果您通过4.1至4.4条所述路径操作或对您个人权利的保护存在任何问题，您可以通过本政策八条联系方式与我们取得联系",其他通用信息,
为保障安全，您可能需要提供书面请求，或以其他方式证明您的身份,用户访问_编辑_删除的方法,用户可以进行的操作
我们可能会先要求您验证自己的身份，然后再处理您的请求,用户访问_编辑_删除的方法,供应商动作
我们将在三十天内做出答复,用户访问_编辑_删除的方法,供应商动作
"==========
五、未成年人隐私特别约定
我们非常重视对未成年人个人信息的保护",面向特定人群用户条款,群体类型
若您是18周岁以下的未成年人，在使用我们的服务或产品前，应事先取得您的家长或法定监护人的同意并在他们的指导下使用,面向特定人群用户条款,群体类型
若您是未成年人的监护人，当您对您所监护的未成年人的个人信息有相关疑问或拒绝进一步收集被监护人信息，或要求我们删除被监护人信息，请通过第八条中的联系方式与我们联系,面向特定人群用户条款,用户选择
"==========
六、 隐私政策的变更及告知
我们可能会适时对本政策进行修订",其他通用信息,
未经您明确同意，我们不会削减您按照本政策所应享有的权利,其他通用信息,
我们会在本页面上发布对本政策所做的任何变更,条款更改,告知方式
当政策的条款发生任何实质性变更时，我们会在您登录及版本更新时以推送通知、弹窗的形式向您展示变更后的政策,条款更改,告知方式
请您注意，只有在您点击弹窗中的同意按钮后，我们才会按照更新后的政策收集、使用、存储您的个人信息,条款更改,用户选择
"==========
七、如何联系我们
您可以通过以下方式与我们取得联系：
安徽七天教育科技有限公司
安徽省合肥市新站区铜陵北路与颖河路交口新站总部经济大厦B楼1201室 数据及隐私保护中心（收）
邮编：230012
或拨打我们的客服热线 400-0309-776 转 数据及隐私保护专员
我们将尽快审核所涉问题，并在验证您的用户身份后的三十天内予以回复",其他通用信息,
