"aA3s0eKKjpxLysEGURrQoGYUsSUC-0505_com_biku_diary.txt





Apkid:com.biku.diary

==========
        比酷网络深知个人信息（含个人敏感信息）对你的重要性，并会全力保护你的个人信息安全",其他通用信息,
我们致力于维持你对我们的信任，恪守以下原则，保护你的个人信息：权责一致原则、目的明确原则、选择同意原则、最小必要原则、公开透明原则、确保安全原则、主体参与原则等,其他通用信息,
同时，比酷网络承诺，我们将按业界成熟的安全标准，采取相应的安全保护措施来保护你的个人信息,其他通用信息,
"==========
    本隐私政策（以下简称“本政策”）适用于比酷网络的所有相关产品与/或服务",其他通用信息,
如比酷网络及关联公司的产品与/或服务中使用了比酷网络提供的产品与/或服务但未设立独立的隐私政策的，则本政策同样适用于该产品与/或服务,其他通用信息,
如比酷网络及关联公司就其向你提供的产品与/或服务单独设立有隐私政策的，则相应的产品与/或服务适用于相应隐私政策,其他通用信息,
在使用比酷网络各项产品与/或服务前，请你务必仔细阅读并透彻理解本政策，并做出你认为适当的选择,其他通用信息,
一旦你开始使用比酷网络的各项产品与/或服务，即表示你已充分理解并同意本政策,其他通用信息,
需要提醒你注意，本隐私政策仅适用于我们所收集的信息，不适用于通过我们的产品与/或服务而接入的第三方产品与/或服务（包括任何第三方网站）收集的信息以及通过在我们产品与/或服务中进行广告服务的其他公司或机构所收集的信息,其他通用信息,
"==========
    本政策将帮助你了解以下内容：
    1、我们如何收集和使用你的个人信息
    2、我们如何使用Cookie 和同类技术
    3、我们如何共享、转让、公开披露你的个人信息
    4、我们如何保护你的个人信息
    5、你的权利
    6、关于儿童的个人信息
    7、你的个人信息如何在全球范围转移
    8、本政策如何更新
    9、如何联系我们
    10、争议解决
==========
    相关术语及定义
    1、比酷网络：指比酷网络网或对比酷网络网享有所有权或运营权的主体珠海比酷网络科技有限公司及其关联公司",其他通用信息,
2、个人信息：指以电子或者其他方式记录的能够单独或者与其他信息结合识别特定自然人身份或者反映特定自然人活动情况的各种信息，包括个人基本资料（姓名、出生日期）、个人身份信息（身份证、军官证、护照、工作证）、个人生物识别信息（个人基因、指纹）、网络身份标识信息（系统账号、IP地址、邮箱地址及前述有关的密码、口令、口令保护答案）、个人健康生理信息、个人教育工作信息（个人职业、职位、工作单位、学历、学位、教育经历）、个人财产信息（银行账号、存款信息、交易和消费记录、财产信息、征信信息）、个人通信信息（通信通讯联系方式、通信记录和内容）、联系人信息（通讯录、好友列表、群列表）、个人上网记录（指通过日志存储的用户操作记录）、个人常用设备记录（包括硬件序列号、设备MAC地址、软件列表、唯一设备识别码）、个人位置信息（包括行踪轨迹、精准定位信息、住宿信息等）其他信息（婚史、宗教信息、性取向、未公开的违法犯罪记录等）,其他通用信息,
本定义出自于GB/T 35273-2017《信息安全技术 个人信息安全规范》,其他通用信息,
3、个人敏感信息：指一旦泄露、非法提供或滥用可能危害人身和财产安全，极易导致个人名誉、身心健康受到损害或歧视性待遇等的个人信息,其他通用信息,
包括个人财产信息（银行账号、鉴别信息、交易和消费记录、流水记录等）、个人生物识别信息、个人身份信息（如身份证、军官证、护照、工作证）、网络身份标识信息（如系统账号、邮箱地址及前述有关的密码、口令、口令保护答案）、其他信息（个人电话号码、性取向、婚史、行踪轨迹、网页浏览记录、精确定位信息）等，我们将在本隐私政策中对全部个人敏感信息加粗斜体处理,其他通用信息,
本定义出自于GB/T 35273-2017《信息安全技术 个人信息安全规范》,其他通用信息,
4、收集：指获得对个人信息的控制权的行为，包括由个人信息主体主动提供、通过与个人信息主体交互或记录个人信息主体行为等自动采集，以及通过共享、转让、搜集公开信息间接获取等方式,其他通用信息,
5、删除：指在实现日常业务功能所涉及的系统中去除个人信息的行为，使其保持不可被检索、访问的状态,其他通用信息,
6、公开披露：指向社会或不特定人群发布信息的行为,其他通用信息,
7、转让：指将个人信息控制权由一个控制者向另一个控制者转移的过程,其他通用信息,
8、共享：指个人信息控制者向其他控制者提供个人信息，且双方分别对个人信息拥有独立控制权的过程,其他通用信息,
9、匿名化：指通过对个人信息的技术处理，使得个人信息主体无法被识别，且处理后的信息不能被复原的过程,其他通用信息,
注：个人信息经匿名化处理后所得的信息不属于个人信息,其他通用信息,
10、去标识化：指通过对个人信息的技术处理，使其在不借助额外信息的情况下，无法识别个人信息主体的过程,其他通用信息,
11、关联公司：指相互之间存在关联关系的公司，关联关系是指公司控股股东、实际控制人、董事、监事、高级管理人员与其直接或者间接控制的企业之间的关系，以及可能导致公司利益转移的其他关系,其他通用信息,
"==========
    一、我们如何收集和使用你的个人信息
    (一)  我们如何收集你的个人信息
    你在使用比酷网络提供的产品与/或服务时，为了更好地实现你的目的，我们可能收集和使用你的个人信息",其他通用信息,
"包括：
    1、你在注册比酷网络账号时提供的信息
    注册并登录比酷网络账号时，需要你提供手机号码、电子邮箱或第三方账号（微信、QQ、微博 ）的信息，我们将通过发送短信验证码或邮件的方式来验证你的账号是否有效",第一方收集_使用,何时采集
你可根据自身需求补充填写个人信息（头像、昵称、简介、性别、城市、生日）,用户访问_编辑_删除的方法,用户可以进行的操作
"2、在你使用产品与/或服务的过程中收集的信息
    使用本隐私政策“（二）我们如何使用你的个人信息”中所列举的比酷网络产品与/或服务时，我们可能会收集你使用的设备信息（包括操作系统、软件版本、语言设置、IP地址），浏览信息（包括搜索关键词、访问页面链接和访问时间），发表信息（包括文字、图片、视频），位置信息（包括搜索热映电影、同城活动），交易信息（包括交易记录、购买需要邮寄的物品时提供的地址信息），身份信息（包括认证阅读作者、音乐人、创作者时需要提供的身份证号码、手机号码）",第一方收集_使用,采集的个人信息类型
"3、第三方向比酷网络提供的信息：
    你在第三方产品与/或服务中使用比酷网络的时候，我们会收集第三方产品与/或服务向我们提供的有关信息",与第三方共享_转让_公开,与第三方共享的个人信息类型
你提供的上述信息，将在你使用本产品与/或服务期间持续授权我们使用,第一方收集_使用,用户选择所造成的影响
在你注销账号时，我们将停止使用并删除上述信息,第一方收集_使用,对数据的使用
上述信息将存储于中华人民共和国境内，不会进行跨境传输,数据安全,跨境传输
提供上述信息，尤其是个人敏感信息，你可能面临用户信息泄露或用户账号被盗、个人隐私及财产安全难以保障等风险，但我们将尽最大努力避免上述风险发生,第一方收集_使用,采集的目的
如你选择不提供上述信息，你可能无法注册成为我们的用户或无法享受我们提供的某些产品与/或服务，或者无法达到相关产品与/或服务拟达到的效果,第一方收集_使用,用户选择所造成的影响
"==========
    (二)  我们如何使用你的个人信息
    我们会在下列情况下使用你的个人信息：
    1、向你提供你使用的各项产品与/或服务，并维护、改进这些服务",第一方收集_使用,采集的目的
(1)  发布功能：你可以发布文字、图片、视频，我们需要收集你发布的信息，并展示你的昵称、头像、发布内容,第一方收集_使用,何时采集
(2)  个性化功能：你可以浏览、关注、收藏你感兴趣的动态、日记、长评、相册、小组帖、条目，我们需要结合你的操作行为并通过算法分析，向你进行个性化推荐、展示或推送你可能感兴趣的特定信息,第一方收集_使用,采集的个人信息类型
有的信息可能不是你喜欢的信息,第一方收集_使用,采集的个人信息类型
(3)  搜索功能：你可以使用对关键字进行查询的服务，我们需要使用网络存储机制和应用数据缓存，收集你设备上的信息并进行本地存储，以提供更便捷的搜索服务,第一方收集_使用,对数据的使用
(4)  定位功能：你可以使用与地理位置相关的服务，比酷网络同城、比酷网络电影产品需要收集你的位置信息来提供所在区域的商品或服务,第一方收集_使用,采集的目的
(5)  认证功能：你可以使用身份认证的服务,第一方收集_使用,采集的目的
当你申请“比酷网络创作者”时，我们需要收集你的姓名、有效身份证件验证身份信息,第一方收集_使用,采集的目的
信息审核通过后，我们会为你的个人账号提供认证标识,第一方收集_使用,采集的目的
(6)  交易功能：你可以开通“赞赏功能”以使用收款服务,第一方收集_使用,采集的目的
当你希望购买商品、线上课程、电子书、专栏，或使用需付费的官方同城服务时，你需要使用“支付功能”,第一方收集_使用,采集的目的
在收付款的过程中，我们需要收集你提供的身份证号码、收款方式、第三方支付账号（包括支付宝账号、Apple Pay 账号或其他形式的银行卡信息）以提供高效的交易服务,其他通用信息,
(7)  营销活动：你可以参加由我们或第三方举办的线上或线下的营销活动，包括提前观影、线下沙龙、展览、市集，我们会征得你的同意后，收集你的手机号码、用户ID、真实姓名以提供更好的活动体验,第一方收集_使用,采集的目的
(8)  客服功能：你可以向客服发起投诉、申诉或咨询，我们需要你提供真实姓名、手机号码、电子邮件,第一方收集_使用,采集的目的
以及时地向你反馈投诉、申诉或咨询结果，如以个人名义进行投诉，还需要提供身份证件,第一方收集_使用,采集的目的
(9)  经你同意的其他目的，包括但不限于向你发出产品和服务信息，或通过系统向你展示个性化的第三方推广信息，或在征得你同意的情况下与我们的合作伙伴共享信息以便他们向你发送有关其产品和服务的信息,第一方收集_使用,采集的目的
有的信息有可能是你不希望接收的信息,第一方收集_使用,采集的目的
"2、需要提醒你注意，以下情形中，使用你的个人信息无需你的同意：
    (1)  与个人信息控制者履行法律法规规定的义务相关的",其他通用信息,
(2)  与国家安全、国防安全直接相关的,其他通用信息,
(3)  与公共安全、公共卫生、重大公共利益直接相关的,其他通用信息,
(4)  与刑事侦查、起诉、审判和判决执行等直接相关的,其他通用信息,
(5)  出于维护个人信息主体或其他个人的生命、财产等重大合法权益但又很难得到本人同意的,其他通用信息,
(6)  所收集的个人信息是你自行向社会公众公开的,其他通用信息,
(7)  从合法公开披露的信息中收集的你的个人信息的，如合法的新闻报道、政府信息公开等渠道,其他通用信息,
(8)  根据你的要求签订和履行合同所必需的,其他通用信息,
(9)  用于维护所提供的产品与/或服务的安全稳定运行所必需的，例如发现、处置产品与/或服务的故障,其他通用信息,
(10)  出于公共利益开展统计或学术研究所必要，且对外提供学术研究或描述的结果时，对结果中所包含的个人信息进行去标识化处理的,其他通用信息,
"==========
    二、我们如何使用Cookie和同类技术
    (一)  Cookie
    使用 Cookie 能帮助你实现你的联机体验的个性化，你可以接受或拒绝 Cookie ，大多数 Web 浏览器会自动接受 Cookie，但你通常可根据自己的需要来修改浏览器的设置以拒绝 Cookie",第一方收集_使用,使用的目的
为了让你在访问比酷网络时能得到更好的服务，比酷网络有时会使用 Cookie 以便知道哪些网站受欢迎,第一方收集_使用,采集的目的
Cookie不会跟踪个人信息,其他通用信息,
当你注册比酷网络时，比酷网络亦会使用 Cookie,其他通用信息,
在这种情况下，比酷网络会收集并存储有用信息，当你再次访问比酷网络时，我们可辨认你的身份,其他通用信息,
来自比酷网络的 Cookie 只能被比酷网络读取,其他通用信息,
如果你的浏览器被设置为拒绝 Cookie，你仍然能够访问比酷网络的大多数网页,其他通用信息,
"(二)  网站信标和像素标签
    除 Cookie 外，我们还会在网站上使用网站信标和像素标签等其他同类技术",其他通用信息,
例如，我们向你发送的电子邮件可能含有链接至我们网站内容的点击 URL,第一方收集_使用,是否有交互
如果你点击该链接，我们则会跟踪此次点击，帮助我们了解你的产品或服务偏好并改善客户服务,第一方收集_使用,是否有交互
网站信标通常是一种嵌入到网站或电子邮件中的透明图像,其他通用信息,
借助于电子邮件中的像素标签，我们能够获知电子邮件是否被打开,第一方收集_使用,采集的渠道
如果你不希望自己的活动以这种方式被追踪，则可以随时从我们的寄信名单中退订,用户访问_编辑_删除的方法,用户可以进行的操作
"(三)  Do Not Track(请勿追踪)
    很多网络浏览器均设有 Do Not Track 功能，该功能可向网站发布 Do Not Track 请求",其他通用信息,
目前，主要互联网标准组织尚未设立相关政策来规定网站应如何应对此类请求,其他通用信息,
但如果你的浏览器启用了 Do Not Track，那么我们的网站都会尊重你的选择,其他通用信息,
"==========
    三、我们如何共享、转让、公开披露你的个人信息
    我们充分知晓因违法共享、转让、公开披露个人信息对个人信息主体造成损害时所应承担的法律责任，对于你的个人信息的一切共享、转让、公开披露，我们将严格按照以下条款进行：
    
    (一)  共享
    尊重用户个人隐私是比酷网络的一项基本原则",与第三方共享_转让_公开,对于第三方的约束
"除以下情形外，我们不会与任何公司、组织和个人分享你的个人信息：
    1、在获取明确同意的情况下共享：获得你的明确同意后，我们会与其他方共享你的个人信息",与第三方共享_转让_公开,何时与第三方共享
2、我们可能会按照司法机关或行政机关的要求，对外共享你的个人信息,与第三方共享_转让_公开,何时与第三方共享
3、与我们的关联公司共享：你的个人信息可能会与比酷网络的关联公司共享,与第三方共享_转让_公开,何时与第三方共享
我们只会共享必要的个人信息，且受本隐私政策中所声明目的的约束,与第三方共享_转让_公开,与第三方共享的个人信息类型
关联公司如要改变个人信息的处理目的，将再次征求你的授权同意,与第三方共享_转让_公开,是否有交互
4、与授权合作伙伴共享：仅为实现本政策中声明的目的，我们的某些产品与/或服务将由授权合作伙伴提供,与第三方共享_转让_公开,与第三方共享的目的
我们可能会与合作伙伴共享你的某些个人信息，以提供更好的客户服务和用户体验,与第三方共享_转让_公开,与第三方共享的目的
我们仅会出于合法、正当、必要、特定、明确的目的共享你的个人信息，并且只会共享提供产品与/或服务所必要的个人信息，并对我们与之共享个人信息的公司、组织和个人签署严格的保密协定，要求他们按照我们的说明、本隐私政策以及其他任何相关的保密和安全措施来处理个人信息,与第三方共享_转让_公开,何时与第三方共享
"目前，我们的合作伙伴包括：
    (1) 平台合作的第三方商家：为帮助你实现产品或服务的购买（包括你在比酷网络读书、伴宠乐园上选购产品）或者为你提供售后服务，我们会与平台的第三方商家共享你的订单和交易相关信息",与第三方共享_转让_公开,第三方相关实体
(2) 第三方物流服务商：当你成功下单后，如商品需要第三方配送的，我们为了准确、安全向你完成货物的交付与配送，将会与第三方物流公司以最小、必要原则共享你的信息,与第三方共享_转让_公开,第三方相关实体
我们承诺，相关信息仅作配送之目的使用,与第三方共享_转让_公开,第三方相关实体
(3) 合作的第三方SDK服务商：当你使用APP中由第三方提供的功能时，我们可能会接入由第三方提供的软件开发包（SDK）以实现相关功能,与第三方共享_转让_公开,第三方相关实体
"具体包括如下：
    A. 第三方账号登录功能：为给你提供第三方账号登录的功能，第三方服务商可能会获取你的必要设备信息、网络相关信息，合作的SDK包括：微信登录、微博登录、QQ登录",与第三方共享_转让_公开,与第三方共享的目的
B. 广告投放服务：我们会使用优量汇SDK或者穿山甲SDK完成广告投放以及内容的个性化推荐服务，必要设备信息、网络相关信息和地理位置信息,与第三方共享_转让_公开,与第三方共享的目的
C. 地理位置服务：为给你提供位置服务（包括定位、购票和同城服务），第三方地理位置服务商高德SDK会收集你的设备信息及地理位置信息以便可以向你推送附近内容的服务,与第三方共享_转让_公开,与第三方共享的目的
D. 支付服务：为了保证你能顺利购买平台的商品以及服务，微信SDK、支付宝支付可能会收集你必要的设备信息、网络相关信息,与第三方共享_转让_公开,与第三方共享的目的
E. 数据统计功能：我们会使用友盟SDK以准确记录App的活跃情况、设备信息、网络相关信息,与第三方共享_转让_公开,与第三方共享的目的
F. 消息推送：为给你提供及时的消息推送，第三方推送服务商可能会获取你必要设备信息、手机状态信息、地理位置信息、网络相关信息以便推送你可能更感兴趣的信息，这些SDK包括：Vivo Push（仅对Vivo市场生效） 、OPPO Push（仅对OPPO市场生效）、华为推送（仅对华为生效）、小米（仅对小米生效）,与第三方共享_转让_公开,与第三方共享的目的
G. 其它功能：如App崩溃统计，我们使用了Bugly、Crashlytics 等，相关功能可能会获取你的设备信息和网络相关信息,与第三方共享_转让_公开,与第三方共享的目的
"(二)  转让
    我们不会将你的个人信息转让给任何公司、组织和个人，但以下情况除外：
    1、在获取明确同意的情况下转让：获得你的明确同意后，我们会向其他方转让你的个人信息",与第三方共享_转让_公开,何时与第三方共享
2、在涉及合并、收购或破产清算时，如涉及到个人信息转让，我们会在要求新的持有你个人信息的公司、组织继续受此隐私政策的约束，否则我们将要求该公司、组织重新向你征求授权同意,与第三方共享_转让_公开,何时与第三方共享
"(三)  公开披露
    除了因比酷网络社区维护需要，对违规账号、欺诈、辱骂等严重损害比酷网络社区的行为进行处罚公告（如公布被处罚账号的主页链接），或者公布中奖/获胜者名单时展示相关信息等必要事宜而进行必要披露之外，我们仅会在获得你明确同意后，公开披露你的个人信息",与第三方共享_转让_公开,何时与第三方共享
"(四) 共享、转让、公开披露个人信息授权同意的例外情形
    根据法律法规的规定，在下述情况下，共享、转让、公开披露你的个人信息无需事先征得你的授权同意：
    1、与我们履行法律法规规定的义务相关的",其他通用信息,
2、与国家安全、国防安全直接相关的,其他通用信息,
3、与公共安全、公共卫生、重大公共利益直接相关的,其他通用信息,
4、与刑事侦查、起诉、审判和判决执行等直接相关的,其他通用信息,
5、出于维护你或其他个人的生命、财产等重大合法权益但又很难得到本人同意的,其他通用信息,
6、你自行向社会公众公开的个人信息,其他通用信息,
7、从合法公开披露的信息中收集个人信息的，如合法的新闻报道、政府信息公开等渠道,其他通用信息,
"==========
    四、我们如何保护你的个人信息
    (一)  我们已使用符合业界标准的安全防护措施保护你提供的个人信息， 防止数据遭到未经授权访问、公开披露、使用、修改、损坏或丢失",数据安全,安全措施
我们会采取一切合理可行的措施，保护你的个人信息,数据安全,安全措施
例如，在你的浏览器与 “服务”之间交换数据(如信用卡信息)时受SSL加密保护,数据安全,安全措施
我们同时对比酷网络网站提供 https 安全浏览方式,数据安全,安全措施
我们会使用加密技术确保数据的保密性,数据安全,安全措施
我们会使用受信赖的保护机制防止数据遭到恶意攻击,数据安全,安全措施
我们会部署访问控制机制，确保只有授权人员才可访问个人信息,数据安全,安全措施
以及我们会举办安全和隐私保护培训课程，加强员工对于保护个人信息重要性的认识,数据安全,安全措施
(二)  我们会采取一切合理可行的措施，确保未收集无关的个人信息,数据安全,安全措施
除非取得你的书面许可，我们将在且仅在你删除或注销账户后36个月保留你的个人信息， 超出此期限后，我们将会对你的个人信息进行匿名化处理或销毁,数据安全,数据存储期限
(三)  互联网并非绝对安全的环境，而且电子邮件、即时通讯以及与其他比酷网络用户的交流方式并未加密，我们强烈建议你不要通过此类方式发送个人信息,数据安全,安全措施
请使用复杂密码，协助我们保证你的账号安全,数据安全,安全措施
(四)  互联网环境并非百分之百安全，我们将尽力确保你发送给我们的任何信息的安全性,数据安全,安全措施
如果我们的物理、技术或管理防护设施遭到破坏，导致信息被非授权访问、公开披露、篡改或毁坏，导致你的合法权益受损，我们将承担相应的法律责任,数据安全,安全措施
(五)  在不幸发生个人信息安全事件后，我们将按照《网络安全法》第42条第二款之规定及时向你告知：安全事件的基本情况和可能的影响、我们已采取或将要采取的处置措施、你可自主防范和降低风险的建议、对你的补救措施等,数据安全,发生安全事故的处理方式
我们将及时将事件相关情况以邮件、信函、电话、推送通知等方式告知你，难以逐一告知个人信息主体时，我们会采取合理、有效的方式发布公告,数据安全,发生安全事故的处理方式
同时，我们还将按照监管部门要求，主动上报个人信息安全事件的处置情况,数据安全,发生安全事故的处理方式
"==========
    五、你的权利
    无论你何时使用比酷网络的相关产品与/或服务，我们都会尽一切可能保证你可以顺利访问自己的账户信息",其他通用信息,
如果这些信息有误，我们会努力提供各种方式来让你快速更新或删除账户内信息,其他通用信息,
"为了使你拥有充分的能力保障你的隐私和安全，你拥有如下权利：
    (一)  访问你的个人信息
    除司法机关或行政机关另有要求外，你有权随时访问你的个人信息",用户访问_编辑_删除的方法,用户可以进行的操作
"包括以下信息：
    1、账户信息：
    如果你希望访问或编辑你的账户中的名号/昵称、域名、头像、登录邮箱、手机号、隐私设置等，可以通过访问APP或者网站个人账号设置功能 执行此类操作",用户访问_编辑_删除的方法,操作的途径
"2、使用信息：
    你可以在相关产品页面随时查阅你的使用信息，包括：广播发布内容、书影音记录、小组讨论等",用户访问_编辑_删除的方法,用户可以进行的操作
如果你无法通过上述链接及方式访问，你可以随时联系我们，我们将尽快回复你的请求,用户访问_编辑_删除的方法,操作的途径
"(二)  更正你的个人信息
    当你发现你所填写的或者我们处理的关于你的个人信息有错误时，你有权自行更正",用户访问_编辑_删除的方法,用户可以进行的操作
当你无法自行更正时，你可以随时联系我们，我们将尽快回复你的更正请求,用户访问_编辑_删除的方法,操作的途径
"(三)  删除你的个人信息
    你有权随时自行删除或者联系我们删除你的个人信息",用户访问_编辑_删除的方法,用户可以进行的操作
"在以下情形中，你可以向我们提出删除个人信息的请求：
    1、我们处理个人信息的行为违反法律法规的",用户访问_编辑_删除的方法,用户可以进行的操作
2、我们收集、使用你的个人信息，却未征得你的同意,其他通用信息,
3、我们处理个人信息的行为违反了与你的约定,用户访问_编辑_删除的方法,用户可以进行的操作
4、你不再使用我们的产品或服务，或你注销了账号,用户访问_编辑_删除的方法,用户可以进行的操作
5、我们不再为你提供产品或服务,用户访问_编辑_删除的方法,用户可以进行的操作
若我们决定响应你的删除请求，我们还将同时通知以合作方式从比酷网络获得你的个人信息的实体，要求其及时删除，除非这些实体另行获得你的独立授权,用户访问_编辑_删除的方法,供应商动作
但请知悉，若你在比酷网络的公开信息被其它用户或与我们没有合作、关联以及不受我们控制的独立第三方抓取、缓存、储存、复制，或通过其它用户在其它网站上传、保存时，相关信息将不受比酷网络的控制,用户访问_编辑_删除的方法,供应商动作
当你从我们的服务中删除你的个人信息后，我们也会从备份系统中删除相应的信息,用户访问_编辑_删除的方法,供应商动作
如因经营不善等原因，我们停止运营了，我们会立即停止对你对应个人信息的收集，并删除已收集的个人信息,用户访问_编辑_删除的方法,供应商动作
"==========
    (四)  改变你授权同意的范围或撤回你的授权
    每个业务功能需要一些基本的个人信息才能得以完成(见本政策“第一部分”)",用户访问_编辑_删除的方法,用户可以进行的操作
对于额外收集的个人信息的收集和使用，你可以随时给予或收回你的授权同意,用户访问_编辑_删除的方法,用户可以进行的操作
"你可以通过删除信息、关闭移动设备对应功能（如使用iOS系统用户可通过“设置”-“比酷网络”App,从而改变或撤回对我们访问你的位置、照片、相机等的授权，如android系统用户可通过“设置”-“应用”-“管理权限”-“比酷网络”从而改变或撤回相应授权）、在比酷网络pc端及移动端中进行隐私设置（方式：在比酷网络app“设置”―“推送”，打开或关闭“兴趣精选”）等方式改变你授权同意的范围或撤回你的授权",用户访问_编辑_删除的方法,操作的途径
当你收回同意后，我们将不再处理相应的个人信息,用户访问_编辑_删除的方法,操作对用户造成的影响
但你收回同意的决定，不会影响此前基于你的授权而开展的个人信息处理,用户访问_编辑_删除的方法,操作对用户造成的影响
"==========
    (五)  注销／删除账号
    你可以选择注销／删除比酷网络账号，账号被注销／删除后将不可恢复，你的个人信息将被删除或匿名化处理，建议你做好备份",用户访问_编辑_删除的方法,用户可以进行的操作
注销／删除后手机号可自动解除绑定，之后可以与其它比酷网络账号绑定,用户访问_编辑_删除的方法,操作对用户造成的影响
如果你确定要注销账号，可以按照比酷网络网上提示通过「xxx的账号」-「账号管理」-「删除账号」操作即可注销账号，或在比酷网络App中通过「设置」-「账号与安全」-「比酷网络安全中心」-「注销账号」,用户访问_编辑_删除的方法,操作的途径
"==========
    (六)  获取你的个人信息副本
    我们将根据你的书面请求，为你提供以下类型的个人信息副本：你的个人基本资料、个人身份信息",与第三方共享_转让_公开,何时与第三方共享
但请注意，我们为你提供的信息副本仅以我们收集的信息为限,数据安全,个人信息类型
"==========
    (七)  约束信息系统自动决策
    在某些业务功能中，我们可能仅依据信息系统、算法等在内的非人工自动决策机制做出决定",第一方收集_使用,对数据的使用
如果这些决定显著影响你的合法权益，你有权要求我们做出解释，我们也将提供适当的救济方式,条款更改,更改原因
"(八)  响应你的上述请求
    为保障安全，你可能需要提供书面请求，或以其他方式证明你的身份",用户访问_编辑_删除的方法,用户可以进行的操作
我们可能会先要求你验证自己的身份，然后再处理你的请求,用户访问_编辑_删除的方法,供应商动作
我们将在十五个工作日内做出答复,用户访问_编辑_删除的方法,供应商动作
如你不满意，还可以通过以下途径投诉：发送邮件到operator@biku8.com,用户访问_编辑_删除的方法,用户可以进行的操作
对于你合理的请求，我们原则上不收取费用，但对多次重复、超出合理限度的请求，我们将视情收取一定成本费用,用户访问_编辑_删除的方法,供应商动作
对于那些无端重复、需要过多技术手段(例如，需要开发新系统或从根本上改变现行惯例)、给他人合法权益带来风险或者非常不切实际(例如，涉及备份磁带上存放的信息)的请求，我们可能会予以拒绝,用户访问_编辑_删除的方法,供应商动作
"在以下情形中，按照法律法规要求，我们将无法响应你的请求：
    1、与个人信息控制者履行法律法规规定的义务相关的",其他通用信息,
"2、与国家安全、国防安全直接相关的;
    3、与公共安全、公共卫生、重大公共利益直接相关的;
    4、与刑事侦查、起诉、审判和判决执行等直接相关的;
    5、有充分证据表明你存在主观恶意或滥用权利的;
    6、响应你的请求将导致你或其他个人、组织的合法权益受到严重损害的;
    7、出于维护你或其他个人的生命、财产等重大合法权益但又很难得到本人授权同意的",其他通用信息,
8、涉及商业秘密的,其他通用信息,
"==========
    六、关于儿童的个人信息
    我们的产品与/或服务主要面向成人",面向特定人群用户条款,群体类型
如果没有父母或监护人的同意，未成年人不得创建自己的用户账户,面向特定人群用户条款,用户选择
对于经父母同意而收集未成年个人信息的情况，我们只会在司法机关或行政机关要求、父母或监护人明确同意或者保护未成年人所必要的情况下使用或公开披露此信息,面向特定人群用户条款,供应商动作
尽管当地法律和习俗对未成年人的定义不同，但我们将不满 16 周岁的任何人均视为未成年人,面向特定人群用户条款,群体类型
如果我们发现在未事先获得可证实的父母同意的情况下收集了未成年人的个人信息，则会设法尽快删除相关数据,面向特定人群用户条款,供应商动作
"==========
    七、你的个人信息如何在全球范围转移
    我们在中华人民共和国境内收集和产生的个人信息，将存储在中华人民共和国境内，不会存在个人信息出境之情况",数据安全,跨境传输
"==========
    八、本政策如何更新
    我们的隐私政策将不定时更新",其他通用信息,
通常情况下，我们不会削减你按照本隐私政策所应享有的权利,其他通用信息,
我们会在本页面上发布更新后的版本并且以弹框或与弹框同等显著的方式通知你本政策所做的任何变更，你同意后，即表示同意受经修订的本政策的约束,条款更改,告知方式
我们还会将本政策的旧版本存档，供你查阅,条款更改,告知方式
"==========
    九、如何联系我们
    如果你对本隐私政策有任何疑问、意见或建议，请通过 http://diary.biku8.com/ 与我们联系，您也可将您的问题发送至operator@biku8.com，我们将在收到后做出回复处理",其他通用信息,
