"aTKL9mfu2NcMc_BeBDIgNDBthCV0-0506_com_campmobile_snowcamera.txt





Apkid:com.campmobile.snowcamera
==========
#### B612咔叽隐私政策
本隐私政策的更新日期为2020年10月23日，并将于2020年10月30日正式生效",其他通用信息,
"#### 导言
欢迎使用B612咔叽",其他通用信息,
"亿睿科信息技术（北京）有限公司(以下简称“我们”)
非常重视保护您的个人信息和隐私安全",其他通用信息,
在使用我们的产品和服务前，请您务必仔细阅读并充分了解B612咔叽隐私政策（以下简称“本政策”）,其他通用信息,
未满18周岁的未成年人请务必在监护人的陪同下阅读本政策，并确保已征得您的监护人明确同意后，再使用我们的服务并提供您的个人信息,面向特定人群用户条款,群体类型
若您使用我们的服务，表示您或您的监护人已理解本政策，并同意按照本政策规定的方式对您的个人信息进行收集和使用,其他通用信息,
"#### 本政策将帮助您了解以下内容：
==========
一、我们收集哪些信息，以及我们如何使用这些信息 二、对Cookie和同类技术的使用 三、共享信息 四、转让信息 五、信息披露
==========
六、个人信息的处理、存储期限以及销毁方法 七、我们如何保护您的个人信息 八、您的权利 九、未满18周岁的未成年人信息 十、变更 十一、适用法律及管辖
十二、联系我们 十三、附录-权限申请、使用目的及业务场景
==========
#### 一、我们收集哪些信息，以及我们如何使用这些信息
(一) 您在使用我们服务时主动提供的信息
当您使用B612咔叽及相关服务时，您可以设置B612咔叽的帐号、名字，您还可以通过提供手机号码以及验证码匹配结果进行身份验证",其他通用信息,
我们收集这些信息是用于为您提供帐号登录服务以及保障您的帐号安全，防范安全风险,其他通用信息,
请您知悉，您的手机号码和验证码匹配结果属于个人通信信息，请您谨慎考虑之后再决定是否提供,其他通用信息,
如您仅需要拍摄照片、视频、美颜等基本功能及服务，您无需设置帐号并提供上述信息,第一方收集_使用,采集的目的
"(二) 从第三方间接获取的信息
您也可以使用第三方平台的帐号（例如：微信/QQ/微博帐号）进行登录，如您使用第三方平台的帐号登录的，我们将根据您的授权获取该第三方帐号下的相关信息（包括：用户名、昵称，具体以您的授权内容为准）以及身份验证信息（个人敏感信息）",第一方收集_使用,采集的个人信息类型
如您拒绝授权此类信息的，您将无法使用第三方平台的帐号登录我们平台，但不影响我们为您提供的其他功能和服务的正常使用,第一方收集_使用,用户选择所造成的影响
"(三) 设备信息
1\.为了保障我们服务的安全运行，以及保障您的信息安全、排查产品故障、记录有关服务使用的统计数据、优化服务所需的统计分析，我们会收集您的设备型号、唯一设备识别码、IP地址、网络设备硬件地址（MAC）、软件版本号、蓝牙（仅SDK）、WLAN连接、操作日志等信息",第一方收集_使用,采集的个人信息类型
这些信息是我们提供服务和保障产品正常运行所必须收集的基本信息,第一方收集_使用,采集的目的
我们收集、使用上述信息时进行了去标识化处理，数据分析仅对应特定的、无法直接关联用户身份的编码，无法也绝不会与你的真实身份相关联,第一方收集_使用,对数据的使用
2\.使用安卓系统的用户，为了能正常读取设备识别号码，保证您能正常保存图片、视频或缓存信息到手机上使用，我们会向系统申请“读取手机状态和身份、启用写入外部存储卡权限”,第一方收集_使用,采集的目的
申请前我们会征询您的同意，您可以选择“允许”或“禁止”权限申请,第一方收集_使用,是否有交互
您可以在设备的设置功能中选择关闭部分或全部权限，从而拒绝收集相应的个人信息,第一方收集_使用,用户的选择
"(四) 位置信息
当您使用显示定位信息的贴纸时，我们会请求您授权地理位置这一敏感权限，如经纬度信息、网络位置、IP地址、粗略位置等信息",第一方收集_使用,何时采集
您还可以在B612咔叽的【设置】-【拍摄】-【位置信息】开启位置信息权限，向我们授权您的精确位置信息,用户访问_编辑_删除的方法,操作的途径
精确位置信息是个人敏感信息，我们将精确位置信息设置为默认关闭状态，若您不向我们授权，我们将不会收集您的精确位置信息，且不会影响您正常使用其他功能及服务,用户访问_编辑_删除的方法,操作对用户造成的影响
"(五) 基于正常使用功能及服务的个人信息
1\.核心功能：当您使用拍照、摄影、美颜、滤镜等业务功能时，我们将需要获取您的相机、相册、麦克风权限",第一方收集_使用,何时采集
当您在启动弹窗处选择并点击【同意/开启】即视为您授权我们可以访问、获取您的该等个人信息，如您拒绝提供会使您无法使用该功能,第一方收集_使用,用户选择所造成的影响
2\. 人脸识别功能：我们可能会使用面部识别技术来识别您的相册、视频和相机中的面部信息,第一方收集_使用,采集的渠道
"我们识别面部信息仅是为了提供面部识别和面部操作功能-
特别是在适当的面部位置上应用滤镜和化妆特效",第一方收集_使用,采集的目的
我们识别该等信息后即作去识别话处理，不会用于识别任何特定的用户,第一方收集_使用,对数据的使用
3\.TrueDepth相机系统：我们的服务可能会利用苹果的TrueDepth相机系统的计算结果，我们不会将该等计算结果用于其他目的，不会保存在我们的服务器上，也不会与任何第三方共享,第一方收集_使用,用户选择所造成的影响
4\.推送服务：为了帮助您更好地了解我们最新的活动信息，我们将会向您的手机推送活动信息,第一方收集_使用,对数据的使用
但如果您不想接收我们给您发送的此类信息，您可在B612咔叽的【设置】-【一般】-【通知】拒绝接收,用户访问_编辑_删除的方法,用户可以进行的操作
5\.客户服务：当您向我们提起投诉、进行咨询或申诉时，为了方便与您联系或帮助您解决问题，我们可能需要您提供姓名、手机号码、电子邮件及其他有效的联系方式等个人信息,第一方收集_使用,何时采集
如您拒绝授权相关权限及提供上述信息，我们可能无法向您及时反馈相关处理结果,第一方收集_使用,用户的选择
为了更好的让您了解我们的产品与服务，我们可能会向您进行相关的问卷调查，调查问卷数据仅用于我们统计汇总、优化运营、提升用户体验，我们不会透露您的个人信息,第一方收集_使用,采集的目的
6\.统计数据：当您使用B612咔叽的登录、注册、拍照、拍视频、拍表情包、美颜、修图、滤镜功能时，我们会收集这些行为产生的数据并上报到服务器,第一方收集_使用,何时采集
我们收集这些信息是为了更全面地了解B612咔叽的运行情况，帮助我们做出进一步的完善,第一方收集_使用,采集的目的
7\.发布与互动：当您使用B612咔叽提供的信息浏览、收藏、种草功能，“同款”中的浏览、点赞功能时，我们会收集您的浏览和点击操作记录,第一方收集_使用,何时采集
您的浏览和点击操作记录属于个人敏感信息，我们收集这些信息是为了全面了解B612咔叽的运行情况，进行业务功能完善,第一方收集_使用,采集的目的
您的浏览、收藏、种草、点赞记录信息会被存储在我们的服务器中，我们不会将该信息用于其他目的或向第三方分享,第一方收集_使用,采集的个人信息类型
当您参与B612咔叽举办的活动时，我们需要验证您的身份，您发布的图片、视频等信息仅供活动展示，我们不会将该信息用于其他目的或与第三方分享,第一方收集_使用,对数据的使用
"==========
#### 二、对Cookie和同类技术的使用
(一) 关于Cookie和同类技术
Cookie是包含字符串的小文件，在您登入和使用网站或其他网络内容时发送、存放在您的计算机、移动设备或其他装置内（通常经过加密）",第一方收集_使用,对数据的使用
"Cookie同类技术是可用于与Cookie类似用途的其他技术，例如：Web
Beacon、Proxy、嵌入式脚本等",其他通用信息,
"(二) 我们如何使用Cookie和同类技术
当您使用B612咔叽的功能和服务时，我们可能会使用Cookie和同类技术向您的设备发送一个或多个Cookie或匿名标识符，以收集和存储您访问、使用功能及服务时的信息",第一方收集_使用,是否有交互
我们使用Cookie和同类技术主要为了您使用我们的功能及服务的必要、简化您重复操作的步骤（如注册、登录）、便于您查看使用历史、向您提供更切合您个人需要的服务内容和您可能更感兴趣的内容、保护您的信息和帐号安全性、改善我们的产品和服务等,第一方收集_使用,使用的目的
**我们承诺，我们不会将Cookie用于本隐私政策所述目的之外的任何其他用途,其他通用信息,
"**
==========
#### 三、共享信息
我们不会向任何公司、组织、个人共享您的个人信息，但以下情况除外： (一) 在获取明确同意的情况下共享：获得您的明确同意后，我们会与其他方共享您的个人信息",其他通用信息,
(二) 在法定条件下共享：我们可能会根据法律法规规定、诉讼争议解决需要、按照政府主管部门或司法机关依法提出的强制要求，对外共享您的个人信息,其他通用信息,
"(三)
在法律要求或允许的范围内，为了保护B612咔叽及用户或社会公众的利益、财产或安全免遭损害而有必要提供您的个人信息给第三方",其他通用信息,
"(四) 与第三方合作方的共享
为了使您能够接收信息推送、在第三方平台分享信息、使我们通过分析用户行为，提供更好的服务和用户体验",与第三方共享_转让_公开,与第三方共享的目的
B612咔叽应用中接入了第三方合作方，上述合作方包括部分使用安卓系统的手机厂商、社交平台（如微博、微信）和第三方数据分析平台TalkingData、推送服务平台个推等,与第三方共享_转让_公开,第三方相关实体
为了给您提供服务，第三方合作方可能会调用部分权限收集您的个人信息以实现功能，第三方所调用的权限类型可能包括获取您的位置信息、读取外置存储卡、写入外部存储卡、读取您的手机状态和身份、查看WLAN连接、检索正在运行的应用、蓝牙,与第三方共享_转让_公开,第三方使用数据的目的
我们会以高度的勤勉义务对待您的信息，审慎评估第三方收集、使用信息的目的，会对第三方获取信息的SDK(软件工具开发包)进行严格的安全监测，以保证数据安全,与第三方共享_转让_公开,对于第三方的约束
"我们的合作方包括以下类型：
**1\. 广告服务类合作方**
在符合相关法律法规的前提下，我们可能会允许本服务的第三方广告方收集用户的广告识别信息",与第三方共享_转让_公开,第三方相关实体
"第三方SDK名称：腾讯广点通SDK、讯飞SDK、雷动SDK、之行传媒sspSDK、淘宝直播SDK、APPIC
SDK，使用场景描述：广告推送，共享的个人信息类型：设备信息、唯一设备识别码、经纬度",与第三方共享_转让_公开,第三方相关实体
我们将共享的信息去标识化处理，我们不会将您的个人敏感信息与合作方共享,第一方收集_使用,采集的目的
"**2\. 功能类合作方**
当您使用B612咔叽的音乐功能时，我们将您的设备信息、试听音乐数据、拍摄音乐数据、保存音乐数据、收藏音乐数据等信息共享给我们的音乐合作伙伴-
华宇世博音乐文化（北京）有限公司（百度音乐）和深圳市爱听卓乐文化科技有限公司（QQ音乐），以实现音乐顺畅播放和使用，提升音乐功能的使用体验",第一方收集_使用,何时采集
我们会对这些信息进行匿名化和加密后共享给第三方，这些信息难以或无法与您的真实身份相关联,第一方收集_使用,对数据的使用
"==========
**3\. 技术支持类合作方**
为我们提供技术支持的合作方，会向我们的用户收集相关个人信息用于实现其所支持的服务，如合作方商汤需要对您的面部特征进行技术分析，从而实现面部识别和面部操作功能，特别是在适当的面部位置上应用滤镜和化妆特效",与第三方共享_转让_公开,与第三方共享的目的
"同时，还有提供分析服务的合作方Talking
data，会向我们的用户收集基于其信息安全规则完成去标识化处理的个人信息，以帮助我们统计和分析数据，评估推广效果",与第三方共享_转让_公开,与第三方共享的目的
"**技术支持类合作方收集的相关信息具体如下：** 第三方SDK名称：个推 公司全称：浙江每日互动网络科技股份有限公司 使用目的：推送消息
收集数据类型：设备信息",与第三方共享_转让_公开,与第三方共享的目的
唯一设备识别码,其他通用信息,
"经纬度 官网链接：<http://docs.getui.com/privacy> 第三方SDK名称：Talking
data 公司全称：北京腾云天下科技有限公司 使用目的：数据统计及分析 收集数据类型：设备信息",其他通用信息,
设备 MAC地址,其他通用信息,
唯一设备识别码,其他通用信息,
"经纬度
官网链接：<https://www.talkingdata.com/privacy.jsp?languagetype=zh_cn> 第三方SDK名称：商汤
公司全称：北京市商汤科技开发有限公司 使用目的：人脸识别 收集数据类型：面部识别特征
官网链接：<https://www.sensetime.com/cn/clause> 第三方SDK名称：高德地图 公司全称：高德软件有限公司
使用目的：用于提供位置水印素材 收集数据类型：设备信息",其他通用信息,
唯一设备识别码,其他通用信息,
"经纬度
官网链接：<http://map.amap.com/doc/serviceitem.html> 第三方SDK名称：广点通 公司全称：腾讯科技（北京）有限公司
使用目的：第三方广告投放 收集数据类型：设备信息",其他通用信息,
经纬度,其他通用信息,
IP地址,其他通用信息,
设备MAC地址,其他通用信息,
"唯一设备识别码
官网链接：<https://www.tencent.com/zh-cn/privacy-policy.html> 第三方SDK名称：之行传媒SSP
公司全称：北京之行传媒科技有限公司 使用目的：第三方广告投放 收集数据类型：设备信息",其他通用信息,
设备MAC地址,其他通用信息,
"唯一设备识别码
官网链接：<https://www.zxrtb.com/privacy-policy.html> 第三方SDK名称：雷动广告
公司名称：北京雷动瑞吉科技有限公司 使用目的：第三方广告投放 收集数据类型：设备信息",其他通用信息,
设备MAC地址,其他通用信息,
"唯一设备识别码
官网链接：<http://privacy.rayenergytech.com/policy.html> 第三方SDK名称：淘宝直播
公司名称：浙江淘宝网络有限公司 使用目的：第三方广告投放 收集数据类型：设备信息",其他通用信息,
IP地址,其他通用信息,
设备MAC地址,其他通用信息,
"唯一设备识别码
官网链接：<https://terms.alicdn.com/legal-agreement/terms/suit_bu1_taobao/suit_bu1_taobao201703241622_61002.html?spm=a21tn.8216370.1997523009.39.71df57228tLR3a>
第三方SDK名称：appic 使用目的：第三方广告投放 收集数据类型：设备信息",其他通用信息,
IP地址,其他通用信息,
设备MAC地址,其他通用信息,
"唯一设备识别码
官网链接：[https://www.appicplay.com/privacy-policy/?lang=zh""](https://www.appicplay.com/privacy-policy/?lang=zh)
第三方SDK名称：讯飞 公司名称：科大讯飞股份有限公司 使用目的：实现语音转化文字功能及第三方广告投放
收集数据类型：设备信息",其他通用信息,
经纬度,其他通用信息,
IP地址,其他通用信息,
设备MAC地址,其他通用信息,
"唯一设备识别码
官网链接：<https://www.xfyun.cn/doc/policy/privacy.html> 第三方SDK名称：爱听卓乐
公司名称：深圳市爱听卓乐文化科技有限公司 使用目的：实现音乐播放功能 收集数据类型：设备信息",其他通用信息,
经纬度,其他通用信息,
IP地址,其他通用信息,
"唯一设备识别码
官网链接：<https://open.tingmall.com/privacy.html> 第三方SDK名称：DMH数字音乐平台
公司名称：华宇世博音乐文化（北京）有限公司 使用目的：实现音乐播放功能 收集数据类型：设备信息",其他通用信息,
经纬度,其他通用信息,
IP地址,其他通用信息,
"唯一设备识别码
官网链接：<https://www.dmhmusic.com/> 第三方SDK名称：分享库（微信、微博、腾讯、绿洲、美拍）
使用目的：用户自主将拍摄结果分享于第三方平台 收集数据类型：设备信息",其他通用信息,
经纬度,其他通用信息,
IP地址,其他通用信息,
"唯一设备识别码
新浪微博官网链接：<https://www.weibo.com/signup/v5/privacy>
微信分享官网链接：<https://www.tencent.com/zh-cn/privacy-policy.html> QQ分享官网链接：
<https://www.tencent.com/zh-cn/privacy-policy.html> 绿洲官网链接：
<https://www.weibo.com/signup/v5/privacy> 美拍官网链接：
<http://www.meipai.com/agreement/privacy>
==========
#### 四、 转让信息
我们不会转让您的个人信息给任何第三方",其他通用信息,
随着我们业务持续发展，功能和服务的完善，您的个人信息可能会被转移，在发生前述变更时，我们会将受让人信息以及委托业务内容提前告知您,与第三方共享_转让_公开,何时与第三方共享
"==========
#### 五、信息披露
原则上，在未事先征得您同意的前提下，我们不会将您的个人信息公开披露",与第三方共享_转让_公开,与第三方共享的目的
"但我们可能基于以下目的披露您的个人信息：
  * 遵守适用的法律法规等有关规定",与第三方共享_转让_公开,与第三方共享的目的
* 遵守法院判决、裁定或其他法律程序的规定,与第三方共享_转让_公开,与第三方共享的目的
* 遵守相关政府机关或其他法定授权组织的要求,与第三方共享_转让_公开,与第三方共享的目的
* 有理由确信需要遵守法律法规等有关规定,与第三方共享_转让_公开,与第三方共享的目的
* 为执行相关服务协议或本政策、维护社会公共利益，为保护我们的客户、我们或我们的关联公司、其他您或雇员的人身财产安全或其他合法权益合理且必要的用途,与第三方共享_转让_公开,与第三方共享的目的
"==========
#### 六、个人信息的处理、存储期限以及销毁方法
(一) 存储信息的地点 我们依照法律法规的规定，将在境内运营过程中收集和产生的您的个人信息存储于中华人民共和国境内",数据安全,数据存储/跨境传输的目的
"(二) 存储信息的期限
原则上，我们仅在为实现目的所必需的最短时间内保留您的个人信息，超出必要期限的个人信息我们会立即删除、销毁，但您行使删除权、注销账户的或法律法规另有规定的除外",数据安全,数据存储期限
如果我们将个人信息转让给第三方的，我们会通知第三方立即进行销毁处理,数据安全,安全措施
(三) 销毁方法 打印出的纸质个人信息将利用碎纸机销毁，以电子文件形式保存的个人信息将利用无法复原的技术方法永久删除,数据安全,发生安全事故的处理方式
"==========
#### 七、我们如何保护您的个人信息
我们非常重视您个人信息的安全，为保护您的个人信息，我们采取以下措施： (一) 我们会使用加密技术收集您设置的密码，确保数据的保密性",数据安全,安全措施
"(二)
我们使用安全保护机制防止您的个人信息遭到黑客攻击、电脑病毒等而被泄露、毁损，我们会采取一切合理可行的技术措施，建立更完善的安全机制，保护您的个人信息",数据安全,安全措施
(三) 我们将处理个人信息的员工数量控制到最少，并对员工进行数据安全的意识培养和安全能力的培训,数据安全,安全措施
我们会严格遵循内部管理制度及相关法律法规规定,数据安全,安全措施
"==========
#### 八、您的权利
**(一) 访问、删除、更正您的个人信息**
  * 个人信息访问和更正：您可通过【…】-【设置】-【帐号设置】，来对您的帐号中的昵称进行访问和更正",用户访问_编辑_删除的方法,操作的途径
* 关闭通知：您可通过【…】-【设置】-【帐号设置】-【通知】中关闭通知功能,用户访问_编辑_删除的方法,操作的途径
* 帐号信息访问与更正：您可通过【…】-【设置】-【帐号设置】中访问或更换您绑定的手机号、第三方帐号绑定等信息,用户访问_编辑_删除的方法,操作的途径
"* 在以下情形中，您可以向我们提出删除个人信息的请求：
  * 如果我们处理个人信息的行为违反法律法规",用户访问_编辑_删除的方法,用户可以进行的操作
* 如果我们收集、使用您的个人信息，却未征得您的同意,其他通用信息,
* 如果我们处理个人信息的行为违反了与您的约定,用户访问_编辑_删除的方法,用户可以进行的操作
* 如果您不再使用我们的产品或服务，或者您注销了B612咔叽帐号,用户访问_编辑_删除的方法,用户可以进行的操作
* 如果您不再使用我们的产品或服务，或者您注销了B612咔叽帐号,用户访问_编辑_删除的方法,用户可以进行的操作
以上删除请求一旦被响应，我们还将同时尽可能通知从B612咔叽获得您个人信息的主体，要求其及时删除相应信息，除非法律法规另有规定，或者这些主体获得您的独立授权,用户访问_编辑_删除的方法,供应商动作
当您从我们的服务中删除信息后，我们可能不会立即从备份系统中删除相应的信息，我们将会在备份更新时删除这些信息或者实现匿名化处理,用户访问_编辑_删除的方法,供应商动作
"==========
**(二) 撤回您的授权**
如果您希望撤销同意我们收集、使用和披露您的其他个人信息或者希望我们更正或删除您的个人信息，您可以随时联系我们",用户访问_编辑_删除的方法,用户可以进行的操作
联系方式：dl_support.b612@yiruikecorp.com,其他通用信息,
我们将会在收到您的电子邮件后的合理时间内处理您的请求并停止收集、使用和披露您的个人信息,用户访问_编辑_删除的方法,供应商动作
请您理解并同意，当您撤回某些授权时，将导致与之相关的产品功能不可用，我们无法继续为您提供撤回同意或授权所对应的特定功能和/或服务，并且您撤回授权的决定不会影响此前基于您的授权而开展的个人信息处理,用户访问_编辑_删除的方法,操作对用户造成的影响
"==========
**(三) 注销帐户**
您可通过【设置】-【帐号设置】-【删除帐号】进行帐号注销",用户访问_编辑_删除的方法,操作的途径
我们将验证您的身份并向您发送注销确认后为您提供帐号注销服务,用户访问_编辑_删除的方法,供应商动作
您注销成功后，我们将移除所有相关数据，并根据相关法律要求删除您的个人信息或作匿名化处理,用户访问_编辑_删除的方法,供应商动作
请您知悉并理解，当您注销帐户时，我们无法继续为您提供的特定功能和/或服务,用户访问_编辑_删除的方法,操作对用户造成的影响
"==========
#### 九、未满18周岁的未成年人信息
如果您是未满18周岁的未成年人，我们将不会有意收集上述内容，请您在使用某些功能时，不要向我们授权",面向特定人群用户条款,群体类型
"考虑到我们无法辨别网络访问者的年龄，如有不满18周岁的未成年人在未得到其父母或监护人同意的情况下向我们提供了个人资料，其父母或监护人可发送邮件至dl_support.b612@yiruikecorp.com
，或拨打电话至15321856610，或通过客服（官方QQ：2947728667 / 官方微信：b612kaji666）联系我们，以移除此类信息",面向特定人群用户条款,用户选择
我们无意也不试图收集未满18周岁的未成年人信息,面向特定人群用户条款,供应商动作
"==========
#### 十、变更
我们可能会根据业务的调整、法律法规或政策的变化不定期修改或更新本政策，请根据提示定期查阅",条款更改,更改原因
我们将在变更生效前，通过在页面显著位置提示、向您发送电子邮件等方式通知,条款更改,告知方式
请您仔细阅读更新的隐私政策，若您不同意修订后的隐私政策，您有权修改个人信息或立即停止使用B612咔叽,条款更改,用户选择
"==========
#### 十一、适用法律及管辖
本政策的解释及争议解决均应适用中华人民共和国大陆地区法律",其他通用信息,
与本政策相关的任何纠纷，双方应协商友好解决,其他通用信息,
若不能协商解决，任何一方均可将有关争议提交至被告所在地有管辖权的人民法院管辖,其他通用信息,
"==========
#### 十二、联系我们
如果您在使用B612咔叽功能或服务中，有任何隐私保护相关的疑问、投诉、举报等，请将问题邮寄至：北京市朝阳区金桐西路10号21层2单元2501室
亿睿科信息技术（北京）有限公司",其他通用信息,
"或发送电子邮件至dl_support.b612@yiruikecorp.com，或拨打电话至15321856610，或通过客服（官方QQ：2947728667
/ 官方微信：b612kaji666）联系我们",其他通用信息,
我们将在十五日内进行反馈,其他通用信息,
"==========
#### 十三、附录-权限申请、使用目的及业务场景
**1\. APP权限：网络访问权限** 描述：访问网络信息 使用目的及业务场景：从服务端更新贴纸 
**2\. APP权限：电话权限Android**描述：读取手机状态 使用目的及业务场景：读取手机状态，涉及到用户设备的IMEI信息，用于进行用户数据统计（安装、活跃度等）及识别用户、保障您的帐号、网络、运营及系统安全，降低盗号风险",其他通用信息,
**3\. APP权限：存储权限（写入）Android** 描述：写入外部存储 使用目的及业务场景：用于将用户拍摄完毕的图片、视频保存到本地等的文件保存功能,其他通用信息,
**4\. APP权限：地理位置权限** 描述：接收卫星的定位信息 使用目的及业务场景：获取精确位置地理位置的权限,其他通用信息,
用于用户带有地理位置的水印、素材的获取、第三方广告投放,其他通用信息,
**5\. APP权限：麦克风权限**描述：录制声音 使用目的及业务场景：用于视频录制功能：包括相机模式、视频模式、一键同款中的拍视频功能,其他通用信息,
**6\. APP权限：相机权限**描述：允许使用相机 使用目的及业务场景：用于拍照、视频录制的功能：包括相机、视频、修图、表情包、一键同款、贴纸、美颜、滤镜,其他通用信息,
**7\.APP权限：存储权限（读取）Android** 描述：读取外部存储 使用目的及业务场景：读取本地图片、视频、表情包文件，用于帮助用户进行图片、视频美化,其他通用信息,
**8\. APP权限：通知权限** 描述：向用户发送通知 使用目的及业务场景：向用户推送平台活动、营销信息等,其他通用信息,
**9\.APP权限：下载安装包Android** 描述：下载安装包 使用目的及业务场景：应用更新、推送安装包等,其他通用信息,
**10\.APP权限：相册读取、写入权限IOS** 描述：允许使用手机相册 使用目的及业务场景：写入、读取本地图片、视频、表情包文件，用于帮助用户进行图片、视频美化,其他通用信息,
**11\. APP权限：日历权限** 描述：允许读取和写入日历 使用目的及业务场景：读取时间，提供时间水印素材,其他通用信息,
