"aEqKOjYw1Fy2u1Rd5Ke2a530tubO-0511_com_appsys_read.txt





Apkid:com.appsys.read
==========
##  微经用户协议与隐私政策
2020-07-01   ****  
**用户协议**
尊敬的用户您好：在您使用本服务之前，请您认真阅读本用户协议，更好的了解我们所提供的服务以及您享有的权利义务",其他通用信息,
您开始使用时，即表示您已经了解并确认接受了本文件中的全部条款，包括我们对本服务条款随时做的任何修改,其他通用信息,
"==========
一、协议的效力
本协议内容包括协议正文及所有已经发布或将来可能发布的各类规则",其他通用信息,
所有规则为本协议不可分割的组成部分，与协议正文具有同等法律效力,其他通用信息,
您承诺接受并遵守本协议的约定,其他通用信息,
如果您不同意本协议的约定，您应立即停止使用本平台服务,其他通用信息,
"==========
二、用户行为规范
用户同意将不会利用本服务进行任何违法或不正当的活动，包括但不限于下列行为∶
发布或以其它方式传送含有下列内容之一的信息：
反对宪法所确定的基本原则的",其他通用信息,
危害国家安全，泄露国家秘密，颠覆国家政权，破坏国家统一的,其他通用信息,
损害国家荣誉和利益的,其他通用信息,
煽动民族仇恨、民族歧视、破坏民族团结的,其他通用信息,
破坏国家宗教政策，宣扬邪教和封建迷信的,其他通用信息,
散布谣言，扰乱社会秩序，破坏社会稳定的,其他通用信息,
散布淫秽、色情、赌博、暴力、凶杀、恐怖或者教唆犯罪的,其他通用信息,
侮辱或者诽谤他人，侵害他人合法权利的,其他通用信息,
含有虚假、诈骗、有害、胁迫、侵害他人隐私、骚扰、侵害、中伤、粗俗、猥亵、或其它道德上令人反感的内容,其他通用信息,
含有当地法律、法规、规章、条例以及任何具有法律效力之规范所限制或禁止的其它内容的,其他通用信息,
含有不适合在本平台展示的内容,其他通用信息,
以任何方式危害他人的合法权益,其他通用信息,
冒充其他任何人或机构，或以虚伪不实的方式陈述或谎称与任何人或机构有关,其他通用信息,
将依据任何法律或合约或法定关系（例如由于雇佣关系和依据保密合约所得知或揭露之内部资料、专属及机密资料）知悉但无权传送之任何内容加以发布、发送电子邮件或以其它方式传送,其他通用信息,
"将侵害他人著作权、专利权、商标权、商业秘密、或其它专属权利（以下简称""专属权利""）之内容加以发布或以其它方式传送",其他通用信息,
"将任何广告信函、促销资料、""垃圾邮件""、""""滥发信件""、""连锁信件""、""直销""或其它任何形式的劝诱资料加以发布、发送或以其它方式传送",其他通用信息,
"将设计目的在于干扰、破坏或限制任何计算机软件、硬件或通讯设备功能之计算机病毒（包括但不限于木马程序（trojan
horses）、蠕虫（worms）、定时炸弹、删除蝇（cancelbots）（以下简称""病毒""）或其它计算机代码、档案和程序之任何资料，加以发布、发送或以其它方式传送",其他通用信息,
干扰或破坏本服务或与本服务相连线之服务器和网络，或违反任何关于本服务连线网络之规定、程序、政策或规范,其他通用信息,
跟踪、人肉搜索或以其它方式骚扰他人,其他通用信息,
故意或非故意地违反任何适用的当地、国家法律，以及任何具有法律效力的规则,其他通用信息,
未经合法授权而截获、篡改、收集、储存或删除他人个人信息、站内邮件或其它数据资料，或将获知的此类资料用于任何非法或不正当目的,其他通用信息,
"==========
三、知识产权
本平台所有设计图样以及其他图样、产品及服务名称",其他通用信息,
任何人不得使用、复制或用作其他用途,其他通用信息,
未经我们许可，任何单位和个人不得私自复制、传播、展示、镜像、上载、下载、使用，或者从事任何其他侵犯我们知识产权的行为,其他通用信息,
否则，我们将追究相关法律责任,其他通用信息,
我们鼓励用户充分利用平台自由地张贴和共享自己的信息，但这些内容必须位于公共领域内，或者用户拥有这些内容的使用权,其他通用信息,
同时，用户对于其创作并在本平台上发布的合法内容依法享有著作权及其相关权利,其他通用信息,
"==========
四、免责声明
互联网是一个开放平台，用户将照片等个人资料上传到互联网上，有可能会被其他组织或个人复制、转载、擅改或做其它非法用途，用户必须充分意识此类风险的存在",其他通用信息,
用户明确同意其使用本服务所存在的风险将完全由其自己承担,其他通用信息,
因其使用本服务而产生的一切后果也由其自己承担，我们对用户不承担任何责任,其他通用信息,
对于用户上传的照片、资料、证件等，已采用相关措施并已尽合理努力进行审核，但不保证其内容的正确性、合法性或可靠性，相关责任由上传上述内容的会员负责,其他通用信息,
尽管已采取相应的技术保障措施 ，但用户仍有可能收到各类的广告信或其他不以招聘/应聘为目的邮件或其它方式传送的任何内容，本平台不承担责任,其他通用信息,
对于各种广告信息、链接、资讯等，不保证其内容的正确性、合法性或可靠性，相关责任由广告商承担,其他通用信息,
用户通过本服务与广告商进行任何形式的通讯或商业往来，或参与促销活动，包含相关商品或服务之付款及交付，以及达成的其它任何相关条款、条件、保证或声明，完全为用户与广告商之间之行为，与本平台无关,其他通用信息,
用户因前述任何交易或前述广告商而遭受的任何性质的损失或损害，本平台不承担任何责任,其他通用信息,
本平台不保证其提供的服务一定能满足用户的要求和期望，也不保证服务不会中断，对服务的及时性、安全性、准确性也都不作保证,其他通用信息,
对于因不可抗力或无法控制的原因造成的网络服务中断或其他缺陷，不承担任何责任,其他通用信息,
我们不对用户所发布信息的删除或储存失败承担责任,其他通用信息,
我们有权判断用户的行为是否符合本网站使用协议条款之规定，如果我们认为用户违背了协议条款的规定，我们有终止向其提供服务的权利,其他通用信息,
本平台保留变更、中断或终止部分网络服务的权利,其他通用信息,
保留根据实际情况随时调整平台提供的服务种类、形式的权利,其他通用信息,
本平台不承担因业务调整给用户造成的损失,其他通用信息,
本平台仅提供相关服务，除此之外与本服务有关的设备（如电脑、调制解调器及其他与接入互联网有关的装置）及所需的费用（如为接入互联网而支付的电话费及上网费）均应由用户自行负担,其他通用信息,
"==========
**隐私政策**
==========
前言
微经一向庄严承诺以保护使用其交互性产品和服务之用户的隐私",其他通用信息,
"以下声明旨在披露与微经网页有关的隐私政策并试图回答以下问题：
? 微经收集哪些个人信息，如何收集、使用、储存和分享这些信息以及谁有权接触这些个人信息
? 什麽是cookies，它们是怎麽用的
? 微经的用户在披露个人信息时有哪些选择
? 微经的用户怎样接近、更新、控制、保护或删除他/她的信息
? 如果微经的用户对微经的隐私政策有问题，他们应该和谁联系
微经是一个生活工具类App",其他通用信息,
它向用户提供广泛的服务，包括阅读、音频、视频、个人主页等,其他通用信息,
因为微经的成功取决于建立与维护对用户的良好信誉，我们会坚定的实施保护我们用户隐私的措施,其他通用信息,
此外，我们认为自己有责任就在互联网上的隐私问题树立榜样并帮助建立有关标准,其他通用信息,
在登记过程中，每一项服务都要求用户提供不同类型和数量的个人信息,其他通用信息,
微经力图通过善意使用这些资料而为用户提供更好的服务,其他通用信息,
本隐私政策适用于您与微经页面的交互行为以及您登记和使用微经的在线服务,其他通用信息,
除了在本隐私政策和服务条款以及其他公布的准则的规定的情况下，我们不会公布与用户个人身份有关的资料,其他通用信息,
请注意微经不时地会检查其隐私措施，因此有关的措施会随之变化,其他通用信息,
我们恳请您定期光顾本页以确保对我们隐私政策最新版本始终保持了解,其他通用信息,
在阅读完本政策之後，如您对本《隐私政策》或与本《隐私政策》相关的事宜有任何问题，请与support@kuailehou.top联系,其他通用信息,
您使用或继续使用我们的服务，都表示您同意我们按照本《隐私政策》收集、使用、储存和分享您的信息,其他通用信息,
"==========
微经收集用户的两类信息：
(1) 与个人身份无关的信息：
当用户来到我们的App，我们收集和汇总诸如哪些功能及页面受到了访问，访问的顺序，链接途径等信息",第一方收集_使用,采集的个人信息类型
收集这些信息涉及到记录访问微经的每个用户的IP地址、操作平台等,第一方收集_使用,
尽管这些信息无关个人身份，但我们能够通过其IP地址确定其使用的ISP和其上网的地理位置,第一方收集_使用,
这些无关个人身份的信息都帮助我们辩别我们网页最受欢迎的地区并确定我们推广活动的有效性,第一方收集_使用,
"(2) 有关个人身份的信息：
在微经的某些区域，比如在使用个人信息功能时，用户会被要求提供生日、性别等信息",第一方收集_使用,采集的个人信息类型
微经收集这类关于个人身份的信息主要是为了用户能够更容易和更满意地使用微经App,第一方收集_使用,采集的目的
微经的目标是向所有的互联网用户提供更多、更好的名字解析信息,第一方收集_使用,采集的目的
而这些个人信息有助于我们实现这一目标,第一方收集_使用,使用的目的
"当您发现微经的用户不正当地收集或使用您或他人的信息时，请联系support@kuailehou.top
==========
上述两类信息的来源及微经搜集这些信息的途径：
您提供的信息
? 您在注册我们的账户或使用我们的服务时，向我们提供的相关个人信息，例如电话号码等",第一方收集_使用,何时采集
? 您通过我们的服务向其他方提供的共享信息，以及您使用我们的服务时所储存的信息,第一方收集_使用,何时采集
"其他方分享的您的信息
其他方使用我们的服务时所提供有关您的共享信息",第一方收集_使用,何时采集
"==========
我们获取的您的信息
您使用我们服务时我们可能收集如下信息：
? 日志信息指您使用我们服务时，系统可能会通过cookies、web beacon或其他方式自动采集的技术信息，包括：
? 设备或软件信息，例如您的移动设备、网页浏览器或您用于接入我们的服务的其他程序所提供的配置信息、您的IP地址和您的移动设备所用的版本和设备识别码",第一方收集_使用,采集的个人信息类型
? 您在使用我们服务时搜索和浏览的信息，例如您使用的网页搜索词语、访问的页面url地址，以及您在使用我们服务时浏览或要求提供的其他信息和内容详情,第一方收集_使用,采集的个人信息类型
? 有关您曾使用的移动应用（APP）和其他软件的信息，以及您曾经使用该等移动应用和软件的信息,第一方收集_使用,采集的个人信息类型
? 您通过我们的服务进行通讯的信息，例如曾通讯的账号，以及通讯时间、数据和时长,第一方收集_使用,采集的个人信息类型
"及
? 您通过我们的服务分享的内容所包含的信息（元数据），例如分享的名字详情信息、出生日期、查询的姓名等",第一方收集_使用,采集的个人信息类型
"? 位置信息指您开启移动终端设备定位功能并使用我们基于位置提供的相关服务时，我们收集的有关您位置的信息，包括：
? 您通过具有定位功能的移动设备使用我们的服务时，我们通过GPS或WiFi等方式收集的您的地理位置信息",第一方收集_使用,采集的个人信息类型
? 您或其他用户提供的包含您所处地理位置的实时信息，例如您提供的账户信息中包含的您所在地区信息，您或其他人上传的显示您当前或曾经所处地理位置的共享信息，例如您或其他人共享的照片包含的地理标记信息,第一方收集_使用,采集的个人信息类型
"以及
? 您可以通过关闭定位功能随时停止我们对您的地理位置信息的收集",第一方收集_使用,用户的选择
"==========
我们如何使用您的信息
我们可能将在向您提供服务的过程之中所收集的信息用作下列用途：
? 向您提供服务",第一方收集_使用,使用的目的
? 在我们提供服务时，用于身份验证、客户服务、安全防范、诈骗监测、存档和备份用途，确保我们向您提供的产品和服务的安全性,第一方收集_使用,使用的目的
? 帮助我们设计新服务，改善我们现有服务,第一方收集_使用,使用的目的
? 使我们更加了解您如何接入和使用我们的服务，从而针对性地回应您的个性化需求，例如语言设定、位置设定、个性化的帮助服务和指示，或对您和其他使用我们服务的用户作出其他方面的回应,第一方收集_使用,使用的目的
? 评估我们服务中的广告和其他促销及推广活动的效果，并加以改善,第一方收集_使用,使用的目的
? 软件认证或管理软件升级,第一方收集_使用,使用的目的
"及
? 让您参与有关我们产品和服务的调查",第一方收集_使用,使用的目的
为了让我们的用户有更好的体验、改善我们的服务或您同意的其他用途，在符合相关法律法规的前提下，我们可能将通过我们的某一项服务所收集的个人信息，以汇集信息或者个性化的方式，用于我们的其他服务,第一方收集_使用,使用的目的
例如，在您使用我们的一项服务时所收集的您的个人信息，可能在另一服务中用于向您提供特定内容或向您展示与您相关的、而非普遍推送的信息,第一方收集_使用,采集的渠道
如我们在相关服务之中提供了相应选项，您也可以主动要求我们将您在该服务所提供和储存的个人信息用于我们的其他服务,第一方收集_使用,采集的渠道
针对某些特定服务的特定个人信息保护声明将更具体地说明我们在该等服务中如何使用您的信息,第一方收集_使用,采集的渠道
"==========
如何访问和控制您的信息
我们将尽量采取适当的技术手段，保证您可以访问、更新和更正您的注册信息或使用我们的服务时提供的其他个人信息",第一方收集_使用,对数据的使用
在访问、更新、更正和删除您的个人信息时，我们可能会要求您进行身份验证，以保障您的账户安全,第一方收集_使用,何时采集
"对于通过cookies和web beacon收集的您的信息，我们还在以下""COOKIES、日志档案和WEB BEACON""部分说明了向您提供的选择机制",第一方收集_使用,对数据的使用
"==========
我们如何分享您的信息
除以下情形外，未经您同意，我们不会与任何第三方分享您的个人信息：
?我们可能将您的个人信息与我们的合作伙伴及第三方服务供应商、承包商及代理（例如代表我们发出电子邮件或推送通知的通讯服务提供商、以及为我们提供位置数据的地图服务供应商）分享（他们可能并非位于您所在法域），用作下列用途：
? 向您提供我们的服务",与第三方共享_转让_公开,何时与第三方共享
"? 实现""我们如何使用您的信息""部分所述目的",与第三方共享_转让_公开,与第三方共享的目的
? 履行我们在本《隐私政策》或微经与您达成的其他协议中的义务和行使我们的权利,与第三方共享_转让_公开,与第三方共享的目的
"及
? 理解、维护和改善我们的服务",与第三方共享_转让_公开,与第三方共享的目的
如我们与任何上述第三方分享您的个人信息，我们将努力确保该等第三方在使用您的个人信息时遵守本《隐私政策》及我们要求其遵守的其他适当的保密和安全措施,与第三方共享_转让_公开,对于第三方的约束
? 随着我们业务的持续发展，我们有可能进行合并、收购、资产转让或类似的交易，而您的个人信息有可能作为此类交易的一部分而被转移,与第三方共享_转让_公开,何时与第三方共享
"? 我们还可能为以下原因需要保留、保存或披露您的个人信息：
? 您授权或同意微经披露的",与第三方共享_转让_公开,何时与第三方共享
? 遵守适用的法律法规,与第三方共享_转让_公开,何时与第三方共享
? 遵守法院命令或其他法律程序的规定,与第三方共享_转让_公开,何时与第三方共享
? 遵守相关政府机关的要求,与第三方共享_转让_公开,何时与第三方共享
?我们认为为遵守适用的法律法规、维护社会公共利益、或保护我们或我们的集团公司、我们的客户、其他用户或雇员的人身和财产安全或合法权益或公共安全及利益所合理必需的,与第三方共享_转让_公开,何时与第三方共享
"及
? 根据微经各服务条款及声明中的相关规定，或者微经认为必要的其他情形下",与第三方共享_转让_公开,何时与第三方共享
"==========
我们如何保留、储存和保护您的信息
我们仅在本《隐私政策》所述目的所必需期间和法律法规要求的时限内保留您的个人信息",数据安全,数据存储期限
我们使用各种安全技术和程序，以防信息的丢失、不当使用、未经授权阅览或披露,数据安全,安全措施
例如，在某些服务中，我们将利用加密技术（例如SSL）来保护您向我们提供的个人信息,数据安全,安全措施
但请您谅解，由于技术的限制以及风险防范的局限，即便我们已经尽量加强安全措施，也无法始终保证信息百分之百的安全,数据安全,安全措施
您需要了解，您接入我们的服务所用的系统和通讯网络，有可能因我们可控范围外的情况而发生问题,数据安全,安全措施
"请记住，无论何时您自愿披露个人信息（如分享详情信息给第三方），
此种信息可能被他人收集及使用，因此造成您的个人信息泄露，微经不承担责任，如果您将个人信息公布在上述渠道，您就有可能造成个人信息泄露",数据安全,安全措施
因此，我们提醒并请您慎重考虑是否有必要在上述渠道公开您的个人信息,数据安全,安全措施
"有关敏感个人信息的提示
某些个人信息因其特殊性可能被认为是敏感个人信息，例如您的种族、宗教、个人健康和医疗信息等",数据安全,安全措施
请注意，您在我们的服务中所提供、上传或发布的内容和信息（例如有关您社交活动的照片或信息），可能会泄露您的敏感个人信息,数据安全,安全措施
您需要谨慎地考虑，是否使用我们的服务披露您的敏感个人信息,数据安全,安全措施
您同意您的敏感个人信息按本《隐私政策》所述的目的和方式来处理,数据安全,安全措施
"==========
COOKIES、日志档案和WEB BEACON
通过使用Cookies，微经向用户提供简单易行并富个性化的网络体验",第一方收集_使用,使用的目的
一个Cookies是少量的数据，它们从一个网络服务器送至您的浏览器并存在计算机硬盘上,其他通用信息,
微经使用Cookies是为了让其用户受益,其他通用信息,
比如，为使得微经虚拟社区的登录过程更快捷，用户们可以选择把用户名和口令存在一个Cookies中,其他通用信息,
这样下次当用户要登录微经的服务时，只要点击一键就可以了,其他通用信息,
Cookies能帮助我们确定您连接的页面和内容，您在微经特定网页上花费的时间和您所选择的微经的服务,其他通用信息,
"Cookies
还能告诉我们您在我们的网页上看到了哪些广告",其他通用信息,
总之，Cookies是放置在微经的计算机或服务器上的您的身份证,其他通用信息,
Cookies只能被设置它们的服务器阅读，而且不能执行任何代码或病毒,其他通用信息,
Cookies使得微经能更好、更快地为您服务，并且使您在微经网页上的经历更富个性化,其他通用信息,
然而，您应该能够控制Cookies是否以及怎样被你的浏览器接受,其他通用信息,
请查阅您的浏览器附带的文件以获得更多这方面的信息,其他通用信息,
简而言之，微经将Cookies当作一种便捷的体验，其作用是使得用户在从微经的一项服务转到另一项服务时，无须再证明自己的身份,其他通用信息,
我们和第三方合作伙伴可能通过cookies和web beacon收集和使用您的信息，并将该等信息储存,与第三方共享_转让_公开,第三方相关实体
"我们使用自己的cookies和web beacon，用于以下用途：
? 记住您的身份",与第三方共享_转让_公开,与第三方共享的目的
例如：cookies和web beacon有助于我们辨认您作为我们的注册用户的身份，或保存您向我们提供有关您的喜好或其他信息,与第三方共享_转让_公开,与第三方共享的目的
? 分析您使用我们服务的情况,与第三方共享_转让_公开,与第三方共享的目的
我们可利用cookies和web beacon来了解您使用我们的服务进行什么活动、或哪些网页或服务最受欢迎,与第三方共享_转让_公开,与第三方共享的目的
"及
? 广告优化",与第三方共享_转让_公开,与第三方共享的目的
Cookies和web beacon有助于我们根据您的信息，向您提供与您相关的广告而非进行普遍的广告投放,与第三方共享_转让_公开,与第三方共享的目的
我们为上述目的使用cookies和web beacon的同时，可能将通过cookies和web beacon收集的非个人身份信息汇总提供给广告商和其他伙伴，用于分析您和其他用户如何使用我们的服务并用于广告服务,与第三方共享_转让_公开,与第三方共享的目的
我们的产品和服务上可能会有广告商和其他合作方放置的cookies和web beacon,其他通用信息,
这些cookies和web beacon可能会收集与您相关的非个人身份信息，以用于分析用户如何使用该等服务、向您发送您可能感兴趣的广告，或用于评估广告服务的效果,与第三方共享_转让_公开,第三方使用数据的目的
这些第三方cookies和web beacon收集和使用该等信息不受本《隐私政策》约束，而是受到其自身的个人信息保护声明约束，我们不对第三方的cookies或web beacon承担责任,其他通用信息,
您可以通过浏览器或用户选择机制拒绝或管理cookies或web beacon,与第三方共享_转让_公开,用户的选择
但请您注意，如果您停用cookies或web beacon，我们有可能无法为您提供最佳的服务体验，某些服务也可能无法正常使用,与第三方共享_转让_公开,用户选择所造成的影响
同时，您仍然将收到同样数量的广告，只是这些广告与您的相关性会降低,与第三方共享_转让_公开,用户选择所造成的影响
"==========
广告
我们可能使用您的信息，向您提供与您更加相关的广告",与第三方共享_转让_公开,第三方对数据的使用
"我们也可能使用您的信息，通过我们的服务、电子邮件或其他方式向您发送营销信息，提供或推广我们或第三方的如下商品和服务：
?我们的商品和服务，包括但不限于：即时通讯服务、网上媒体服务、互动娱乐服务、社交网络服务、付款服务、互联网搜索服务、位置和地图服务、应用软件和服务、数据管理软件和服务、网上广告服务、互联网金融及其他社交媒体、娱乐、电子商务、资讯及通讯软件和服务（""互联网服务""）",与第三方共享_转让_公开,第三方对数据的使用
"及
?第三方商品和服务，包括但不限于：互联网服务、食物和餐饮、体育、音乐、电影、电视、现场表演和其他艺术和娱乐、书册、杂志和其他刊物、服装和配饰、珠宝、化妆品、个人健康和卫生、电子、收藏品、家用器皿、电器、家居装饰和摆设、宠物、汽车、酒店、交通和旅游、银行、保险及金融服务、会员积分和奖励计划，以及我们认为可能与您相关的其他商品和服务",与第三方共享_转让_公开,第三方相关实体
如您不希望我们将您的个人信息用作前述广告用途，您可以通过我们在广告中提供的相关指示、或在特定服务中提供的选择机制，要求我们停止为上述用途使用您的个人信息,与第三方共享_转让_公开,用户的选择
我们可能在必需时（例如当我们由于系统维护而暂停某一项服务时）发出与服务有关的公告,与第三方共享_转让_公开,是否有交互
您可能无法取消这些与服务有关、性质不属于推广的公告,与第三方共享_转让_公开,用户的选择
"==========
我们服务中的第三方服务
我们的服务可能包括或链接至第三方提供的社交媒体或其他服务（包括网站）",第三方搜集_使用,第三方相关实体
"例如：
? 您可利用
""分享""键将某些内容分享到我们的服务，或您可利用第三方连线服务登录我们的服务",用户访问_编辑_删除的方法,用户可以进行的操作
这些功能可能会收集您的信息（包括您的日志信息），并可能在您的电脑装置cookies，从而正常运行上述功能,与第三方共享_转让_公开,与第三方共享的个人信息类型
"及
? 我们通过广告或我们服务的其他方式向您提供链接，使您可以接入第三方的服务或网站",与第三方共享_转让_公开,第三方使用数据的目的
该等第三方社交媒体或其他服务由相关的第三方负责运营,与第三方共享_转让_公开,第三方相关实体
您使用该等第三方的社交媒体服务或其他服务（包括您向该等第三方提供的任何个人信息），须受第三方自己的服务条款及个人信息保护声明（而非本《隐私政策》）约束，您需要仔细阅读其条款,其他通用信息,
本《隐私政策》仅适用于我们所收集的任何信息，并不适用于任何第三方提供的服务或第三方的信息使用规则，而我们对任何第三方使用由您提供的信息不承担任何责任,其他通用信息,
"==========
年龄限制
微经建议：任何未成年人参加网上活动应事先取得家长或其法定监护人（以下简称""监护人""）的同意",面向特定人群用户条款,群体类型
微经将根据国家相关法律法规的规定保护未成年人的相关信息,面向特定人群用户条款,供应商动作
我们鼓励父母或监护人指导未满十八岁的未成年人使用我们的服务,面向特定人群用户条款,供应商动作
我们建议未成年人鼓励他们的父母或监护人阅读本《隐私政策》，并建议未成年人在提交个人信息之前寻求父母或监护人的同意和指导,面向特定人群用户条款,供应商动作
"==========
本《隐私政策》的适用范围
除某些特定服务外，我们所有的服务均适用本《隐私政策》",其他通用信息,
这些特定服务将适用特定的个人信息保护声明,其他通用信息,
该特定服务的个人信息保护声明构成本《隐私政策》的一部分,其他通用信息,
如任何特定服务的个人信息保护声明与本《隐私政策》有不一致之处，则适用特定服务的个人信息保护声明,其他通用信息,
除本《隐私政策》另有规定外，本《隐私政策》所用词语将与微经制定的其他公开条款所定义的词语具有相同的涵义,其他通用信息,
"请您注意，本《隐私政策》不适用于以下情况：
? 通过我们的服务而接入的第三方服务（包括任何第三方网站）收集的信息",其他通用信息,
"或
? 通过在我们服务中进行广告服务的其他公司和机构所收集的信息",其他通用信息,
"==========
本《隐私政策》的修改
我们可能随时修改本《隐私政策》的条款，该等修改构成本《隐私政策》的一部分",其他通用信息,
如该等修改造成您在本《隐私政策》下权利的实质减少，您可以选择停止使用我们向您提供的服务,其他通用信息,
在该种情况下，若您仍然继续使用我们的服务的，即表示同意受经修订的本《隐私政策》的约束,条款更改,用户选择
任何修改都会将您的满意度置於首位,其他通用信息,
我们鼓励您在每次访问微经的网页时都查阅我们的隐私政策,其他通用信息,
最后，您是唯一对您的账号和密码信息负有保密责任的人,其他通用信息,
任何情况下，请小心妥善保管,其他通用信息,
有关本声明或微经的隐私措施的问题请与微经的网站协调人联系,其他通用信息,
地址是support@kuailehou.top,其他通用信息,
