"aJMFZxSaAyOk_umVJSyxNwho81Bm-0517_com_bwton_tjmetro.txt





Apkid:com.bwton.tjmetro
==========
欢迎使用天津地铁手机客户端软件及服务",其他通用信息,
天津地铁《用户协议》（以下简称“本协议”）是天津地铁用户（以下简称“您”）与天津地铁手机客户端（以下简称“天津地铁APP”）的所有者天津轨道交通集团有限公司（以下简称“天津地铁”）及其业务合作伙伴、APP开发商，之间就天津地铁APP相关服务事项所订立的合同,其他通用信息,
"本协议有助于您了解天津地铁及其业务合作伙伴、APP开发商(以下简称“我们”)向您提供的服务内容以及您的权利和义务，
**请您仔细阅读本协议条款，对于尤为重要的条款，我们已采用粗体字进行标注，以特别提示您注意",其他通用信息,
您注册天津地铁APP账号或使用天津地铁APP相关服务，即视为您已阅读并充分理解本协议所有条款，同意与天津地铁使用互联网信息技术以数据电文形式订立本协议并认同其效力,其他通用信息,
如您为无民事行为能力人或限制民事行为能力人，请告知您的监护人，并在您监护人的指导下阅读本协议，以及在征得您监护人同意的前提下使用天津地铁APP服务,其他通用信息,
"**
==========
### 第一章 账号注册、使用和注销
1.1 您完成天津地铁APP账号注册并登录后，即可使用天津地铁APP部分相关服务",用户访问_编辑_删除的方法,用户可以进行的操作
**天津地铁APP用户账号的所有权归天津地铁所有,其他通用信息,
用户完成注册后仅获得相应的使用权，且该使用权仅属于初始申请注册人,其他通用信息,
同时，初始申请注册人不得赠与、借用、租用、转让、售卖账号或者以其他方式许可非初始申请注册人使用账号,其他通用信息,
非初始申请注册人不得通过受赠、继承、承租、受让或者其他任何方式使用初始申请注册人的账号,其他通用信息,
使用支付时，不得超出已征得用户同意的使用范围,其他通用信息,
因业务需要，确需超出上述使用范围使用支付信息的，应再次征得用户明示同意,其他通用信息,
"**
 **1.2您应妥善保管您的天津地铁APP账号与密码，确保不向其他任何人泄露您天津地铁APP账号、密码，并对所注册账号下的一切活动负全部责任",其他通用信息,
对于因密码丢失或泄露所致的损失，由您自行承担,其他通用信息,
"**
如果您有账号丢失、密码遗忘之情形时，可以通过天津地铁APP提供注册时填写提交的本人手机号码重置密码
**您理解并同意，当用户凭借账号个人信息验证并重设密码时，天津地铁只负责核对验证信息是否与账号相关信息一致，不对冒名验证行为承担任何责任，您应加强个人信息安全保护",其他通用信息,
"**
 **1.3您注册使用的天津地铁APP账号的名称或昵称，不得违反国家法律法规及公序良俗，否则天津地铁可收回您的天津地铁APP账号的名称或昵称",其他通用信息,
天津地铁APP账号的名称或昵称的回收不影响您以手机号码、身份证号登陆并使用天津地铁APP,其他通用信息,
"**
1.4 除非法律允许或经天津地铁书面许可，否则您不得实施下列行为，包括但不限于：  
1) 通过非天津地铁开发、授权或认可的第三方软件、插件、外挂、系统等登录或使用天津地铁APP及服务，或制作、发布、传播上述工具",其他通用信息,
2) 删除天津地铁APP及其副本中的知识产权信息,其他通用信息,
3) 对天津地铁APP进行反向工程、反向汇编、反向编译，或者以其他方式尝试发现天津地铁APP的源代码,其他通用信息,
4)使用天津地铁APP发表、传送、传播、储存违反国家法律、危害国家安全、祖国统一、社会稳定、公序良俗的内容，或任何不当的、侮辱诽谤的、淫秽的、暴力的及任何违反国家法律法规政策的内容,其他通用信息,
5) 批量发表、传送、传播骚扰、广告信息、营销信息及垃圾信息,其他通用信息,
6) 以任何方式为任何不合法的目的或以任何与本协议不一致的方式使用天津地铁APP相关服务,其他通用信息,
**1.5您若违反上述规定，天津地铁有权在不事先通知您的情况下终止您天津地铁APP账号的在线功能,其他通用信息,
您使用天津地铁APP必须遵守国家有关法律法规和政策并遵守本协议,其他通用信息,
对于您违法或违反本协议的使用而引起的一切责任，由您自行承担,其他通用信息,
若因此导致我们损失的，我们有权要求您予以赔偿,其他通用信息,
"**
 **1.6为改进服务质量及满足用户个性化需求，您理解并同意，我们有权通过天津地铁APP客户端或手机短信等形式向您提供相关信息推送服务，推送的信息包括但不限于服务信息、优惠/广告信息、营销活动通知、商业性电子信息等",第一方收集_使用,使用的目的
"**
 **1.7 首次开通支付方式时，您的信息（含姓名、身份证号）将作为天津地铁APP账户的实名信息，实名信息与账号唯一绑定",第一方收集_使用,何时采集
"**
 **1.8 账户申请注销后，系统审核时间为30天，审核期间，账户将无法登陆天津地铁APP",其他通用信息,
"**
==========
### 第二章 知识产权声明
2.1天津地铁APP的一切著作权、商标权、专利权、商业秘密等知识产权，以及相关的所有信息内容（包括但不限于：文字、图片、音频、视频、图标、图表、色彩、界面设计、版面框架、数据、电子文档等）均受中华人民共和国著作权法、商标法、专利法、反不正当竞争法和相应的国际条约以及其他相关法律法规的保护，天津地铁依法享有相应的知识产权",其他通用信息,
2.2 未经天津地铁书面同意，您不得以任何商业或非商业目的自行或许可任何第三方实施、利用、转让上述知识产权,其他通用信息,
天津地铁保留追究上述未经许可行为的权利,其他通用信息,
"==========
### 第三章 用户信息的保护和使用
 **3.1您知悉并同意，我们可以遵循合法、正当、必要的原则获取并收集您在注册和使用本协议下服务过程中所提交和产生的个人信息、交易数据、设备信息、日志信息、位置信息和其他我们在提供产品和服务过程中可能需要收集的信息（以下统称“用户信息”），用以向您提供服务、提升我们的服务质量、保障您的账号安全以及符合国家法律法规及监管规定",其他通用信息,
"**
我们理解，向我们提供您的用户信息是您基于对 **我们** 的信任",其他通用信息,
我们将会负责的对待您的用户信息，并确认您的用户信息将只用于帮助我们为您提供更好的服务,第一方收集_使用,采集的目的
**当您使用天津地铁APP提供的任一服务时，即表示您同意我们可以遵循合法、正当、必要的原则获取、收集和使用您的用户信息,第一方收集_使用,用户的选择
"**
 **3.2根据国家相关法律法规、政策规定或者配合天津地铁APP相关服务提供需求，您在注册天津地铁APP账号或使用服务的过程中，需要配合提供一些必要的信息",其他通用信息,
例如：为核实您的账户信息，您需要提供您的手机号码、姓名、身份证号码、银行卡号进行认证等等,第一方收集_使用,采集的目的
若您未配合提供相应信息或提供的信息不完整，可能将导致无法使用本协议下相关服务或在使用过程中受到限制,第一方收集_使用,用户选择所造成的影响
一般情况下，您可随时浏览、修改自己提交的信息，但出于安全性和身份识别的考虑，您可能无法修改注册时提供的初始注册信息及其他验证信息,与第三方共享_转让_公开,与第三方共享的目的
"**
==========
 **3.3 天津地铁** 会采取合理的措施保护您的用户信息，
**除法律法规或相关政府管理部门另有规定/要求外，我们仅在必要情形下与第三方共享您的用户信息，第三方包括我们的关联公司以及其他业务合作伙伴（某些产品或服务可能由第三方提供或由天津地铁与第三方共同提供，只有共享您的信息，才能提供您需要的产品或服务）",与第三方共享_转让_公开,对于第三方的约束
在将您的用户信息提供给第三方前，我们将尽商业上合理的努力评估该第三方收集信息的合法性、正当性、必要性,与第三方共享_转让_公开,对于第三方的约束
我们会要求第三方处理您的用户信息时遵守法律法规，并尽力要求第三方对您的用户信息采取保护措施,与第三方共享_转让_公开,对于第三方的约束
"**
 **3.4 您若选择参与我们开展的特定活动，可能需要向我们提供为完成活动所必要的特定的用户信息，我们** 会尽力对您的用户信息采取保护措施",数据安全,安全措施
"==========
 **3.5您理解并同意，在您使用天津地铁APP服务时，您的行为日志会被上传至天津地铁相关服务器，用于客流趋势分析算法的优化",第一方收集_使用,对数据的使用
在不透露单个用户隐私资料的前提下，天津地铁有权对整个用户数据库进行分析并对用户数据库进行商业上的利用,第一方收集_使用,对数据的使用
"**
 **3.6您理解并同意，在信息网络上不存在“完善的安全措施”",数据安全,安全措施
即使我们会采取合理的措施保护您的用户信息，但仍有可能无法杜绝您的个人信息的非法访问,数据安全,安全措施
如果您不接受本协议并提供我们所要求的信息，那么您将无法使用我们的服务或使用我们提供的全部功能,第一方收集_使用,用户选择所造成的影响
您需要了解，使用天津地铁APP意味着您已经充分理解您的用户信息可能会有被盗、非法拥有或滥用的风险，以及由此给您带来的人身安全、财产和声誉等方面的损失,第一方收集_使用,用户选择所造成的影响
"**
 **3.7您理解并同意，当您停止使用天津地铁APP并注销账号信息后，天津地铁可以从服务器上永久的删除您的数据，您停止使用并注销账号后，天津地铁没有义务向您返还任何数据",用户访问_编辑_删除的方法,操作对用户造成的影响
"**
 **3.8 根据相关法律法规规定，以下情形中收集、使用、共享、公开披露您的用户信息无需征得您的授权同意：**  
1) 与国家安全、国防安全有关的",其他通用信息,
2) 与公共安全、公共卫生、重大公共利益有关的,其他通用信息,
3) 与犯罪侦查、起诉、审判和判决执行等有关的,其他通用信息,
4) 出于维护用户信息主体或其他个人的生命、财产等重大合法权益但又很难得到您本人同意的,其他通用信息,
5) 所收集的用户信息是您自行向社会公众公开的,其他通用信息,
6) 从合法公开披露的信息中收集个人信息的，如合法的新闻报道、政府信息公开等渠道,其他通用信息,
7) 根据您的要求签订合同所必需的,其他通用信息,
8) 用于维护所提供的产品或服务的安全稳定运行所必需的,其他通用信息,
9) 法律法规规定的其他情形,其他通用信息,
"==========
### 第四章 对第三方责任的声明
**请您注意，您在天津地铁APP平台上和其他第三方发生的任何联系，包括产品/服务买卖关系、参加市场活动等，均与天津地铁无关",其他通用信息,
您可能通过天津地铁APP提供的第三方链接登陆其他网站,其他通用信息,
但这些链接仅为您的浏览提供方便，天津地铁对所链接第三方的内容、服务等不承担任何责任,用户访问_编辑_删除的方法,用户可以进行的操作
"**
**您如需要第三方网页中内容（包括资讯、资料信息、产品或服务介绍、报价等），并欲据此进行交易或其他行为前，您应慎重辨别这些内容的合法性、准确性、真实性、实用性和安全性，并采取谨慎的预防措施",其他通用信息,
无论何种原因，天津地铁均不对任何非与天津地铁直接发生的交易和行为承担任何直接、间接、附带或衍生的损失和责任,第一方收集_使用,采集的个人信息类型
"**
同时，您的交易相对方、您访问的第三方网站经营者、您使用的第三方服务提供者和由天津地铁APP处接受您的个人信息的第三方可能有自己的隐私权保护政策",与第三方共享_转让_公开,何时与第三方共享
当您查看第三方创建的网页或使用第三方开发的应用程序时，可能会发现该网页或应用程序放置的Cookie或像素标签,与第三方共享_转让_公开,何时与第三方共享
这些Cookie或标签不受我们的控制，而且它们的使用不受本协议的约束,与第三方共享_转让_公开,与第三方共享的目的
我们会尽商业上的合理努力去要求这些主体对您的个人信息采取保护措施，但我们无法保证这些主体一定会按照我们的要求采取保护措施，亦不对这些主体的行为及后果承担任何责任,与第三方共享_转让_公开,第三方对数据的使用
如果您发现这些第三方创建的网页或第三方开发的应用程序存在风险时，建议您终止相关操作以保护您的合法权益,第一方收集_使用,使用的目的
"==========
### 第五章 免责条款
 **您充分理解并同意，有下列情况之一的，我们不承担任何法律责任：**
 **5.1由于您自身的行为（例如下载了含病毒的软件）、黑客攻击（例如软件被植入病毒）或不可抗力等情形，导致您产生各种直接和间接损失（包括但不限于个人资料泄露，账号被盗或资金损失），均由您个人自行承担不利后果，我们不承担任何责任",其他通用信息,
"**
 **5.2由于您将用户账号、密码告知或泄露给他人，或与他人共享注册账号，或是采用拍照等任何手段造成付款码外泄，导致您产生各种直接和间接损失（包括但不限于个人资料泄露，账号被盗或资金损失），均由您个人自行承担不利后果，我们不承担任何责任",其他通用信息,
"**
 **5.3我们不担保所提供服务一定能满足用户的要求，不担保服务不会中断，对服务的及时性、安全性、准确性也都不做担保",其他通用信息,
对于因不可抗力或天津地铁不能控制的原因造成的服务中断或其他缺陷，天津地铁不承担任何责任，但将尽力减少因此而给用户造成的损失和影响,其他通用信息,
天津地铁不保证为向用户提供便利而设置的外部链接的准确性和完整性，同时，对于该外部链接指向的不由天津地铁实际控制的任何网页上的内容，天津地铁不承担任何责任,其他通用信息,
"**
 **5.4不论在何种情况下，天津地铁均不对由于信息网络正常的设备维护，信息网络连接故障，电脑、通讯或其他系统的故障，黑客，电脑病毒，电力故障，罢工，劳动争议，暴乱，起义，骚乱，生产力或生产资料不足，火灾，洪水，风暴，爆炸，战争，政府行为，司法行政机关的命令，第三方原因等其他天津地铁不能预测或控制的行为而造成的不能服务或延迟服务承担责任，但将尽力减少因此而给您造成的损失和影响",其他通用信息,
"**
 **5.5 根据《中华人民共和国宪法》和相关法律法规规定，在保护公民合法言论自由的同时，禁止利用互联网、通讯工具、媒体以及其他方式从事以下行为：  
1) 组织、煽动、抗拒、破坏宪法和法律、法规实施的",其他通用信息,
2) 捏造或者歪曲事实，散布谣言，妨害社会管理秩序的,其他通用信息,
3) 组织、煽动非法集会、游行、示威、扰乱公共场所秩序的,其他通用信息,
4) 从事其他侵犯国家、社会、集体利益和公民合法权益的,其他通用信息,
管理部门将依法严加监管上述行为并予以处理,其他通用信息,
对构成犯罪的，司法机关将追究刑事责任,其他通用信息,
"**
 **5.6 天津地铁有权基于业务调整、系统升级或风险管控的需要，单方不经通知地暂停、中断或终止向您提供本服务",其他通用信息,
"**
 **5.7天津地铁有权依据中华人民共和国相关法律规定对您的活动支付交易进行风险管控",其他通用信息,
天津地铁有权基于单方判断，认为您有可疑交易或有违反法律规定或本协议约定之情形时，有权不经通知，先行暂停、中断或终止向您提供本服务，并拒绝您使用本服务之部分或全部功能，亦可以暂停、中断或终止向您提供软件的部分或全部功能,其他通用信息,
"**
 **5.8在任何情况下，我们于本协议下所承担的违约赔偿责任总额不超过向您收取的当次服务费用总额（如有）",其他通用信息,
如我们持续无偿提供本服务的，违约赔偿责任总额为零,其他通用信息,
"**
 **5.9 天津地铁发现您违反本协议或附属协议任一条款的，有权单方终止或解除本协议，暂停、中断或终止向您提供本服务",其他通用信息,
"**
 **5.10除法律规定或者天津地铁APP公示的承诺外，天津地铁APP将不对所提供的服务的使用性或满足用户特征需求及目的进行任何其他附加说明",其他通用信息,
请用户在使用服务前确认自身的需求,其他通用信息,
天津地铁APP将不承担因用户误解服务信息导致的任何责任,其他通用信息,
"**
 **5.11您理解并同意，天津地铁实时运营信息由于网络传输等原因，信息数据可能发生误差或延时，请您以天津地铁官方网站信息为准",其他通用信息,
天津地铁APP所提供的信息仅作参考，天津地铁不承担由此产生的法律责任,其他通用信息,
"**
==========
### 第六章 附则
 **6.1** 您使用天津地铁APP即视为您已阅读并同意受本协议的约束",其他通用信息,
**天津地铁有权根据市场变化或经营的需要随时对本协议条款进行调整，无需另行单独通知您,其他通用信息,
您可以在本软件的最新版本中查阅相关协议条款,其他通用信息,
本协议条款变更后，如果您继续使用本软件，即视为您已充分阅读、理解并接受修改后的协议内容，也将遵循修改后的协议内容使用天津地铁相关服务,其他通用信息,
如果您不接受修改后的协议，应当立即停止使用本软件,其他通用信息,
"**
6.2 本协议的成立、生效、履行、解释及纠纷解决，均适用中华人民共和国（港澳台除外）法律",其他通用信息,
**在协议履行期间，凡由本协议引起的或与本协议有关的一切争议、纠纷，双方首先应友好协商解决,其他通用信息,
协商不成的，双方均同意提请天津轨道交通集团公司所在地法院管辖,其他通用信息,
"**
6.3 为了改善用户体验、完善服务内容， **我们**将不断努力开发新的服务，并为您不时提供软件更新（这些更新可能会采取软件替换、修改、功能强化、版本升级等形式）",其他通用信息,
6.4 为了保证天津地铁APP及服务的安全性和功能的一致性，天津地铁有权不经向您特别通知而对软件进行更新，或者对软件的部分功能效果进行改变或限制,其他通用信息,
6.5 天津地铁APP新版本发布后，旧版本的软件可能无法使用,其他通用信息,
我们不保证旧版本软件继续可用及相应的客户服务，请您随时核对并下载最新版本,其他通用信息,
6.6 本协议所有条款的标题仅为阅读方便而设置，不应构成对本协议的任何解释，不对标题之下的内容及范围作任何限定,其他通用信息,
6.7本协议任何条款无论因何种原因部分无效或不可执行，其余条款仍有效，对双方具有约束力,其他通用信息,
6.8 若您对本协议内容有任何疑问，可拨打客服热线[?022-85568890](tel:?022-85568890),其他通用信息,
