"a1GT2q60nYmxR18.LwuLOGb_VCGq-0522_co_runner_app.txt





Apkid:co.runner.app

==========
##  导言
尊敬的用户：
非常感谢您选择悦跑圈，为了让您更好地使用我们提供的产品和服务，请您务必认真阅读、充分理解《悦跑圈用户协议》（以下简称「用户协议」或「本协议」）的各条款内容，特别是免除或者限制责任的条款，并选择是否接受",其他通用信息,
"==========
##  一、用户协议的确认及接受
1.1 悦跑圈APP及www.thejoyrun.com（以下统称「产品」）是由广州悦跑信息科技有限公司及其关联公司（以下称「悦跑圈」或我们）提供的互联网产品和服务（以下简称“服务”）",其他通用信息,
1.2本协议是用户（您）与悦跑圈之间关于使用悦跑圈提供的产品和服务所订立的协议，本协议条款的效力及于悦跑圈所提供的一切产品和服务，用户在享受悦跑圈任何单项服务时，应当受本协议的约束,其他通用信息,
1.3本协议项下的产品和服务是指由悦跑圈发布的包括但不限于网络媒体、互联网增值、互动娱乐、电子商务和广告等互联网产品和服务（形式包括但不限于在线视频、评论、回复、图片、软件、技术代码等），悦跑圈有权根据需要不时地修订本协议或/及各类规则（包括但不限于指定新的条款和修改既有条款），悦跑圈将在相关页面上提示修改的内容,其他通用信息,
一旦服务条款发生变更和修改，无需另行单独通知您,其他通用信息,
修订后的协议和规则一经公布，立即或在公告明确的特定时间自动生效,其他通用信息,
如果您在前述公告修订后继续使用悦跑圈的产品和服务，则视为您已阅读、理解并接受经过修订的协议和规则,其他通用信息,
如果您不同意修订，可以立即停止使用悦跑圈提供的产品和服务,其他通用信息,
1.4本软件提供的相关信息，仅供参考，并不保证这些信息适合于您,其他通用信息,
且此类信息无意替代或暗示任何专业的意见,其他通用信息,
请在启动训练项之前，咨询健康专家或其他专业人士该项目是否适合您的个人需要和健康状况,其他通用信息,
尤其是当此软件中的训练计划所提及的训练和练习是具有一定危险性的项目并有可能造成受伤甚至死亡时，您必须在参与应用中描述的任何训练以及练习之前向具有相关医疗执照的医生或其他专业人士进行咨询,其他通用信息,
"==========
##  二、个人信息保护及账号管理
2.1为完整使用悦跑圈提供的产品和服务，您须注册悦跑圈提供的账户",用户访问_编辑_删除的方法,用户可以进行的操作
用户（您）注册悦跑圈账户时，须对所提供信息的真实性、合法性、有效性及完整性负责，并及时维护和更新您的个人信息，以保证信息的真实、合法和有效,其他通用信息,
2.2您在悦跑圈中的注册账号所有权及有关权益均归公司所有，您完成注册手续后仅享有该账号的使用权,其他通用信息,
您的账号仅限与您本人使用，未经悦跑圈书面同意，禁止以任何形式赠与、借用、出租、转让、售卖或以其他方式许可他人使用该账号,其他通用信息,
如果悦跑圈发现或者有合理理由人为使用者并非账号初始注册人，悦跑圈有权暂时或终止向该注册账号提供服务，并有权注销该账号，而无需向该注册账号的用户承担法律责任,其他通用信息,
"2.3 用户个人信息包括：
（1）用户自行提供的用户个人信息（如注册时填写的手机号码，电子邮件等个人信息，使用服务时提供的共享信息等）",第一方收集_使用,采集的个人信息类型
（2）其他方分享的用户个人信息,第一方收集_使用,对数据的使用
（3）悦跑圈为提供服务而合法收集的用户必要个人信息（如使用服务时系统自动采集的设备或软件信息，浏览历史信息，通讯时间信息等技术信息，用户开启定位功能并使用服务时的地理位置信息，跑步轨迹等）,第一方收集_使用,采集的个人信息类型
其中个人隐私信息是指涉及用户个人身份或个人隐私的信息，比如，用户真实姓名、身份证号、手机号码、手机设备识别码、IP地址、用户聊天记录,其他通用信息,
非个人隐私信息是指用户对本服务的操作状态以及使用习惯等明确且客观反映在悦跑圈服务器端的基本记录信息、个人隐私信息范围外的其它普通信息，以及用户同意公开的上述隐私信息,其他通用信息,
悦跑圈保证在取得用户书面同意的情况下收集、使用或公开用户的个人隐私信息，用户同意悦跑圈无需获得用户的另行确认与授权即可收集、使用或公开用户的非个人隐私信息,第一方收集_使用,对数据的使用
2.4鉴于“悦跑圈”帐号的绑定注册方式，您同意悦跑圈在注册时将使用您提供的手机号码及/或自动提取您的手机号码及自动提取您的手机设备识别码等信息用于注册,第一方收集_使用,何时采集
您同意给予运营商授权，授权运营商有权自动提取您的手机号码进行认证并用于“悦跑圈”账号注册，您保证遵守运营商的相关服务条款，如运营商对您的手机号认证成功，则您的注册即完成,第一方收集_使用,采集的个人信息类型
如您不同意对运营商的授权和/或服务条款或者是您的手机号认证失败，您可以手动修改运营商提取的手机号码，采取验证码方式进行注册登录,用户访问_编辑_删除的方法,用户可以进行的操作
2.5悦跑圈特别提醒您务必保管好您的手机号码及验证码，用户在注册账号时，须使用手机号码绑定注册，切勿将账号及密码/验证码透露给他人,其他通用信息,
您须自行负责对您账户和密码进行保密，且须对在您账户和密码下发生的所有活动（包括但不限于信息披露、信息发布、网上点击同意或提交各类规则协议和购买服务等）承担责任,其他通用信息,
悦跑圈不能也不会对因您未遵守本条款规定而发生的任何损失负责,其他通用信息,
"若您发现任何人未经授权使用您的账号及密码，您须立即通知悦跑圈，请联系客服cs@thejoyrun.com
或致电400-960-6662提出您的请求",第一方收集_使用,是否有交互
2.6尊重用户个人隐私是悦跑圈的一贯制度，悦跑圈将采取技术措施和其他必要措施，确保用户个人信息安全，防止在本服务中收集的用户个人信息泄露、毁损或丢失,数据安全,安全措施
在发生前述情形或者悦跑圈发现存在发生前述情形的可能时，悦跑圈将及时采取补救措施并告知用户，用户如发现存在前述情形亦需立即与悦跑圈联系,数据安全,发生安全事故的处理方式
2.7 您可以对账户设置昵称，您设置的昵称不得侵犯或涉嫌侵犯他人的合法权益,用户访问_编辑_删除的方法,用户可以进行的操作
"用户承诺设置昵称时遵守以下规定：
（1）不以党和国家领导人或其他社会名人的真实姓名、字号、艺名、笔名注册",其他通用信息,
如已有注册，悦跑圈有权要求用户修改,其他通用信息,
（2）不以国家机构或其他机构的名称注册,其他通用信息,
（3）不注册不文明、不健康名字，或包含歧视、侮辱、猥亵类词语的账号,其他通用信息,
（4）不注册易产生歧义、引起他人误解或其他不符合法律规定的账号,其他通用信息,
如您设置的昵称涉嫌侵犯他人合法权益，悦跑圈有权终止向您提供部分或全部软件服务,其他通用信息,
悦跑圈对此不承担任何责任，您将承担因此产生的任何直接或间接损失及不利后果,其他通用信息,
2.8 悦跑圈未经用户同意不向任何第三方公开、 透露用户个人隐私信息,与第三方共享_转让_公开,对于第三方的约束
"但以下特定情形除外：
(1) 悦跑圈根据法律法规规定或有权机关的指示提供用户的个人隐私信息",与第三方共享_转让_公开,何时与第三方共享
(2) 由于用户将其用户密码告知他人或与他人共享注册帐户与密码，由此导致的任何个人信息的泄漏，或其他非因悦跑圈原因导致的个人隐私信息的泄露,与第三方共享_转让_公开,何时与第三方共享
(3) 用户自行向第三方公开其个人隐私信息,与第三方共享_转让_公开,何时与第三方共享
(4) 用户与悦跑圈及合作单位之间就用户个人隐私信息的使用公开达成约定，悦跑圈因此向合作单位公开用户个人隐私信息,与第三方共享_转让_公开,何时与第三方共享
(5) 任何由于黑客攻击、电脑病毒侵入及其他不可抗力事件导致用户个人隐私信息的泄露,与第三方共享_转让_公开,何时与第三方共享
(6) 用户个人信息已经经过处理无法识别特定个人且不能复原,与第三方共享_转让_公开,何时与第三方共享
"2.9 用户同意悦跑圈可在以下事项中使用用户的个人隐私信息：
(1) 悦跑圈向用户及时发送重要通知，如软件更新、本协议条款的变更",第一方收集_使用,对数据的使用
(2) 悦跑圈内部进行审计、数据分析和研究等，以改进悦跑圈的产品、服务和与用户之间的沟通,第一方收集_使用,对数据的使用
(3) 依本协议约定，悦跑圈管理、审查用户信息及进行处理措施,第一方收集_使用,对数据的使用
(4) 适用法律法规规定的其他事项,第一方收集_使用,对数据的使用
除上述事项外，如未取得用户事先同意，悦跑圈不会将用户个人隐私信息使用于任何其他用途,其他通用信息,
2.10悦跑圈十分注重保护用户的个人隐私，并制定了《悦跑圈隐私政策》,其他通用信息,
用户亦可以通过“设置”页面里的“关于悦跑圈”来进行具体查看，用户确认并同意使用悦跑圈提供的服务将被视为接受《悦跑圈隐私权政策》,用户访问_编辑_删除的方法,用户可以进行的操作
"==========
##  三、悦跑圈产品及服务介绍
3.1
悦跑圈为用户提供多样的互联网产品和线下服务，包括但不限于跑步、训练、赛事报名、社交、跑团、电商等相关产品，用户可以通过悦跑圈使用、分享、购买悦跑圈提供的产品和服务",其他通用信息,
用户有权获得悦跑圈提供的产品和服务，但悦跑圈有权收取由此产生的服务或产品的费用,其他通用信息,
对于收费服务，悦跑圈会在用户使用之前给予用户明确的提示，只有用户根据提示确认其同意按照前述支付方式支付费用并完成了支付行为，用户才能使用该等收费服务,其他通用信息,
支付行为的完成以银行或第三方支付平台生成“支付已完成”的确认通知为准,其他通用信息,
3.2 悦跑圈将尽力提供畅通无阻的在线服务，如平台的网络接入服务受多种因素的影响出现连接受阻、受限或被终止，由此给您带来的损失、不便，我们将不负任何责任,其他通用信息,
"3.3 悦跑圈的替换、修改和升级：
(1) 为增进用户体验、完善服务内容，悦跑圈有权根据您对软件的使用状态和行为开发新的服务",其他通用信息,
(2) 为改进、增强和进一步开发服务，悦跑圈有权不时提供软件更新（包括软件升级替换、修改、功能强化、版本升级等形式）,其他通用信息,
(3) 用户理解并同意：悦跑圈有权不向您特别通知而对悦跑圈进行更新，或对悦跑圈部分功能进行改变或限制,其他通用信息,
(4) 悦跑圈新版本发布后，旧版本可能无法使用,其他通用信息,
悦跑圈不保证旧版悦跑圈及相应的服务继续可用，为充分、及时使用悦跑圈的服务，请您随时核对并下载最新版本,其他通用信息,
"==========
##  四、内容规范
4.1本条所述内容是指用户使用本服务过程中所制作、上载、复制、发布、传播的任何内容，包括但不限于帐号头像、名称、用户说明等注册信息及认证资料，或文字、语音、图片、视频、图文等发送、回复或自动回复消息和相关链接页面，以及其他使用帐号或本服务所产生的内容",其他通用信息,
"4.2 用户不得利用“悦跑圈”帐号或本服务制作、上载、复制、发布、传播如下法律、法规和政策禁止的内容：
(1) 反对宪法所确定的基本原则的",其他通用信息,
(2) 危害国家安全，泄露国家秘密，颠覆国家政权，破坏国家统一的,其他通用信息,
(3) 损害国家荣誉和利益的,其他通用信息,
(4) 煽动民族仇恨、民族歧视，破坏民族团结的,其他通用信息,
(5) 破坏国家宗教政策，宣扬邪教和封建迷信的,其他通用信息,
(6) 散布谣言，扰乱社会秩序，破坏社会稳定的,其他通用信息,
(7) 散布淫秽、色情、赌博、暴力、凶杀、恐怖或者教唆犯罪的,其他通用信息,
(8) 侮辱或者诽谤他人，侵害他人合法权益的,与第三方共享_转让_公开,与第三方共享的方式
(9) 不遵守法律法规底线、社会主义制度底线、国家利益底线、公民合法权益底线、社会公共秩序底线、道德风尚底线和信息真实性底线的“七条底线”要求的,与第三方共享_转让_公开,与第三方共享的目的
(10) 含有法律、行政法规禁止的其他内容的信息,用户访问_编辑_删除的方法,用户可以进行的操作
"4.3 用户不得利用“悦跑圈”帐号或本服务制作、上载、复制、发布、传播如下干扰“悦跑圈”正常运营，以及侵犯其他用户或第三方合法权益的内容：
(1) 含有任何性或性暗示的",其他通用信息,
(2) 含有辱骂、恐吓、威胁内容的,其他通用信息,
(3) 含有骚扰、垃圾广告、恶意信息、诱骗信息的,其他通用信息,
(4) 涉及他人隐私、个人信息或资料的,其他通用信息,
(5) 侵害他人名誉权、肖像权、知识产权、商业秘密等合法权利的,其他通用信息,
(6) 含有其他干扰本服务正常运营和侵犯其他用户或第三方合法权益内容的信息,其他通用信息,
"==========
##  五、使用规则
5.1 用户在本服务中或通过本服务所传送、发布的任何内容并不反映或代表，也不得被视为反映或代表悦跑圈的观点、立场或政策，悦跑圈对此不承担任何责任",其他通用信息,
"5.2 用户不得利用“悦跑圈”帐号或本服务进行如下行为：
(1) 提交、发布虚假信息，或盗用他人头像或资料，冒充、利用他人名义的",其他通用信息,
(2) 强制、诱导其他用户关注、点击链接页面或分享信息的,其他通用信息,
(3) 虚构事实、隐瞒真相以误导、欺骗他人的,其他通用信息,
(4) 利用技术手段批量建立虚假帐号的,其他通用信息,
(5) 利用“悦跑圈”帐号或本服务从事任何违法犯罪活动的,其他通用信息,
(6) 制作、发布与以上行为相关的方法、工具，或对此类方法、工具进行运营或传播，无论这些行为是否为商业目的,其他通用信息,
(7) 其他违反法律法规规定、侵犯其他用户合法权益、干扰“悦跑圈”正常运营或悦跑圈未明示授权的行为,其他通用信息,
5.3 用户须对利用“悦跑圈”帐号或本服务传送信息的真实性、合法性、准确性、有效性等全权负责，与用户所传播的信息相关的任何法律责任由用户自行承担，与悦跑圈无关,用户访问_编辑_删除的方法,操作对用户造成的影响
如因此给悦跑圈或第三方造成损害的，用户应当依法予以赔偿,其他通用信息,
5.4 悦跑圈提供的服务中可能包括广告，用户同意在使用过程中显示悦跑圈和第三方供应商、合作伙伴提供的广告,其他通用信息,
除法律法规明确规定外，用户应自行对依该广告信息进行的交易负责，对用户因依该广告信息进行的交易或前述广告商提供的内容而遭受的损失或损害，悦跑圈不承担任何责任,其他通用信息,
"5.5 除非悦跑圈书面许可，用户不得从事下列任一行为：
(1) 删除软件及其副本上关于著作权的信息",其他通用信息,
(2) 对软件进行反向工程、反向汇编、反向编译，或者以其他方式尝试发现软件的源代码,其他通用信息,
(3) 对悦跑圈拥有知识产权的内容进行使用、出租、出借、复制、修改、链接、转载、汇编、发表、出版、建立镜像站点等,其他通用信息,
(4) 对软件或者软件运行过程中释放到任何终端内存中的数据、软件运行过程中客户端与服务器端的交互数据，以及软件运行所必需的系统数据，进行复制、修改、增加、删除、挂接运行或创作任何衍生作品，形式包括但不限于使用插件、外挂或非经悦跑圈授权的第三方工具/服务接入软件和相关系统,其他通用信息,
(5) 通过修改或伪造软件运行中的指令、数据，增加、删减、变动软件的功能或运行效果，或者将用于上述用途的软件、方法进行运营或向公众传播，无论这些行为是否为商业目的,其他通用信息,
(6) 通过非悦跑圈开发、授权的第三方软件、插件、外挂、系统，登录或使用悦跑圈软件及服务，或制作、发布、传播非悦跑圈开发、授权的第三方软件、插件、外挂、系统,其他通用信息,
"==========
##  六、数据储存
6.1 悦跑圈不对用户在本服务中相关数据的删除或储存失败负责",其他通用信息,
6.2悦跑圈可以根据实际情况自行决定用户在本服务中数据的最长储存期限，并在服务器上为其分配数据最大存储空间等,数据安全,数据存储期限
用户可根据自己的需要自行备份本服务中的相关数据,用户访问_编辑_删除的方法,用户可以进行的操作
6.3 如用户停止使用本服务或本服务终止，悦跑圈可以从服务器上永久地删除用户的数据,用户访问_编辑_删除的方法,供应商动作
本服务停止、终止后，悦跑圈没有义务向用户返还任何数据,其他通用信息,
"==========
##  七、风险承担
7.1用户理解并同意，“悦跑圈”仅为用户提供运动计步服务、信息分享、传送及获取的平台，用户必须为自己注册帐号下的一切行为负责，包括用户所传送的任何内容以及由此产生的任何后果",其他通用信息,
用户应对“悦跑圈”及本服务中的内容自行加以判断，并承担因使用内容而引起的所有风险，包括因对内容的正确性、完整性或实用性的依赖而产生的风险,其他通用信息,
悦跑圈无法且不会对因用户行为而导致的任何损失或损害承担责任,其他通用信息,
如果用户发现任何人违反本协议约定或以其他不当的方式使用本服务，请立即向悦跑圈举报或投诉，举报或投诉方式为cs@thejoyrun.com，悦跑圈将依本协议约定进行处理,其他通用信息,
7.2 用户理解并同意，因业务发展需要，悦跑圈保留单方面对本服务的全部或部分服务内容变更、暂停、终止或撤销的权利，用户需承担此风险,其他通用信息,
"==========
##  八、知识产权声明
8.1除本服务中涉及广告的知识产权由相应广告商享有外，悦跑圈在本服务中提供的内容（包括但不限于网页、文字、图片、音频、视频、图表等）的知识产权均归悦跑圈所有，但用户在使用本服务前对自己发布的内容已合法取得知识产权的除外",其他通用信息,
8.2 除另有特别声明外，悦跑圈提供本服务时所依托软件的著作权、专利权及其他知识产权均归悦跑圈所有,其他通用信息,
8.3悦跑圈在本服务中所涉及的图形、文字或其组成，以及其他悦跑圈标志及产品、服务名称（以下统称“悦跑圈标识”），其著作权或商标权归悦跑圈所有,其他通用信息,
未经悦跑圈事先书面同意，用户不得将悦跑圈标识以任何方式展示或使用或作其他处理，也不得向他人表明用户有权展示、使用、或其他有权处理悦跑圈标识的行为,其他通用信息,
8.4 上述及其他任何悦跑圈或相关广告商依法拥有的知识产权均受到法律保护，未经悦跑圈或相关广告商书面许可，用户不得以任何形式进行使用或创造相关衍生作品,其他通用信息,
8.5用户在使用悦跑圈服务时发表上传的文字、图片、视频、音频、软件以及表演等信息，此部分信息的知识产权归用户，责任由用户承担,其他通用信息,
但用户的发表、上传行为视为对悦跑圈的授权，用户理解并同意授予悦跑圈及其关联公司全球范围内完全免费、不可撤销、独家、永久、可转授权和可再许可的权利，包括但不限于：复制权、发行权、出租权、展览权、表演权、放映权、广播权、信息网络传播权、摄制权、改编权、翻译权、汇编权以及《著作权法》规定的由著作权人享有的其他著作财产权利及邻接权利,其他通用信息,
悦跑圈可自行选择是否使用以及使用方式，包括但不限于将前述信息在悦跑圈旗下的服务平台上使用与传播，将上述信息再次编辑后使用，以及由悦跑圈授权给合作方使用、编辑与传播等,其他通用信息,
"==========
##  九、法律责任
9.1如果悦跑圈发现或收到他人举报或投诉用户违反本协议约定的，悦跑圈有权不经通知随时对相关内容，包括但不限于用户资料、聊天记录进行审查、删除，并视情节轻重对违规帐号处以包括但不限于警告、帐号封禁、设备封禁 、功能封禁 的处罚，且通知用户处理结果",其他通用信息,
9.2用户理解并同意，悦跑圈有权依合理判断对违反有关法律法规或本协议规定的行为进行处罚，对违法违规的任何用户采取适当的法律行动，并依据法律法规保存有关信息向有关部门报告等，用户应承担由此而产生的一切法律责任,其他通用信息,
9.3用户理解并同意，因用户违反本协议约定，导致或产生的任何第三方主张的任何索赔、要求或损失，包括合理的律师费，用户应当赔偿悦跑圈与合作公司、关联公司，并使之免受损害,其他通用信息,
"==========
##  十、不可抗力及其他免责事由
10.1用户理解并确认，在使用本服务的过程中，可能会遇到不可抗力等风险因素，使本服务发生中断",其他通用信息,
不可抗力是指不能预见、不能克服并不能避免且对一方或双方造成重大影响的客观事件，包括但不限于自然灾害如洪水、地震、瘟疫流行和风暴等以及社会事件如战争、动乱、政府行为等,其他通用信息,
出现上述情况时，悦跑圈将努力在第一时间与相关单位配合，及时进行修复，但是由此给用户或第三方造成的损失，悦跑圈及合作单位在法律允许的范围内免责,其他通用信息,
10.2本服务同大多数互联网服务一样，受包括但不限于用户原因、网络服务质量、社会环境等因素的差异影响，可能受到各种安全问题的侵扰，如他人利用用户的资料，造成现实生活中的骚扰,其他通用信息,
用户下载安装的其它软件或访问的其他网站中含有“特洛伊木马”等病毒，威胁到用户的计算机信息和数据的安全，继而影响本服务的正常使用等等,其他通用信息,
用户应加强信息安全及使用者资料的保护意识，要注意加强密码保护，以免遭致损失和骚扰,其他通用信息,
10.3用户理解并确认，本服务存在因不可抗力、计算机病毒或黑客攻击、系统不稳定、用户所在位置、用户关机以及其他任何技术、互联网络、通信线路原因等造成的服务中断或不能满足用户要求的风险，因此导致的用户或第三方任何损失，悦跑圈不承担任何责任,其他通用信息,
10.4用户理解并确认，在使用本服务过程中存在来自任何他人的包括误导性的、欺骗性的、威胁性的、诽谤性的、令人反感的或非法的信息，或侵犯他人权利的匿名或冒名的信息，以及伴随该等信息的行为，因此导致的用户或第三方的任何损失，悦跑圈不承担任何责任,其他通用信息,
10.5用户理解并确认，悦跑圈需要定期或不定期地对“悦跑圈”平台或相关的设备进行检修或者维护，如因此类情况而造成服务在合理时间内的中断，悦跑圈无需为此承担任何责任，但悦跑圈应事先进行通告,其他通用信息,
10.6悦跑圈依据法律法规、本协议约定获得处理违法违规或违约内容的权利，该权利不构成悦跑圈的义务或承诺，悦跑圈不能保证及时发现违法违规或违约行为或进行相应处理,其他通用信息,
"10.7 用户理解并确认，对于悦跑圈向用户提供的下列产品或者服务的质量缺陷及其引发的任何损失，悦跑圈无需承担任何责任：
(1) 悦跑圈向用户免费提供的服务",其他通用信息,
(2) 悦跑圈向用户赠送的任何产品或者服务,其他通用信息,
10.8在任何情况下，悦跑圈均不对任何间接性、后果性、惩罚性、偶然性、特殊性或刑罚性的损害，包括因用户使用“悦跑圈”或本服务而遭受的利润损失，承担责任（即使悦跑圈已被告知该等损失的可能性亦然）,其他通用信息,
尽管本协议中可能含有相悖的规定，悦跑圈对用户承担的全部责任，无论因何原因或何种行为方式，始终不超过用户因使用悦跑圈提供的服务而支付给悦跑圈的费用(如有),其他通用信息,
"==========
##  十一、服务的变更、中断、终止
11.1鉴于网络服务的特殊性，用户同意悦跑圈有权随时变更、中断或终止部分或全部的服务（包括收费服务）",其他通用信息,
悦跑圈变更、中断或终止的服务，悦跑圈应当在变更、中断或终止之前通知用户，并应向受影响的用户提供等值的替代性的服务,其他通用信息,
如用户不愿意接受替代性的服务，如果该用户已经向悦跑圈支付的悦跑圈币，悦跑圈应当按照该用户实际使用服务的情况扣除相应悦跑圈币之后将剩余的悦跑圈币退还用户的悦跑圈币账户中,用户访问_编辑_删除的方法,供应商动作
"11.2 如发生下列任何一种情形，悦跑圈有权变更、中断或终止向用户提供的免费服务或收费服务，而无需对用户或任何第三方承担任何责任：
(1) 根据法律规定用户应提交真实信息，而用户提供的个人资料不真实、或与注册时信息不一致又未能提供合理证明",其他通用信息,
(2) 用户违反相关法律法规或本协议的约定,其他通用信息,
(3) 按照法律规定或有权机关的要求,其他通用信息,
(4) 出于安全的原因或其他必要的情形,其他通用信息,
11.3用户理解并同意，因用户违反本协议约定，导致或产生的任何第三方主张的任何索赔、要求或损失，包括合理的律师费，用户应当赔偿悦跑圈与合作公司、关联公司，并使之免受损害,其他通用信息,
"==========
##  十二、其他
12.1 悦跑圈郑重提醒用户注意本协议中免除悦跑圈责任和限制用户权利的条款，请用户仔细阅读，自主考虑风险
12.2本协议的效力、解释及纠纷的解决，适用于中华人民共和国法律",其他通用信息,
若用户和悦跑圈之间发生任何纠纷或争议，首先应友好协商解决，协商不成的，用户同意将纠纷或争议提交悦跑圈住所地有管辖权的人民法院管辖,其他通用信息,
12.3 本协议的任何条款无论因何种原因无效或不具可执行性，其余条款仍有效，对双方具有约束力,其他通用信息,
12.4由于互联网高速发展，您与悦跑圈签署的本协议列明的条款可能并不能完整罗列并覆盖您与悦跑圈所有权利与义务，现有的约定也不能保证完全符合未来发展的需求,其他通用信息,
因此，《悦跑圈隐私政策》、《悦跑圈社区管理规定》等均为本协议的补充协议，与本协议不可分割且具有同等法律效力,其他通用信息,
如您使用悦跑圈平台服务，视为您同意上述补充协议,其他通用信息,
==========,其他通用信息,
