"aszZYU6qQCXf7i8pyKVh1e9fDIRi-0525_com_bdwxdhxt_hongcaitong.txt





Apkid:com.bdwxdhxt.hongcaitong
==========
##  隐私政策
（以下简称“我们”或“公司”）深知个人信息安全的重要性，我们将按照法律法规的规定，采用安全保护措施，保护您的个人信息及隐私安全",其他通用信息,
"因此，我们制定《
隐私政策》（以下简称“本《隐私政策》”）并提醒您：在使用“
”软件及相关服务、提交个人信息前，请务必仔细阅读并透彻理解本《隐私政策》，在确认充分理解并同意后方使用相关产品和服务",其他通用信息,
"一旦您开始使用“
”软件及相关服务，则视为您对本政策内容的接受和认可",其他通用信息,
我们非常重视用户个人信息的保护，并且将以高度勤勉和审慎的义务对待这些信息,其他通用信息,
"您在下载、安装、开启、浏览、注册、登录、使用（以下统称“使用”）“
”软件及相关服务时，我们将按照本《隐私政策》收集、保存、使用、共享、披露及保护您的个人信息",其他通用信息,
我们希望通过本《隐私政策》向您介绍我们对您个人信息的处理方式，因此我们再次建议您认真完整地阅读本《隐私政策》的所有条款,其他通用信息,
其中，免除或者限制责任条款等重要内容将以加粗形式提示您注意，您应重点阅读,其他通用信息,
本《隐私政策》中所述的“  ”软件及相关服务有可能会根据您所使用的手机型号、系统版本、软件应用程序版本等因素而有所不同,其他通用信息,
"最终的产品和服务以您所使用的“
”软件及相关服务为准",其他通用信息,
"如果您不同意本《隐私政策》的内容，将导致“  ”软件及相关服务无法正常运行，我们将无法为您提供完整的产品和服务，同时也请您立即停止使用“
”软件及相关服务",其他通用信息,
当您开始使用“  ”软件及相关服务，将视同您完全理解且同意本《隐私政策》的全部内容,其他通用信息,
"在我们更新本《隐私政策》后（我们会及时在“
”平台发布最新版本），如您继续使用“
”的软件及相关服务，即意味着您完全理解本《隐私政策》（含更新版本）的全部内容，并同意我们按照本《隐私政策》收集、保存、使用、共享、披露及保护您的相关个人信息
《隐私政策》适用于我们向您提供的“  ”软件及相关服务，无论您是通过计算机设备、移动设备或其他终端设备获得该等软件或服务",其他通用信息,
"==========
为本《隐私政策》之目的：
  * （1）“  ”软件及相关服务是指公司及其关联方通过合法拥有并运营的、标注名称为“  ”的客户端应用程序，向您提供的产品与服务，包括但不限于图片、文字、短视频发布、浏览及推荐等功能，以及连接人与信息的新型服务",其他通用信息,
* （2）关联方是指，因共同所有权或控制权而与公司相关的公司、组织或个人,其他通用信息,
* （3）第三方是指，并非因为共同所有权或控制权而存在相关关系的公司、组织或个人（即非关联公司）或者其他非相关的个人,其他通用信息,
* （4）个人信息是指，以电子或者其他方式记录的能够单独或者与其他信息结合识别特定自然人身份或者反映特定自然人活动情况的各种信息，包括个人身份信息（姓名、出生日期、身份证件号码，包括身份证、军官证、护照、驾驶证）、面部特征、地址、联系电话、通信录、网络身份识别信息（包括账户名、账户昵称、邮箱地址以及与前述有关的密码与密码保护问题和答案）,其他通用信息,
财产信息、交易信息、个人上网记录（网络浏览记录、点击记录等）、个人常用设备信息（包括硬件型号、设备MAC地址、操作系统类型、软件列表唯一设备识别码，如IMEI/android ID/IDFA/OPENUDID/GUID、SIM卡IMSI卡信息等在内的描述个人常用终端设备基本情况的信息）、个人位置信息等,其他通用信息,
* （5）个人敏感信息是指，一旦泄露、非法提供或滥用可能危害人身和财产安全，极易导致个人名誉、身心健康受到损害或歧视性待遇等的个人信息,其他通用信息,
本隐私政策中的个人敏感信息包括：包括个人身份信息（身份证件号码，包括身份证、军官证、护照、驾驶证）、面部识别特征,其他通用信息,
财产信息、交易信息,其他通用信息,
网络身份识别信息（包括账户名、账户昵称、邮箱地址以及与前述有关的密码与密码保护问题和答案）,其他通用信息,
其他信息（包括通信录、个人电话号码、手机号码、行程信息、网页浏览记录、精准定位信息）,其他通用信息,
"==========
本隐私政策将帮助您了解以下内容：
一、本《隐私政策》的适用范围 2
二、个人信息可能收集的范围与方式 3
三、个人信息的存储 5
四、对Cookie和同类技术的使用 5
五、个人信息可能的使用方式 5
六、个人信息可能的共享方式 6
七、个人信息安全保护 8
八、个人信息的管理 9
九、未成年人使用条款 10
十、隐私政策的变更 10
十一、争议解决 11
十二、其他 11
==========
###  一、本《隐私政策》的适用范围
除本《隐私政策》另有规定外，本《隐私政策》所用词语与《  用户协议》所定义的词语具有相同的涵义",其他通用信息,
"1\. 本《隐私政策》不适用于以下情况：
1\. 1通过“  ”软件及相关服务而接入的第三方服务（包括任何第三方应用及网站）收集和使用您的个人信息",其他通用信息,
1\. 2通过在“  ”软件及相关服务中提供广告服务的其他第三方收集和使用您的个人信息,其他通用信息,
"2\. “
”软件及相关服务中可能包括或链接至第三方提供的信息或其他服务（包括网站）",其他通用信息,
该等第三方服务可能由相关的第三方运营,其他通用信息,
您使用该等第三方服务（包括您向该等第三方提供的任何个人信息），须受该第三方的服务条款及隐私政策（而非本《隐私政策》）约束，您需要仔细阅读其条款,其他通用信息,
请您妥善保护自己的个人信息，仅在必要的情况下向他人提供,其他通用信息,
本《隐私政策》仅适用于我们所收集、保存、使用、共享、披露信息，并不适用于任何第三方提供的服务或第三方的信息使用规则，我们对任何第三方使用由您提供的信息不承担任何责任,其他通用信息,
"==========
###  二、个人信息可能收集的范围与方式
当您在使用“”软件及相关服务时，您理解并同意，我们将可能收集、储存和使用下列与您个人信息有关的数据，这些信息可用于您注册、登录、绑定账号、密码找回时接收验证码等功能，如果您不提供相关信息，可能无法注册成为我们的用户或无法享受我们提供的某些服务，或者无法达到相关服务拟达到的效果",第一方收集_使用,何时采集
在您使用“”软件及相关服务的某些功能时，根据中华人民共和国相关法律法规，您可能需要通过您的账号提供您的真实身份信息，我们将会根据您的身份属性协助您选择合适的方式完成实名验证,第一方收集_使用,何时采集
如果您仅需使用浏览、搜索等基本功能，您不需要注册“”账号，也不需要提供相关信息,用户访问_编辑_删除的方法,用户可以进行的操作
"1\. 您向我们提供的信息
1\. 1您注册、登录或使用“”软件及相关服务时填写和/或提供的信息，可能包括姓名、手机号码、电子邮箱、地址等能够单独或者与其他信息结合识别用户身份的信息",第一方收集_使用,采集的个人信息类型
您可以选择不提供某一或某些信息，但是这样可能使您无法正常使用“”软件及相关服务的某些功能,第一方收集_使用,用户选择所造成的影响
1\. 2 若您以其他方式关联登录、使用“”软件及相关服务，我们会向第三方请求您的个人信息，对于我们需要但第三方无法提供的个人信息，我们仍会要求您提供,与第三方共享_转让_公开,与第三方共享的目的
如果您拒绝提供，将可能导致您无法正常使用“”软件及相关服务的某些功能,第一方收集_使用,用户选择所造成的影响
"2\. 因您使用“  ”软件及服务获取的信息
2.1日志信息，当您使用“”软件及相关服务时，我们会自动收集您对我们服务的使用情况，作为有关网络日志保存",第一方收集_使用,采集的个人信息类型
例如您的搜索查询内容、IP地址、浏览器的类型、使用的语言、访问服务的日期和时间、Cookie、Web Beacon等,第一方收集_使用,采集的个人信息类型
2.2设备或应用信息，某些移动设备或应用包含唯一应用程序编号,第一方收集_使用,采集的个人信息类型
例如您使用的移动设备、浏览器或用于接入“”软件及相关服务的其他程序所提供的配置信息、设备版本号、设备识别码等,第一方收集_使用,采集的个人信息类型
为了向您提供更好的服务与改善您的用户体验，“”软件及相关服务可能会记录硬件型号、操作系统版本号、国际移动设备识别码（IMEI）、网络设备硬件地址（MAC）、软件列表等软硬件数据,第一方收集_使用,采集的目的
2.3位置信息,第一方收集_使用,采集的个人信息类型
当您开启设备定位功能并使用“”软件及相关服务基于位置提供的相关服务时，在获得您的同意后，我们会使用各种信息进行定位，以使得您不需要手动输入自身地理坐标就可获得相关服务,第一方收集_使用,何时采集
这些信息包括IP地址、GPS信号以及能够提供相关位置信息的其他传感器信息等（如可能需要提供附近设备、Wi-Fi接入点和基站的信息）,第一方收集_使用,采集的个人信息类型
为了提升您的体验，我们也可能会通过位置信息用以为您提供更具有个性化的服务，在征得您的同意后，将可能用于向您推荐更符合您个性化需求内容,第一方收集_使用,对数据的使用
您可以通过关闭定位功能，停止向“”软件及相关服务提供您的地理位置信息，我们理解大多数移动设备均允许您（针对特定的产品或服务）关闭定位服务，具体建议请您联系您的移动设备的服务商或生产商,用户访问_编辑_删除的方法,用户可以进行的操作
3\. 当您使用的搜索服务时，我们会收集您的搜索关键字信息、设备信息等,第一方收集_使用,何时采集
为了提供高效的搜索服务，部分前述信息会暂时存储在您的本地存储设备之中,第一方收集_使用,采集的目的
您理解并同意，如您的搜索关键字信息无法单独或结合其他信息识别到您的个人身份，其不属于法律意义上的个人信息，因此我们有权以其他的目的对其进行使用,第一方收集_使用,对数据的使用
只有当您的搜索关键字信息可以单独或结合其他信息识别到您的个人身份时，则在结合使用期间，我们会将您的搜索关键字信息作为您的个人信息，与您的搜索历史记录一同按照本《隐私政策》对其进行处理与保护,第一方收集_使用,何时采集
4\. 在您使用“”软件及相关服务提供的身份认证功能时，我们会根据相关法律法规规定和/或该身份认证功能所必需，收集您的姓名、身份证号等有关身份证明的信息，我们将对您的这些信息会加以最大程度的保护，如果您不提供这些信息，您将可能无法获得相关服务,第一方收集_使用,何时采集
5\.当您参加我们举办的有关营销活动时，我们根据活动需要可能会收集您的姓名、通信地址、联系方式、银行账号等信息,第一方收集_使用,何时采集
这些信息是您收到转账或者礼品所必要的，如果您拒绝提供这些信息，我们将可能无法向您转账或发放礼品,第一方收集_使用,用户选择所造成的影响
6\.当您自愿参加我们以问卷、深度访谈、焦点小组等方式开展的市场调研活动时，我们可能会在您同意的前提下匿名收集您的年龄、性别与联系方式等信息，以完成相应的用户体验调研,第一方收集_使用,何时采集
除非得到您的事先同意，这些信息将仅用于前述之目的，我们将不会向任何第三方披露您的任何相关信息，或将该等信息用于其他目的,与第三方共享_转让_公开,对于第三方的约束
"==========
###  三、个人信息的存储
1\. 信息存储的地点
我们依照法律法规的规定，将在境内运营过程中收集和产生的您的个人信息存储于中华人民共和国境内",数据安全,数据存储/跨境传输的目的
"2\. 存储期限
我们仅在为提供“  ”软件及服务之目的所必需的期间内保留您的个人信息，但法律法规另有规定的除外",数据安全,数据存储期限
"==========
###  四、对Cookie和同类技术的使用
1\. 您理解并同意，当您使用“”软件及相关服务时，为使您获得更轻松的访问体验，我们可能会使用各种技术来收集和存储信息，在此过程中可能会向您的设备发送一个或多个Cookie或匿名标识符",第一方收集_使用,何时采集
2\. 当您使用“”软件及相关服务时，我们可能会利用Cookie和同类技术收取您的信息用于了解您的偏好和使用习惯，进行咨询或数据分析，改善产品服务及用户体验，提高广告效果，及时发现并防范安全风险，为您提供更好的服务,第一方收集_使用,何时采集
3\.我们不会将Cookie用于本《隐私政策》所述目的之外的任何其他用途，您可以根据自己的偏好留存或删除Cookie，也可以清除软件或网页中保存的所有Cookie,用户访问_编辑_删除的方法,用户可以进行的操作
"==========
###  五、个人信息可能的使用方式
1\. 为实现“”软件及相关服务的功能，我们会根据本《隐私政策》的约定对所收集的您的个人信息进行使用",第一方收集_使用,使用的目的
如有除此之外的任何其他用途，我们都会提前征得您的同意,第一方收集_使用,是否有交互
"具体而言，我们将为以下目的使用所收集的您的个人信息：
  * （1）通过“  ”软件及相关服务向您提供尽可能个性化、高质量的服务",第一方收集_使用,使用的目的
* （2）向您提供更加相关的广告，以替代传统普遍投放的广告,第一方收集_使用,使用的目的
* （3）在我们提供相应服务所必需时，用于身份验证、客户服务、安全防范、诈骗监测、存档和备份用途，努力确保我们向您提供的产品和服务的安全性,第一方收集_使用,使用的目的
* （4）通过数据分析，更加了解您如何接入和使用我们的服务，从而针对性地回应您的个性化需求，例如语言设定、位置设定、个性化的帮助服务和指示等,第一方收集_使用,使用的目的
"2\. 为了努力确保服务的安全，帮助我们更好地了解“  ”软件及相关服务的运行情况，我们可能记录您使用“  ”软件及相关服务的信息数据，例如，您使用“
”软件及相关服务的频率、崩溃数据、总体使用情况、性能数据等",第一方收集_使用,采集的目的
3\.为了让您有更好的体验、改善我们的服务或您同意的个人信息使用目的，在符合相关法律法规的前提下，我们可能将通过某一项服务所收集的信息数据，以汇集信息数据或者个性化的方式，用于我们的其他服务,第一方收集_使用,使用的目的
例如，在您使用我们的一项服务时所收集的信息，可能在另一服务中用于向您提供特定内容，或向您展示与您相关的、非普遍推送的信息,第一方收集_使用,对数据的使用
如果我们在相关服务中提供了相应选项，您也可以授权我们将该服务所提供和储存的信息用于我们的其他服务,用户访问_编辑_删除的方法,用户可以进行的操作
4\.在收集您的个人信息后，我们将通过技术手段对数据进行去标识化处理，以降低其他组织或个人通过去标识化处理后的个人信息识别到您的风险，并采取技术和管理方面的措施，将去标识化后的数据与可用于恢复识别个人的信息分开存储,第一方收集_使用,对数据的使用
请您了解并同意，在此情况下我们有权使用已经去标识化的信息,第一方收集_使用,对数据的使用
并在不透露您个人信息的前提下，我们有权对用户数据库进行分析并予以商业化的利用,第一方收集_使用,对数据的使用
"5\. 请您注意，除非您删除或撤回同意（即通过系统设置拒绝我们的收集和使用），您在使用“  ”软件及相关服务时所提供的所有个人信息，将在您使用“
”软件及相关服务期间持续授权我们在符合本《隐私政策》的范围内使用",第一方收集_使用,用户选择所造成的影响
6\. 我们会对“”软件及相关服务使用情况进行统计，并可能会与公众或第三方共享这些统计信息，以展示我们的软件及相关服务的整体使用趋势,用户访问_编辑_删除的方法,供应商动作
但这些统计信息不会包含您的任何个人信息,其他通用信息,
"==========
###  六、个人信息可能的共享方式
1\.我们会以高度的勤勉义务对待您的信息",与第三方共享_转让_公开,对于第三方的约束
在获得您的明确同意后，我们可能会与第三方共享您的个人信息,与第三方共享_转让_公开,何时与第三方共享
另外，我们可能会按照法律法规的要求或强制性的政府要求或司法裁定等，与相关的第三方共享您的个人信息,与第三方共享_转让_公开,何时与第三方共享
2\.在获得您的同意后，我们可能会将您的个人信息与我们的关联方共享,与第三方共享_转让_公开,何时与第三方共享
受限于您在本《隐私政策》中所同意的个人信息使用方式与目的，我们只会与关联方共享必要的个人信息,与第三方共享_转让_公开,与第三方共享的个人信息类型
关联方如因业务需要，确需超出前述授权范围使用个人信息的，将再次征求您的授权同意,与第三方共享_转让_公开,是否有交互
3\. 为实现“”产品及相关服务的完整功能以及本《隐私政策》中声明的若干目的，我们的某些服务将由授权第三方提供,与第三方共享_转让_公开,与第三方共享的目的
我们可能会与此等授权第三方共享您的某些个人信息，以提供更好的客户服务和用户体验,与第三方共享_转让_公开,与第三方共享的目的
我们仅会出于合法、正当、必要、特定、明确的目的共享您的个人信息，并且只会共享提供该等服务所必要的个人信息,与第三方共享_转让_公开,与第三方共享的目的
授权第三方无权将共享的个人信息用于任何其他用途，或向其他任何第三方作进一步的披露,与第三方共享_转让_公开,对于第三方的约束
"4\. 您同意我们与如下授权第三方共享信息：
  * （1）软件服务提供商、智能设备提供商或系统服务提供商",与第三方共享_转让_公开,第三方相关实体
当第三方软件、设备、系统与“  ”产品及相关服务结合为您提供基于位置的服务时，我们可能会基于您对系统定位的授权及设定，收集您的位置信息及相关设备信息（例如硬件型号、操作系统版本号、国际移动设备身份识别码（IMEI）、网络设备硬件地址（MAC））并提供给前述提供商，特殊情境下会包含您另行填写的其他信息,与第三方共享_转让_公开,与第三方共享的个人信息类型
如您拒绝此类信息的收集及使用，您可以在设备系统中进行设置或关闭提供服务的软件,用户访问_编辑_删除的方法,用户可以进行的操作
* （2）广告服务提供商,与第三方共享_转让_公开,第三方相关实体
未经您授权，我们不会将您的个人信息与广告服务提供商进行共享,与第三方共享_转让_公开,对于第三方的约束
但我们可能会将难以识别您个人身份的用户画像标签与广告服务商共享，以帮助其在不识别您个人身份的前提下提升广告有效触达率,与第三方共享_转让_公开,与第三方共享的目的
例如，只有在广告主同意遵守我们的广告发布规范后，我们才可能会告诉广告主他们广告的效果如何，或者有多少人看了他们广告或在看到广告后安装了应用，或者向这些合作伙伴提供不能识别个人身份的统计信息（例如“女性，25-29岁，位于北京”），帮助他们了解其受众或顾客,与第三方共享_转让_公开,何时与第三方共享
5\.对我们与之共享您个人信息的第三方，我们会对其数据安全能力与环境进行调查，与其签署严格的保密协定，并要求他们按照您同意的方式和目的、依据本《隐私政策》以及其他任何相关的保密和安全措施来处理您的个人信息,与第三方共享_转让_公开,何时与第三方共享
6\.随着我们业务的持续发展，我们将有可能进行合并、收购、资产转让或类似的交易，您的个人信息有可能作为此类交易的一部分而被转移,与第三方共享_转让_公开,何时与第三方共享
在发生前述变更时，我们将在转移您的个人信息前通知您有关情况，并按照法律法规及不低于本《隐私政策》所要求的安全标准继续保护或要求新的个人信息控制者继续保护您的个人信息,与第三方共享_转让_公开,对于第三方的约束
"7\. 未经您本人事先同意，我们不会向除公司及其关联方外的任何第三方，共享您的个人信息，下列情形除外：
  * （1）事先获得您的明确授权同意",其他通用信息,
* （2）您自行向第三方共享的,其他通用信息,
* （3）与国家安全、国防安全、公共安全、公共卫生、公共利益直接相关的,其他通用信息,
* （4）根据适用的法律法规的要求、强制性的行政和司法要求所必须的情况下进行披露或提供，或与犯罪侦查、起诉、审判和判决执行等直接相关的,其他通用信息,
在符合法律法规的前提下，当我们收到前述披露信息的请求时，我们会要求对方必须出具与之相应的法律文件，如传票或调查函,其他通用信息,
我们将对所有的请求都进行审慎的审查，以确保其具备合法依据，且仅限于行政、司法部门因特定调查目的有合法权利获取的数据,其他通用信息,
* （5）在法律法规允许的范围内，为维护“  ”其他用户、公司及其关联方的生命、财产等合法权益或维权产品或服务的安全稳定运行所必需的，例如查找、预防、处理欺诈等违法活动和减少信用风险等（不包括违反本《隐私政策》中所做的承诺而为获利目的对外公开或提供个人信息）,其他通用信息,
* （6）从合法公开披露的信息中收集个人信息的，如合法的新闻报道、政府信息公开等渠道,其他通用信息,
* （7）法律法规规定的其他情形,其他通用信息,
"==========
###  七、个人信息安全保护
1\.我们非常重视您个人信息的安全，将努力采取各种符合业界标准的合理的安全措施（包括技术方面和管理方面）来保护您的个人信息，防止您提供的个人信息，防止数据被不当使用或被未经授权的访问、公开披露、使用、修改、损坏、丢失或泄漏",数据安全,安全措施
2\. 我们会使用加密技术、匿名化处理等合理可行的手段保护您的个人信息，并使用受信赖的保护机制防止您的个人信息遭到恶意攻击,数据安全,安全措施
3\.我们会建立专门的安全部门、安全管理制度、数据安全流程保障您的个人信息安全,数据安全,安全措施
我们采取严格的数据使用和访问制度，确保只有授权人员才可访问您的个人信息，并适时对数据和技术进行安全审计,数据安全,安全措施
4\.尽管已经采取了上述合理有效措施，并已经遵守了相关法律规定要求的标准，但请您理解，由于技术的限制以及可能存在的各种恶意手段，在互联网行业，即便竭尽所能加强安全措施，也不可能始终保证信息百分之百的安全，我们将尽力确保您提供给我们的个人信息的安全性,数据安全,安全措施
您知悉并理解，您接入我们的服务所用的系统和通讯网络，有可能因我们可控范围外的因素而出现问题,其他通用信息,
因此，我们强烈建议您采取积极措施保护个人信息的安全，包括但不限于使用复杂密码、定期修改密码、不将自己的账号密码等个人信息透露给他人,用户访问_编辑_删除的方法,用户可以进行的操作
5\.我们会制定应急处理预案，并在发生用户信息安全事件时立即启动应急预案，努力阻止该等安全事件的影响和后果扩大,数据安全,发生安全事故的处理方式
一旦发生用户信息安全事件（泄露、丢失等）后，我们将按照法律法规的要求，及时向您告知：安全事件的基本情况和可能的影响、我们已经采取或将要采取的处置措施、您可自主防范和降低风险的建议、对您的补救措施等,数据安全,发生安全事故的处理方式
我们将及时将事件相关情况以推送通知、邮件、信函、短信等形式告知您，难以逐一告知时，我们会采取合理、有效的方式发布公告,数据安全,发生安全事故的处理方式
同时，我们还将按照相关监管部门要求，上报用户信息安全事件的处置情况,数据安全,发生安全事故的处理方式
6\. 我们谨此特别提醒您，本《隐私政策》提供的个人信息保护措施仅适用于“  ”软件及相关服务,其他通用信息,
一旦您离开“”及相关服务，浏览或使用其他网站、服务及内容资源，我们即没有能力及义务保护您在“”软件及相关服务之外的应用、网站提交的任何个人信息，无论您登录或浏览上述软件、网站是否基于“  ”的链接或引导，我们对此不承担任何法律责任,其他通用信息,
"==========
###  八、个人信息的管理
我们非常重视您对个人信息的管理，并尽全力保护您对于您个人信息的访问、修改（更新或更正）、删除以及撤回同意的权利，以使您拥有充分的能力保障您的隐私和安全",用户访问_编辑_删除的方法,用户可以进行的操作
"1\. 当您完成“  ”的账号注册、登录并进行合理和必要的身份验证后，您可以查阅、修改、删除您提交给“
”软件及相关服务的个人信息",用户访问_编辑_删除的方法,用户可以进行的操作
您理解并同意，一般情况下，您可以随时浏览、修改、删除自己提交的信息，但出于安全性和身份识别（如号码申诉服务）的考虑，您可能无法修改注册时提交的某些初始注册信息,用户访问_编辑_删除的方法,用户可以进行的操作
2\. 在“”软件及相关服务的某些业务功能中，我们可能仅依据信息系统、算法等在内的非人工自动决策机制做出决定,用户访问_编辑_删除的方法,供应商动作
如果这些决定显著影响您的合法权益，您有权要求我们做出解释，我们也将提供适当的救济方式,用户访问_编辑_删除的方法,用户可以进行的操作
3\.对于您上述合理的请求，我们原则上不会收取任何费用,用户访问_编辑_删除的方法,供应商动作
但对多次重复、超出合理限度的请求，我们将视实际情况收取一定成本费用,用户访问_编辑_删除的方法,供应商动作
对于无端重复、需要过多技术手段（例如，需要开发新系统或从根本上改变现行惯例）、给他人合法权益带来风险或者非常不切实际（例如，涉及备份磁带上存放的信息）的请求，我们可能会予以拒绝,用户访问_编辑_删除的方法,供应商动作
"4\. 您的信息有以下情形之一时，按照法律法规要求，我们可能无法响应您的请求：
  * （1）与国家安全、国防安全有关的",其他通用信息,
* （2）与公共安全、公共卫生、重大公共利益等有关的,其他通用信息,
* （3）与犯罪侦查、起诉、审判和执行判决等有关的,其他通用信息,
* （4）有充分证据表明您存在主观恶意或滥用权利的,其他通用信息,
* （5）响应您的请求将导致您或其他个人、组织的合法权益受到严重损害的,其他通用信息,
* （6）涉及商业秘密的,其他通用信息,
* （7）其他法律法规规定的情形,其他通用信息,
"==========
###  九、未成年人使用条款
若您是未满18周岁的未成年人，在使用“  ”软件及相关服务前，应在您的父母或其他监护人监护、指导下共同阅读并同意本《隐私政策》",面向特定人群用户条款,群体类型
公司根据国家相关法律法规的规定保护未成年人的个人信息，只会在法律允许、父母或其他监护人明确同意或保护儿童所必要的情况下收集、使用或公开披露未成年人的个人信息,面向特定人群用户条款,供应商动作
如果我们发现在未事先获得可证实的父母同意的情况下收集了未成年人的个人信息，则会设法尽快删除相关数据,面向特定人群用户条款,供应商动作
"==========
###  十、隐私政策的变更
为了给您提供更好的服务，“”软件及相关服务将不时更新与变化，我们会适时对本《隐私政策》进行修订，该等修订构成本《隐私政策》的一部分并具有等同于本《隐私政策》的效力",条款更改,更改原因
但未经您明确同意，我们不会削减您依据当前生效的本《隐私政策》所应享受的权利,其他通用信息,
本《隐私政策》更新后，我们会在“”平台（即移动应用程序客户端）发出更新版本，并在更新后的条款生效前通过公告或其他适当的方式提醒您更新的内容，以便您及时了解本《隐私政策》的最新版本,条款更改,告知方式
对于重大变更，我们还会提供更为显著的通知（我们会通过包括但不限于邮件、短信、私信或在浏览页面做特别提示等方式，说明《隐私政策》的具体变更内容）,条款更改,告知方式
"本《隐私政策》所指的重大变更包括但不限于：
1\. 我们的服务模式发生重大变化",其他通用信息,
如处理个人信息的目的、处理的个人信息的类型、个人信息的使用方式等,其他通用信息,
2\. 我们在所有权结构、组织架构等方面发生重大变化,其他通用信息,
如业务调整、破产并购等引起的所有变更等,其他通用信息,
3\. 个人信息共享、转让或公开披露的主要对象发生变化,其他通用信息,
4\. 您参与个人信息处理方面的权利及其行使方式发生重大变化,其他通用信息,
5\. 我们负责处理个人信息安全的责任部门、联络方式及投诉渠道发生变化时,其他通用信息,
6\. 个人信息安全影响评估报告表明存在高风险时,其他通用信息,
"==========
###  十一、争议解决
本《隐私政策》的解释及争议解决均应适用中华人民共和国大陆地区法律",其他通用信息,
当您因为本《隐私政策》的实施与公司产生任何纠纷时，双方应首先协商友好解决,其他通用信息,
"若不能协商解决，您同意依照《
用户协议》的约定将争议提交至北京市海淀区人民法院诉讼解决",其他通用信息,
"==========
###  十二、其他
1\. 本《隐私政策》的标题仅为方便及阅读而设，并不影响本《隐私政策》中任何规定的含义或解释",其他通用信息,
2\. 如果您对本《隐私政策》或其中有关您个人信息的收集、保存、使用、共享、披露、保护等功能存在意见或建议时，您可以通过“  ”功能页面、或“”用户反馈渠道反馈意见或投诉,其他通用信息,
我们会在收到您的意见及建议后尽快向您反馈,其他通用信息,
3\. 本《隐私政策》的版权为公司所有，在法律允许的范围内，公司保留最终解释和修改的权利,其他通用信息,
