"alSJ5yqt7mJ7ky35kLBsvupEUkUi-0526_cn_com_spdb_mobilebank_per.txt





Apkid:cn.com.spdb.mobilebank.per
==========
# 上海浦东发展银行个人客户隐私政策
**上海浦东发展银行个人客户隐私政策**
本版发布日期：2020年6月22日
==========
**上海浦东发展银行一直重视并采取措施保护用户（以下简称“您”）的个人信息",其他通用信息,
我行将根据本《上海浦东发展银行个人客户隐私政策》（以下简称“本政策”或本《隐私政策》）以及其他相关法律文本中的有关约定在中华人民共和国境内（不包括香港、澳门特别行政区及台湾地区）收集、使用、储存及共享、转让、公开披露您的个人信息,其他通用信息,
此外，我行将通过本政策，说明您如何访问、更正或更新、删除、管理您的个人信息以及行使您的相关权利,其他通用信息,
"**
**我行强烈建议您在使用我行的服务前，仔细阅读并完全理解本政策中的全部内容，并自主进行适当的选择",其他通用信息,
"**
**本政策适用于浦发银行提供的所有个人客户银行服务，如我行在具体产品或服务中与您就隐私保护政策另有具体约定的，相关约定与本《隐私政策》将共同构成我行与您之间的隐私政策约定，二者如有不一致之处的，以具体产品或服务中的约定为准",其他通用信息,
"**
==========
本《隐私政策》将向您介绍以下内容：
1．我行如何收集和使用您的个人信息
2．我行如何使用 Cookie和同类技术
3．我行如何共享、转让和公开披露您的个人信息
4．我行如何存储和保护您的个人信息
5．您如何管理您的个人信息
6．我行如何处理未成年人的信息
7．本政策如何更新
8．如何联系我行
==========
**一、   我行如何收集和使用您的个人信息**
个人信息是指以电子或者其他方式记录的能够单独或者与其他信息结合识别特定自然人身份或者反映特定自然人活动情况的各种信息",其他通用信息,
个人信息包括姓名、出生日期、身份证件号码、个人生物识别信息、通信通讯联系方式、住址、账户信息、交易信息、财产信息、信用信息、消费偏好、行踪轨迹、联网核查信息等,其他通用信息,
"==========
**（一）我行收集个人信息的原则**
我行收集您的个人信息遵循合法、正当、必要的原则",其他通用信息,
我行按照法律法规要求以及业务需要收集您的个人信息，不会收集与业务无关的信息或采取不正当方式收集信息,其他通用信息,
"==========
**（二）我行收集您的个人信息的目的**
我行收集您的个人信息，目的在于依法合规地为您提供优质的产品（或服务），该等信息对于充分履行您和我行之间的合约很有必要，并使得我行能够遵守相关法律，具体包括：
1.为保护您的账户安全，对您的身份进行识别、验证等",第一方收集_使用,采集的目的
2.为评估您的履约能力及状况，用于业务准入和风险防控,第一方收集_使用,采集的目的
3.为您提供产品（或服务）所必须（包括但不限于信用卡营销、为购买理财类产品进行的风险承受能力评估问卷、为评估您的风险偏好，合理提供产品推介和投资建议等）,第一方收集_使用,采集的目的
4.为保护您的资金安全,第一方收集_使用,采集的目的
5.为改善产品（或服务）、提升您的体验,第一方收集_使用,采集的目的
6.为履行法定义务（如反洗钱义务等）,第一方收集_使用,采集的目的
7.经您许可的其他用途,第一方收集_使用,采集的目的
"==========
**（三）我行收集您的个人信息的方式**
为向您提供服务并确保您的电子银行服务（网上银行服务、手机银行服务、短信服务、微信银行服务、电话银行服务、直销银行服务等）安全，在您使用电子银行服务过程中，我行会收集您在使用服务过程中主动输入或因使用服务而产生的信息：
1.当您开通电子银行服务时，依据法律法规及监管要求，我行会收集您的 **个人基本资料、身份信息、财产信息、通信信息、生物识别信息、手机号码信息**
，以帮助您完成电子银行注册，如果您拒绝提供这些信息，您可能无法开通电子银行或无法正常使用我行的服务",第一方收集_使用,何时采集
2.当您使用浦发银行电子银行服务时，例如在下列情形中，您需要向我行提供或授权我行收集相应服务所需的用户信息,第一方收集_使用,何时采集
如您拒绝提供，您将无法使用相应功能或服务,第一方收集_使用,用户选择所造成的影响
"（1） 当您注册浦发银行手机银行时，我行会收集您的 **手机号码、头像、昵称、身份证件信息、银行卡信息**
，并验证您的客户查询密码、以及银行卡交易密码，在需要短信验证码的环节，需要读取验证码短信内容，以协助您进行验证码填写",第一方收集_使用,何时采集
如您拒绝通讯信息授权，我行手机银行将不读取短信内容，我行不保存短信内容,第一方收集_使用,用户选择所造成的影响
"（2）如您在手机银行中选择通过指纹/FACE ID、声纹、刷脸功能进行登录、转账、支付、身份认证，需向我行提供您的 **指纹 /FACE
ID、声音、人脸图像信息**",第一方收集_使用,采集的个人信息类型
"我行不会采集您的指纹/FACE ID，您的指纹/FACE
ID仅保存在您授权采集指纹的设备上",用户访问_编辑_删除的方法,供应商动作
经您授权后，我行将采集您的声纹信息、人脸信息，将加密存储于我行信息系统后台数据库中,第一方收集_使用,采集的个人信息类型
"如您不提供上述信息，我行将无法向您提供需完成指纹/FACE
ID、声纹、人脸认证后方可使用的产品或服务",第一方收集_使用,用户选择所造成的影响
您可以通过“首页-全部-安全”或在首页搜索关键词“认证”开启或关闭此功能,用户访问_编辑_删除的方法,用户可以进行的操作
（3）当您使用微信、支付宝授权登录功能时，我行需要您提供 **微信、支付宝账号的昵称与头像信息**,第一方收集_使用,何时采集
"您可以通过“首页-全部-
==========
第三方账号管理”取消授权及相应账号信息绑定",用户访问_编辑_删除的方法,操作的途径
"（4）当您使用我行及时语服务时，我行会收集您的 **账户信息和交易信息，手机号
/邮箱地址/微信昵称/支付宝昵称**，以便及时向您发送账户资金变动及相关交易通知",第一方收集_使用,何时采集
我行也可能向我行的合作伙伴收集其合法留存并经您授权可以共享使用的信息，以便为您提供相应消息通知等服务,与第三方共享_转让_公开,与第三方共享的目的
"（5） 当您使用网点服务等基于地理位置的功能时，我行会收集您的 **位置信息**
，目的是为了向您提供所在位置的相应服务",第一方收集_使用,何时采集
如您拒绝提供该信息，您将无法使用上述功能，但这不影响您正常使用手机银行的其他功能,第一方收集_使用,用户选择所造成的影响
"（6）当您使用手机号转账等涉及通讯录的功能时， **我行仅获取您从通讯录中点选的联系人信息**
，并进行加密传输以防止恶意截取",第一方收集_使用,何时采集
上述信息属于个人敏感信息,其他通用信息,
如您不需使用上述功能，可以不提供该信息，不影响您正常使用其他功能,用户访问_编辑_删除的方法,用户可以进行的操作
"（7）当您使用转账汇款、小浦支付、扫码支付等收付款功能时，您需要提供 **收款方的姓名、银行卡号
/账户等信息，并可能需要提供您的姓名、手机号、证件类型、证件号码等信息**，以便验证身份使用上述支付功能",第一方收集_使用,何时采集
此外，我行还会收集您的相关收付款交易记录以便您查询,第一方收集_使用,采集的个人信息类型
具体事项按您开通我行手机银行时同意签署的《上海浦东发展银行电子银行个人客户服务协议》执行,其他通用信息,
上述信息属于敏感信息，如您拒绝提供，将无法使用上述功能，但不影响您使用手机银行其他功能,第一方收集_使用,用户选择所造成的影响
（8）当您使用搜索服务时，我行会收集您的 **搜索关键词信息**,第一方收集_使用,何时采集
当搜索关键词信息无法单独识别您的个人身份时，该信息不属于您的用户信息，我行可以对其加以其他目的使用,第一方收集_使用,何时采集
当搜索关键词信息与您的其他信息结合可以识别您的个人身份时，我行将在结合期间将您的搜索关键词信息作为您的用户信息，对其加以保护处理,第一方收集_使用,何时采集
"（9）当您使用我行提供的实名认证服务时，我行可能需要您提供您的 **姓名、证件类型、证件号码、银行卡号、设备信息、指纹 /FACE
ID信息、刷脸认证**等信息，并可能通过验证手机号/查询密码、银行卡号/卡密码、短信验证码等方式对有关信息进行有效性核验",第一方收集_使用,何时采集
若您不提供上述信息，我行将无法向您提供须完成实名认证后方可使用的产品或服务,第一方收集_使用,用户选择所造成的影响
（10）当您使用内嵌的购物及生活服务等功能时，您需要在订单页面填写 **收货人姓名、收货地址及手机号码等信息**,第一方收集_使用,何时采集
"您在预定电影票、出行、酒店等服务时，还可能需要根据国家法律法规及监管要求或服务提供方（包括票务销售方、酒店、旅行社及其授权的代理方、基础电信运营商、移动转售运营商等）的要求提供
**您的实名信息**
，这些实名信息可能包括您的身份信息（比如身份证、军官证、护照、驾驶证等载明您身份的证件）、您本人的照片或视频、联系电话等",第一方收集_使用,何时采集
"这些订单中将可能包含
**您的行程、酒店地址** 等信息",第一方收集_使用,采集的个人信息类型
"上述所有信息构成您的订单信息，我行将使用您的 **订单信息**
来进行您的身份核验、确定交易、支付结算、完成配送、为您查询订单以及提供客服咨询与售后服务",第一方收集_使用,使用的目的
我行还会使用您的订单信息来判断您的交易是否存在异常以保护您的交易安全,第一方收集_使用,使用的目的
下单后，您可以选择使用浦发卡支付或他行卡支付,用户访问_编辑_删除的方法,用户可以进行的操作
当您下单并选择货到付款或在线完成支付后，商户和第三方配送公司将为您完成订单的交付,与第三方共享_转让_公开,第三方对数据的使用
您在此同意，商户和第三方配送公司、售后服务等可以使用您的订单信息以为您提供商品或服务,与第三方共享_转让_公开,第三方对数据的使用
我行的电话客服和售后功能会使用您的 **账号信息和订单信息**,第一方收集_使用,对数据的使用
为保证您的账号安全，我行的呼叫中心客服和在线客服会使用您的账号信息与您核验身份,第一方收集_使用,是否有交互
"当您需要我行提供与您订单信息相关的客服与售后服务时，我行将会查询您的
**订单信息**",第一方收集_使用,何时采集
您有可能会在与我行的客服人员沟通时，提供除上述信息外的其他信息，例如：当您要求我行变更配送地址、联系人或联系电话时,第一方收集_使用,何时采集
3.当您使用电子银行服务时，为了维护服务的正常运行，优化我行的服务体验及保障您的账号安全，我行会收集以下基础信息，包括您的**设备型号、操作系统、唯一设备标识符、手机银行软件版本号、登录IP地址、mac地址、接入网络的方式、类型和状态、网络质量数据、设备加速器（如重力感应设备）、操作日志、服务日志信息（如您在手机银行搜索、查看的信息、服务故障信息等）**，这些信息是为您提供服务必须收集的基础信息，以保障您正常使用我行的服务,第一方收集_使用,何时采集
在特定使用场景下，我行会使用具有业务资质及服务能力的第三方服务商提供的软件开发工具包（简称“SDK”）来为您提供服务， **此时需要通过 SDK来收集您的必要信息**，对应使用场景详见附件,与第三方共享_转让_公开,何时与第三方共享
4.为向您提供更加准确、个性和便捷的服务，提升服务体验、改进服务质量，或为防范风险，我行会收集您 **反馈意见建议或举报时提供的信息**，收集您参与问卷调查时向我行反馈的信息，收集您使用电子银行功能或服务的类别、方式和操作信息，及您在我行的用户信息，我行会对这些信息进行统计、分析，并会根据上述信息向您提供相应服务或产品,第一方收集_使用,采集的目的
"==========
5.当您在电子银行中使用第三方提供的服务时，第三方可能会获取 **您的昵称、头像、位置、姓名、证件类型、证件号码、手机号码信息**",与第三方共享_转让_公开,何时与第三方共享
在经过您的明示同意后，第三方可获取您的以上信息,与第三方共享_转让_公开,何时与第三方共享
对于您在使用第三方提供的服务时主动提供给第三方的相关信息，我行将视为您允许该第三方获取上述此类信息,与第三方共享_转让_公开,何时与第三方共享
对于您在使用该第三方服务时产生的信息，应由您与该第三方依法约定上述信息的收集和使用事项,与第三方共享_转让_公开,对于第三方的约束
如您拒绝第三方在提供服务时收集、使用或者传递上述信息，将可能会导致您无法在电子银行中使用第三方的相应服务，但这不影响您使用电子银行的其他功能,与第三方共享_转让_公开,用户选择所造成的影响
"6.以下情形中，您可选择是否授权我行收集、使用您的个人信息：
（1）设备状态，用于确定设备识别码，以保证账户登录的安全性",其他通用信息,
拒绝授权后，将无法正常使用浦发银行手机银行App,第一方收集_使用,用户选择所造成的影响
（2）存储权限，用于缓存您在使用APP过程中产生的文本、图像、视频等内容,其他通用信息,
拒绝授权后，将无法正常使用浦发银行手机银行App,第一方收集_使用,用户选择所造成的影响
（3）摄像头，用于如识别二维码、人脸识别、设置头像、拍摄证件信息用途，在人脸识别登录/转账/支付/认证、扫一扫、AR扫、头像设置、证件信息上传开通场景中使用,其他通用信息,
拒绝授权后，上述功能将无法使用,第一方收集_使用,用户选择所造成的影响
我行将获取的人脸等数据，加密后存储于系统后台数据库中,第一方收集_使用,对数据的使用
（4）相册，访问相册主要用于上传开户证件、设置您的头像、备注交易信息，保存电子回单等,其他通用信息,
我行获得的图片信息，加密后存储于数据库中,第一方收集_使用,对数据的使用
拒绝授权后，上述功能将无法使用,第一方收集_使用,用户选择所造成的影响
"（5）麦克风，用于U-Key、声纹识别、录音、语音银行等用途，且仅在客户使用U-
Key认证、声纹登录/转账/支付、语音银行场景中运用该权限",其他通用信息,
拒绝授权后，上述功能将无法使用,第一方收集_使用,用户选择所造成的影响
我行采集的声纹数据及录音数据，加密后存储于系统后台数据库中,第一方收集_使用,对数据的使用
（6）手机通讯录，在转账、支付，或参与个人活动过程中，用于协助您通过通讯录快速选取电话号码，无需您手动输入,其他通用信息,
拒绝授权后，向手机号转账、短信通知功能仍可以使用，但需要手工输入手机号码,第一方收集_使用,用户选择所造成的影响
手机银行仅读取并记录指定电话号码，不读取客户全量通讯录，我行后台系统不存储通讯录,第一方收集_使用,对数据的使用
（7）手机短信，在需要短信验证码的环节需要读取验证码短信内容协助您进行验证码填写,其他通用信息,
如您拒绝通讯信息（短信）授权，我行手机银行将不读取短信内容，系统后台不保存短信内容,第一方收集_使用,用户选择所造成的影响
（8）地理位置，获取您所在地理位置，主要用于电子银行交易风控、网点预约、ATM位置查询等服务,其他通用信息,
系统后台保存您交易时的位置信息,第一方收集_使用,对数据的使用
拒绝授权后，手机银行相关功能无法使用,第一方收集_使用,用户选择所造成的影响
（9）电话权限，用于使用手机银行时，拨打电话联系客服、线下网点等用途，且仅在客户使用场景中运用该权限,其他通用信息,
拒绝授权后，手机银行相关功能无法使用,第一方收集_使用,用户选择所造成的影响
（10）SIRI，用于通过SIRI办理登录、查询等用途，且仅在客户使用场景中运用该权限,其他通用信息,
拒绝授权后，手机银行相关功能无法使用,第一方收集_使用,用户选择所造成的影响
（11）蓝牙，用于U-Key验证等用途，且仅在客户使用场景中运用该权限,其他通用信息,
拒绝授权后，手机银行相关功能无法使用,第一方收集_使用,用户选择所造成的影响
（12）网络通讯，用于与服务端进行通讯,其他通用信息,
拒绝授权后，手机银行所有功能无法使用,第一方收集_使用,用户选择所造成的影响
系统后台保存客户交易时所使用设备的网络信息，包括IP、端口等信息,其他通用信息,
上述功能可能需要您在您的设备中向我行开启您的相机（摄像头）、地理位置（位置信息）、麦克风等访问权限，以实现这些功能所涉及的信息的收集和使用,其他通用信息,
请您注意，您开启这些权限即代表您授权我行可以收集和使用这些信息来实现上述功能，如您取消了这些授权，则我行将不再继续收集和使用您的这些信息，也无法为您提供上述与这些授权所对应的功能,第一方收集_使用,用户选择所造成的影响
如在上述情形之外收集或使用您的信息，我行会事先征求您的同意，并向您充分告知信息收集和使用的目的、方式和范围,第一方收集_使用,是否有交互
"==========
    **（四）我行如何使用您的个人信息**
**1. 在我行向您提供金融产品或服务，以及改进这些产品或服务时使用",第一方收集_使用,使用的目的
"**
**2.
在我行向您提供金融服务期间，您授权我行持续收集和使用您的相关个人信息",第一方收集_使用,采集的个人信息类型
在您注销服务或取消授权时，我行将停止收集及使用您的相关个人信息，但我行会根据法律法规及监管的要求在业务资料归档、审计、监管协查等领域继续使用此前收集的您的相关个人信息,第一方收集_使用,用户选择所造成的影响
"**
**3. 为提升您的体验，或为防范风险，我行会对您服务使用情况的相关信息进行统计分析、加工，但这些信息不会包含您的任何身份识别信息",第一方收集_使用,使用的目的
"**
**4. 因反洗钱和反恐怖融资需要，授权我行向且仅向涉及办理被调查业务的第三方金融机构提供您在我行的相关资料",第一方收集_使用,使用的目的
"**
**5. 将您的个人信息用于法律允许的其它用途",第一方收集_使用,使用的目的
"**
**6. 当我行要将您的用户信息，用于本政策载明的收集目的、用途或合理相关范围以外的其他用途时，我行将在使用前再次征得您的同意**
**7. 根据相关法律法规、监管要求及国家标准，以下情形中，我行可能会收集、使用您的相关个人信息而无需另行征求您的授权同意：**
**（ 1）与国家安全、国防安全直接相关的",其他通用信息,
"**
**（ 2）与公共安全、公共卫生、重大公共利益直接相关的",其他通用信息,
"**
**（ 3）与犯罪侦查、起诉、审判和判决执行等直接相关的",其他通用信息,
"**
**（ 4）出于维护您或其他个人的生命、财产等重大合法权益但又很难得到您本人同意的",其他通用信息,
"**
**（ 5）所收集的个人信息是您自行向社会公众公开的",其他通用信息,
"**
**（ 6）从合法公开披露的信息中收集个人信息的，如合法的新闻报道、政府信息公开等渠道",其他通用信息,
"**
**（ 7）根据您要求签订和履行合同所必需的",其他通用信息,
"**
**（ 8）用于维护所提供的产品或服务的安全稳定运行所必需的，例如发现、处置产品或服务的故障",其他通用信息,
"**
**（ 9）出于公共利益开展统计或学术研究所必需，且其对外提供学术研究或描述的结果时，对结果中所包含的个人信息进行去标识化处理的",其他通用信息,
"**
**（ 10）法律法规及监管要求规定的其他情形",其他通用信息,
"**
==========
**二、我行如何使用 Cookie和同类技术**
**（一） Cookie**
**
为确保网站正常运转，我行会在您的计算机或移动设备上存储名为Cookie的小数据文件",用户访问_编辑_删除的方法,供应商动作
Cookie通常包含标识符、站点名称以及一些号码和字符,其他通用信息,
借助于Cookie，网站能够存储您的偏好或者您使用的商品或服务等数据,其他通用信息,
我行不会将Cookie用于本政策所述目的之外的任何用途,用户访问_编辑_删除的方法,供应商动作
"您可根据自己的偏好管理或删除
Cookie",用户访问_编辑_删除的方法,用户可以进行的操作
有关详情，请参见 AboutCookies.org,其他通用信息,
"您可以清除计算机上保存的所有 Cookie，大部分网络浏览器都设有阻止 Cookie
的功能",用户访问_编辑_删除的方法,用户可以进行的操作
但如果您这么做，则需要在每一次访问我行的网站时亲自更改用户设置,用户访问_编辑_删除的方法,操作对用户造成的影响
"**
==========
**（二）网站信标和像素标签**
**     除 Cookie 外，我行还会在网站上使用网站信标和像素标签等其他同类技术",其他通用信息,
"例如，我行向您发送的电子邮件可能含有链接至我行网站内容的点击
URL",第一方收集_使用,是否有交互
如果您点击该链接，我行则会跟踪此次点击，帮助我行了解您的产品或服务偏好并改善客户服务,第一方收集_使用,用户选择所造成的影响
网站信标通常是一种嵌入到网站或电子邮件中的透明图像,其他通用信息,
借助于电子邮件中的像素标签，我行能够获知电子邮件是否被打开,第一方收集_使用,采集的渠道
如果您不希望自己的活动以这种方式被追踪，则可以随时退订,用户访问_编辑_删除的方法,用户可以进行的操作
"**
**（三） Do Not Track（请勿追踪） **
**很多网络浏览器均设有 Do Not Track 功能，该功能可向网站发布 Do Not Track
请求",其他通用信息,
目前，主要互联网标准组织尚未设立相关政策来规定网站应如何应对此类请求,其他通用信息,
"但如果您的浏览器启用了 Do Not
Track，那么我行的所有网站都会尊重您的选择",第一方收集_使用,用户选择所造成的影响
"**
==========
**（四）日志与位置信息**
**为提升您的体验及保护您的资金安全之目的，我行可能会自动收集日志信息和位置信息",第一方收集_使用,采集的目的
我行不会将这些信息用于本政策撰述目的之外的任何用途,第一方收集_使用,对数据的使用
"**
**日志信息包括：**
**1.
设备或软件信息，例如您的移动设备、网页浏览器或您用于接收我行服务的其他程序所提供的配置信息、IP地址、无线网络接入信息，以及您的移动设备所用的版本和设备识别码",其他通用信息,
"**
**2.
您在设备上曾使用的移动应用（APP）和其他软件的信息",其他通用信息,
位置信息指您开启设备定位功能并使用我行基于位置提供的相关服务时，我行收集的有关您位置的信息,第一方收集_使用,何时采集
您可以通过关闭定位功能随时停止我行对您的地理位置信息的收集,用户访问_编辑_删除的方法,用户可以进行的操作
"**
==========
**三、我行如何共享、转让和公开披露您的个人信息**
**（一）共享**
除以下情况外，我行不会主动与其他任何公司、组织和个人分享您的个人信息：
1.政府、监管部门或司法机关要求共享等法律法规规定的情况下，我行将向其共享您的个人信息",与第三方共享_转让_公开,何时与第三方共享
2.事先获得您的明确同意,与第三方共享_转让_公开,何时与第三方共享
如因业务需要对外共享您的个人信息时，我们会向您告知共享个人信息的目的、范围和数据接收方身份，并征得您的授权或同意,与第三方共享_转让_公开,何时与第三方共享
"==========
**（二）转让**
我行不会将您的个人信息转让给任何公司、组织和个人，但以下情况除外：
1．在获取明确同意的情况下转让：获得您的明确同意或授权后，我行会向其他方转让您的个人信息",与第三方共享_转让_公开,何时与第三方共享
2．根据法律法规规定或强制性的行政与司法要求,与第三方共享_转让_公开,何时与第三方共享
3．根据法律法规和商业惯例，在合并、收购、资产转让、兼并、重组或破产清算等类似交易中，如涉及到个人信息转让，我行会要求新的持有您个人信息的公司、组织继续受本徇私政策的约束，否则我行将要求该公司、组织重新向您征求授权同意,与第三方共享_转让_公开,何时与第三方共享
"==========
**（三）公开披露**
我行仅会在以下情况下，公开披露您的个人信息：
1．获得您明确同意或授权后",与第三方共享_转让_公开,何时与第三方共享
2．政府、监管部门或司法机关要求披露等法律法规规定的情况下，我行将公开披露您的个人信息，且无需征得您的同意,与第三方共享_转让_公开,何时与第三方共享
"==========
**（四）征得授权同意的例外**
**以下情形我行共享、转让和公开披露个人信息无需征得您授权同意：**
**（ 1）与履行国家法律法规及行业主管部门有关规定的义务相关的",其他通用信息,
"**
**（ 2）** **与国家安全、国防安全直接相关的",其他通用信息,
"**
**（ 3）** **与公共安全、公共卫生、重大公共利益直接相关的",其他通用信息,
"**
**（ 4）** **与犯罪侦查、起诉、审批和判决执行等直接相关的",其他通用信息,
"**
**（ 5）** **出于维护您或其他个人的生命、财产、声誉等重大合法权益但又很难得到本人同意的",其他通用信息,
"**
**（ 6）** **您自行向社会公众公开的个人信息",其他通用信息,
"**
**（7）从合法公开披露的信息中收集的用户信息，如合法的新闻报道、政府信息公开等渠道",其他通用信息,
"**
**（8）用于维护所提供的金融产品或服务的安全稳定运行所必需的，例如识别、处置金融产品或服务中的欺诈或被盗用等",其他通用信息,
"**
==========
**四、我行如何存储和保护您的个人信息**
**（一）存储**
**按照相关法律法规规定，我行将中华人民共和国境内（不包括香港、澳门特别行政区及台湾地区）提供服务过程中收集和产生的您的个人信息存储在中华人民共和国境内（不包括香港、澳门特别行政区及台湾地区）",数据安全,数据存储/跨境传输的目的
"**
**我行仅在为您提供服务及相关服务之目的所必需的期限内和法律法规及监管规定的时限内留存您的个人信息",数据安全,数据存储期限
"**
**如果终止服务，我行将及时停止收集您个人信息，并对所持有的您的个人信息进行删除或匿名化处理，法律法规或监管机构对个人信息存储时间另有规定的除外",数据安全,安全措施
"**
==========
**（二）保护**
1.我行已使用符合业界标准的安全防护措施保护您提供的个人信息，防止数据遭到未经授权的访问、公开披露、使用、修改、损坏或丢失",数据安全,安全措施
我行会采取一切合理可行的措施，保护您的个人信息,数据安全,安全措施
例如：我行会使用加密技术确保数据的保密性,数据安全,安全措施
我行会使用受信赖的保护机制防止数据遭到恶意攻击,数据安全,安全措施
我行会部署访问控制机制，确保只有授权人员才可访问个人信息,数据安全,安全措施
以及我行会举办安全和隐私保护培训课程，加强员工对于保护个人信息重要性的认识,数据安全,安全措施
2.我们会采取一切合理可行的措施，确保不收集无关的个人信息,数据安全,安全措施
**３.请您理解，由于技术水平局限以及可能存在的恶意攻击，有可能出现我行无法合理预见、防范、避免、控制的意外情况,数据安全,安全措施
互联网并非绝对安全的环境，请使用复杂密码，协助我行保证您的账号安全,数据安全,安全措施
"**
４.如发生个人信息安全事件，我行将按照法律法规要求，及时将事件相关情况以邮件或信函或电话或推送通知等方式告知您，或采取合理、有效的方式发布公告",数据安全,发生安全事故的处理方式
同时，我行还将依据监管规定，主动上报个人信息安全事件处置情况,数据安全,发生安全事故的处理方式
"==========
**五、您如何管理您的个人信息**
 按照中国相关的法规和监管规定，我行保障您对自己的个人信息行使以下权利：
**（一）访问、更正及更新您的个人信息**
您有权通过我行网上银行、手机银行、微信银行、电话银行等渠道的个人信息修改功能服务访问及更正、更新您的个人信息，法律法规规定的例外情况除外",用户访问_编辑_删除的方法,用户可以进行的操作
您有责任及时更新您的个人信息,用户访问_编辑_删除的方法,用户可以进行的操作
在您修改个人信息之前，我行会验证您的身份,用户访问_编辑_删除的方法,供应商动作
"**（二）删除您的个人信息**
在以下情形中，您可以向我行提出删除个人信息的请求：
1．如果我行处理您个人信息的行为违反法律法规",用户访问_编辑_删除的方法,用户可以进行的操作
2．如果我行收集、使用您的个人信息，却未征得您的同意,其他通用信息,
3．如果我行处理个人信息的行为违反了与您的约定,其他通用信息,
请您注意，我行电子银行签约用户仅在手机设备中删除手机银行App时，我行不会解除您的电子银行签约，有关您手机银行的一切信息不会删除,其他通用信息,
4．如果您终止我行提供的账户服务和电子银行服务,其他通用信息,
5．如果我行不再为您提供服务,其他通用信息,
如我们决定响应您的删除请求，我们还将同时通知从我行获得您个人信息的实体，要求其及时删除，除非法律法规另有规定，或这些实体获得您的独立授权,用户访问_编辑_删除的方法,供应商动作
当您从我们的服务中删除信息后，我们可能不会立即在备份系统中删除相应的信息，但会在备份更新时删除这些信息,用户访问_编辑_删除的方法,供应商动作
"==========
**（三）注销用户**
如您为我行手机银行用户，您可通过营业网点、手机银行等渠道注销您的手机银行签约账户",用户访问_编辑_删除的方法,用户可以进行的操作
您注销手机银行的行为是不可逆行为，一旦注销，我行将不再通过手机银行收集您的个人信息，并将删除有关您手机银行的信息，法律法规或监管机构对个人信息存储时间另有规定的除外,用户访问_编辑_删除的方法,操作对用户造成的影响
您可以自主选择卸载或停止使用浦发银行手机银行客户端，以阻止我行获取您的个人信息,用户访问_编辑_删除的方法,用户可以进行的操作
请您注意，我行手机银行签约绑定客户仅在手机设备中删除手机银行客户端时，我行不会注销您的手机银行账户，有关您手机银行账户的一切信息不会删除,用户访问_编辑_删除的方法,供应商动作
您仍需要注销您的手机银行签约账户方能达到以上目的,用户访问_编辑_删除的方法,用户可以进行的操作
"==========
**（四）改变您的授权范围**
您有权决定是否继续对您个人信息采集、使用等进行授权，您可以通过浦发银行手机银行首页搜索“安全”，进入安全页面，关闭本隐私政策的授权，关闭后我行将不再继续采集、使用您相应的个人信息，请您理解如您取消授权，我行将无法为您提供电子渠道服务（含浦发手机银行、网上银行）服务，也不再继续处理您相应的个人信息（如您已就具体产品或服务与我行另行签署授权的除外），但您取消本隐私政策授权的决定，不会影响我行此前基于您授权已开展的个人信息处理",用户访问_编辑_删除的方法,用户可以进行的操作
"==========
**（五）获取您的个人信息副本**
您有权获取您的个人信息副本",用户访问_编辑_删除的方法,用户可以进行的操作
如果您需要获取我行收集的您的个人信息副本，您可通过联系附近的浦发营业网点，在符合相关法律法规且技术可行的前提下，我行将根据您的要求向您提供您的个人信息副本,用户访问_编辑_删除的方法,用户可以进行的操作
"==========
（六）响应您的上述请求
为保障安全，您可能需要提供书面请求，或以其他方式证明您的身份",用户访问_编辑_删除的方法,用户可以进行的操作
我行可能会先要求您验证自己的身份，然后再处理您的请求,用户访问_编辑_删除的方法,供应商动作
请您理解，对于某些无端重复、需要过多技术手段、给他人合法权益带来风险或者非常不切实际的请求，我行可能会予以拒绝,用户访问_编辑_删除的方法,供应商动作
"在以下情形中，按照法律法规要求，我行将无法响应您的请求：
1．与国家安全、国防安全直接相关的",其他通用信息,
2．与公共安全、公共卫生、重大公共利益直接相关的,其他通用信息,
3．与犯罪侦查、起诉、审判和判决执行等直接相关的,其他通用信息,
4．有充分证据表明您存在主观恶意或滥用权利的,其他通用信息,
5．响应您的请求将导致您或其他个人、组织的合法权益受到严重损害的,其他通用信息,
6．涉及商业秘密的,其他通用信息,
"==========
**六、我行如何处理未成年人的信息**
**我行的产品、网站和服务主要面向成人",面向特定人群用户条款,群体类型
如果没有父母或监护人的同意， 未成年人不得创建自己的用户账户,面向特定人群用户条款,用户选择
"**
**对于经父母同意而收集 未成年个人信息的情况，我行只会在法律允许、父母或监护人明确同意或者保护未成年人所必要的情况下使用或公开披露此信息",面向特定人群用户条款,供应商动作
"**
==========
**七、本政策如何更新**
**根据国家法律法规变化及服务运营需要，我行可能会对本政策及相关规则进行修改，修改后的内容会通过我行网上银行、手机银行等渠道予以公告，并取代此前相关内容，如相关修订内容与《电子银行个人客户服务协议》《个人电子账户产品服务协议》不一致的，以本政策为准",条款更改,更改原因
在公告期内，您可以选择是否继续同意授权，若您不愿接受公告内容，应在公告内容正式实施前取消授权,条款更改,用户选择
如您继续使用我行服务，即表示您已充分阅读、理解并接受更新后的政策并愿意接受更新后的政策约束,条款更改,用户选择
未经您的明确同意，我行不会削减您按照本隐私政策所应享有的权利,其他通用信息,
您应不时关注相关公告、提示信息及协议、规则等相关内容的变动,条款更改,告知方式
"**
==========
**八、如何联系我行**
**     如您对本隐私政策有任何疑问、意见或建议，请联系我行客服热线：95528",其他通用信息,
受理您的问题后，我行会及时处理，将在15个工作日内给予答复,其他通用信息,
"**
** **
**   公司名称：上海浦东发展银行股份有限公司**
**注册地址：上海市中山东一路 12号**
**邮箱地址：** **[dcsc02@spdb.com.cn](mailto:dcsc02@spdb.com.cn)**
** **
**请您在同意之前仔细阅读本隐私政策，确保对其内容含义及相应法律后果已全部知晓并充分理解",其他通用信息,
您选择“同意”即视为您接受并签署本隐私政策授权，我行将按照相关法律法规及本政策合法使用和保护您的个人信息,其他通用信息,
"**
**[附件：浦发银行SDK使用场景列表](https://wap.spdb.com.cn/mspmk-web-account/SdkList.do)**",其他通用信息,
如果您拒绝提供这些信息，您可能无法开通电子银行或无法正常使用我行的服务,第一方收集_使用,用户选择所造成的影响
"（1） 当您注册浦发银行手机银行时，我行会收集您的 **手机号码、头像、昵称、身份证件信息、银行卡信息**
，并验证您的客户查询密码、以及银行卡交易密码，在需要短信验证码的环节，需要读取验证码短信内容，以协助您进行验证码填写",第一方收集_使用,采集的个人信息类型
"您在预定电影票、出行、酒店等服务时，还可能需要根据国家法律法规及监管要求或服务提供方（包括票务销售方、酒店、旅行社及其授权的代理方、基础电信运营商、移动转售运营商等）的要求提供
**您的实名信息**
，这些实名信息可能包括您的身份信息（比如身份证、军官证、护照、驾驶证等载明您身份的证件）、您本人的照片或视频、联系电话等",第一方收集_使用,采集的个人信息类型
5.当您在电子银行中使用第三方提供的服务时，第三方可能会获取 **您的昵称、头像、位置、姓名、证件类型、证件号码、手机号码信息**,与第三方共享_转让_公开,与第三方共享的个人信息类型
