"aWZsjS5Np.Mr.1Yq4mNfb89TdIjG-0528_cn_ecook_jiachangcai.txt





Apkid:cn.ecook.jiachangcai

==========
# 隐私协议
      本政策仅适用于【杭州魔厨科技有限公司】提供的菜谱系产品【菜谱大全】（产品形态包括且不限APP、网站、移动网站等） 
==========
本政策将帮助您了解以下内容：
  1. 我们如何收集和使用您的个人信息
  2. 我们如何使用 Cookie 和同类技术
  3. 我们如何共享、转让、公开披露您的个人信息
  4. 我们如何保护您的个人信息
  5. 您的权利
  6. 我们如何处理儿童的个人信息
  7. 您的个人信息如何在全球范围转移
  8. 本政策如何更新
  9. 如何联系我们
==========
      【杭州魔厨科技有限公司】（以下简称“我们”）深知个人信息对您的重要性，并会尽全力保护您的个人信息安全可靠",其他通用信息,
我们致力于维持您对我们的信任，恪守以下原则，保护您的个人信息：权责一致原则、目的明确原则、选择同意原则、最少够用原则、确保安全原则、主体参与原则、公开透明原则等,其他通用信息,
同时，我们承诺，我们将按业界成熟的安全标准，采取相应的安全保护措施来保护您的个人信息,其他通用信息,
请在使用我们的产品（或服务）前，仔细阅读并了解本《隐私政策》,其他通用信息,
"==========
## 一、我们如何收集和使用您的个人信息
      个人信息是指以电子或者其他方式记录的能够单独或者与其他信息结合识别特定自然人身份或者反映特定自然人活动情况的各种信息",其他通用信息,
"我们仅会出于本政策所述的以下目的，收集和使用您的个人信息： 
==========
### （一）您或他人主动提交给我们数据
#### 1、注册成为用户
      为完成创建账号，您可能需提供以下信息：您的姓名、电子邮箱地址、创建的用户名和密码、手机号(为了满足相应法律法规的网络实名制要求，请您谨慎考虑后提供的个人信息)",第一方收集_使用,采集的个人信息类型
在注册过程中，如果您提供以下额外信息，将有助于我们给您提供更好的服务和体验：性别、工作职位、公司、教育背景、所在地区、生日,第一方收集_使用,采集的目的
但如果您不提供这些信息，将不会影响使用本服务的基本功能,第一方收集_使用,用户选择所造成的影响
您提供的上述信息，将在您使用本服务期间持续授权我们使用,第一方收集_使用,用户选择所造成的影响
在您注销账号时，我们将停止使用并删除上述信息,用户访问_编辑_删除的方法,供应商动作
上述信息将存储于中华人民共和国境内,数据安全,数据存储/跨境传输的目的
如需跨境传输，我们将会单独征得您的授权同意,数据安全,跨境传输
"#### 2、发布信息
      您在使用我们的服务时，提供或发布的信息（图片或文字），包括但不限于与您个人相关的内容 (菜谱、作品、故事、评论或其他您发布的内容)",第一方收集_使用,何时采集
"#### 3、其他用户主动提供给我们的信息
      其他用户在使用我们的服务时，提供或发布的与您相关的信息，包括但不限于与您个人相关的内容 (例如：菜谱、作品、故事、评论或其他您主动上传的信息)",第一方收集_使用,何时采集
"==========
### （二）您在使用服务时我们收集的信息
      在您使用我们的产品或服务时，为了实现这些服务我们会采集您的个人信息： 
  1. 为保障软件与服务可以正常运行（第三方推送服务、第三方分享服务、追踪异常、了解产品适配性、个性化推荐等）",第一方收集_使用,采集的目的
"我们会收集您的使用情况并存储为网络日志信息，包括：  
    1. **设备信息** ：例如您的IP地址、iOS广告标识符（IDFA）、Android广告ID、Android匿名设备标识符OAID、国际移动设备识别码（IMEI）、WLAN MAC地址或特定于魔厨科技的标识符",第一方收集_使用,采集的个人信息类型
2. **在您的设备授权启用了位置服务后** ，可以进行精确的地理位置定位,第一方收集_使用,对数据的使用
请注意，在尚未集成未启用位置服务时，仍会根据您的IP地址推断有关您位置的数据,第一方收集_使用,何时采集
3. 在 **应用使用情况的信息** ，包括设备上应用的版本，应用会话的开始/停止时间、当前时区、和您的网络连接类型（例如，WiFi、蜂窝网络）,第一方收集_使用,采集的个人信息类型
4. **服务日志信息** ：当您使用我们的功能或服务时，我们会自动收集您对我们服务的详细使用情况，作为服务日志保存,第一方收集_使用,采集的个人信息类型
包括浏览、点击查看、搜索查询、收藏、关注分享信息、发布信息，以及IP地址、网络接入方式及类型、SIM卡IMSI信息在内的描述个人常用设备基本情况的信息、使用语言、访问日期和时间,第一方收集_使用,采集的个人信息类型
"2. 提供其它附加服务时，在为您提供其他附加服务时，为了向您提供更便捷、更优质、个性化的产品/服务，努力提升您的体验，我们使用收集到的信息：  
    1. **收藏、搜索、浏览偏好** 等操作、使用行为信息",第一方收集_使用,使用的目的
2. **反馈、发布、** 点赞、评论等主动提供的信息,第一方收集_使用,采集的个人信息类型
获得明确同意后的地理位置信息、相机、相册（图片库/视频库）、全局系统设置信息、设备信息这类您授权同意的信息,第一方收集_使用,采集的个人信息类型
如您不提供这些信息，不会影响您使用的浏览、搜索等基本服务，但可能无法获得这些附加服务给您带来的用户体验（例如收藏同步、信息发布）,第一方收集_使用,用户选择所造成的影响
"==========
  3. 提供个性化广告服务",第一方收集_使用,使用的目的
我们的广告SDK服务由第三方合作伙伴【如艾狄墨搏、优量汇、穿山甲】提供,与第三方共享_转让_公开,第三方相关实体
"我们在向您提供广告服务过程中，第三方合作伙伴需知晓您的相关个人信息，根据您的授权，我们可能收集以下个人信息：
    1. **设备标识符** ，例如您的IP地址、iOS广告标识符（IDFA）、Android广告ID、Android匿名设备标识符OAID、国际移动设备识别码（IMEI）、WLAN MAC地址或特定于ADmobile广告服务的标识符",第一方收集_使用,采集的个人信息类型
2. **在您的设备授权启用了位置服务后** ，可以进行精确的地理位置定位,第一方收集_使用,对数据的使用
请注意，在尚未集成未启用位置服务时，仍会根据您的IP地址推断有关您位置的数据,第一方收集_使用,何时采集
3. 相关 **设备的信息** ，例如类型和型号、制造商、操作系统（例如iOS或Android）及版本、，运营商名称、移动浏览器（例如Chrome，Safari）和屏幕尺寸,第一方收集_使用,采集的个人信息类型
4. 在 **应用使用情况的信息** ，包括设备上使用ADmobile广告SDK的应用和此类应用的版本，设备上正在请求广告的应用名称、应用会话的开始/停止时间、当前时区、和您的网络连接类型（例如，WiFi、蜂窝网络）,第一方收集_使用,采集的个人信息类型
5. **相关已投放、查看或点击过的广告的信息** ，例如广告类型、投放位置、是否点击广告以及是否访问过广告商的网站或下载了广告商的应用程序,第一方收集_使用,采集的个人信息类型
6. 开展内部数据分析和研究，第三方SDK统计服务，改善我们的产品或服务,与第三方共享_转让_公开,与第三方共享的目的
"==========
      我们收集数据是根据您与我们的互动和您所做出的选择，包括您的隐私设置以及您使用的产品和功能",第一方收集_使用,采集的渠道
**我们收集的数据可能**包括SDK/API/JS代码版本、浏览器、互联网服务提供商、IP地址、平台、时间戳、应用标识符、应用程序版本、应用分发渠道、独立设备标识符、iOS广告标识符（IDFA)、安卓广告主标识符、网卡（MAC）地址、国际移动设备识别码（IMEI）、设备型号、终端制造厂商、终端设备操作系统版本、会话启动/停止时间、语言所在地、时区和网络状态（WiFi等）、硬盘、CPU和电池使用情况等,第一方收集_使用,采集的个人信息类型
请您了解，单独的设备信息、服务日志信息是无法识别特别自然人身份的信息,其他通用信息,
如果我们将这类非个人信息与其他信息结合用于识别特定自然人身份，或将其与个人信息结合使用，则在使用期间，这类非个人信息将被视为个人信息，除取得您授权或法律法规另有规定外，我们会将这类信息匿名化、去标识化处理,第一方收集_使用,对数据的使用
当我们要将信息用于本策略未载明的其它用途时，会事先征求您的同意,第一方收集_使用,是否有交互
当我们要将基于特定目的收集而来的信息用于其他目的时，会事先征求您的同意,第一方收集_使用,是否有交互
"==========
## 二、我们如何使用 Cookie 和同类技术
      Cookie和同类技术是互联网中的通用常用技术",其他通用信息,
当你使用我们产品或服务时，我们可能会使用相关技术向你的设备发送一个或多个Cookie或匿名标识符，以收集和存储你访问、使用本产品的信息,第一方收集_使用,是否有交互
"#### （一）保障产品与服务的安全、高效运转
      我们可能会认证与保障安全性的Cookie或匿名标识符，是我们确认你是否安全登录服务，或者是否遇到盗用、欺诈等不法行为",第一方收集_使用,使用的目的
这些技术还会帮助我们改进服务效率，提升登录和响应速度,第一方收集_使用,使用的目的
"#### （二）帮助你获得更轻松的访问体验
      使用此类技术可以帮助你省去重复填写个人信息、输入搜索内容的步骤和流程（例如：实现一键登录流程、记录搜索历史）",第一方收集_使用,使用的目的
"#### （三）为你推荐、展示、推送你可能感兴趣的内容或账号
  1. 我们可能会利用Cookie或同类技术了解你的偏好和使用习惯，进行咨询或数据分析，以改善产品服务及用户体验，并优化你对广告的选择",第一方收集_使用,使用的目的
2. 我们可能会有广告商或其他合作方放置的cookies和web beacon,与第三方共享_转让_公开,第三方相关实体
这些cookies和web beacon可能会收集与你相关的非个人身份信息，以用于分析如何使用该等服务、向你发送你可能感兴趣的广告，或用于评估广告服务的效果,第一方收集_使用,使用的目的
这些第三方cookies和web beacon收集和使用该等信息，不受本隐私政策约束，而是受相关使用者的隐私政策约束，我们不对第三方的cookies或web beacon承担责任,第一方收集_使用,使用的目的
3. 你可以通过浏览器设置拒绝或管理cookies或web beacon,用户访问_编辑_删除的方法,用户可以进行的操作
但请注意，如果停用cookies或web beacon，你有可能无法享受佳的服务体验，某些服务也可能无法正常使用,第一方收集_使用,用户选择所造成的影响
同时，你还会收到同样数量的广告，但这些广告与你的相关性会降低,第一方收集_使用,用户选择所造成的影响
请你了解，我们不会将Cookie用于本隐私政策所述目的之外的任何其他用途,第一方收集_使用,对数据的使用
"==========
## 三、我们如何共享、转让、公开披露您的个人信息
### （一）共享
      我们不会向其它任何公司、组织和个人分享您的个人信息，但以下情况除外： 
  1. 在获取明确同意的情况下共享：获得您的明确同意后，我们会与其他方共享您的个人信息",与第三方共享_转让_公开,何时与第三方共享
2. 我们可能会根据法律法规规定，或按政府主管部门的强制性要求，对外共享您的个人信息,与第三方共享_转让_公开,何时与第三方共享
3. 与我们的关联公司共享：您的个人信息可能会与我们关联公司共享,与第三方共享_转让_公开,何时与第三方共享
我们只会共享必要的个人信息，且受本隐私政策中所声明目的的约束,与第三方共享_转让_公开,对于第三方的约束
关联公司如要改变个人信息的处理目的，将再次征求您的授权同意,与第三方共享_转让_公开,是否有交互
我们的关联公司包括:【杭州艾狄墨搏数字科技有限公司】,与第三方共享_转让_公开,第三方相关实体
4. 与授权合作伙伴共享：仅为实现本隐私权政策中声明的目的，我们的某些服务将由授权合作伙伴提供,与第三方共享_转让_公开,与第三方共享的目的
我们可能会与合作伙伴共享您的某些个人信息，以提供更好的客户服务和用户体验,与第三方共享_转让_公开,与第三方共享的目的
例如，我们聘请来提供第三方数据统计和分析服务的公司可能需要采集和访问个人数据以进行数据统计和分析,与第三方共享_转让_公开,与第三方共享的目的
在这种情况下，这些公司 必须遵守我们的数据隐私和安全要求,与第三方共享_转让_公开,对于第三方的约束
我们仅会出于合法、正当、必要、特定、明确的目的共享您的个人信息，并且只会共享提供服务所必要的个人信息,与第三方共享_转让_公开,对于第三方的约束
对我们与之共享个人信息的公司、组织和个人，我们会与其签署严格的保密协定，要求他们按照我们的说明、本隐私政策以及其他任何相关的保密和安全措施来处理个人信息,与第三方共享_转让_公开,对于第三方的约束
"为了向您展示您感兴趣的广告，【菜谱大全】将收集和处理您的以下信息，并仅在上述的目的范围内分享各第三方广告服务平台：  
a） 设备及使用信息：设备标识符、操作系统的设置信息、设备的硬件信息、应用的基本信息及使用信息、网络信息、运营商信息、帐号信息",与第三方共享_转让_公开,与第三方共享的目的
b） 广告互动信息：对广告的浏览、点击、关闭和播放信息,与第三方共享_转让_公开,与第三方共享的个人信息类型
打开和关闭应用的时间、应用使用频率、应用错误日志,与第三方共享_转让_公开,与第三方共享的个人信息类型
c） 位置信息,与第三方共享_转让_公开,与第三方共享的个人信息类型
"我们会收集、使用并处理您设备的模糊位置或准确位置，这些位置信息通过 GPS、WLAN 和服务提供商的网络 ID
获取",第一方收集_使用,采集的渠道
我们会询问您要为【菜谱大全】应用程序启用基于位置的服务,第一方收集_使用,采集的目的
您可在设备的设置菜单中选择关闭设备上的相应权限，拒绝共享您的位置信息,用户访问_编辑_删除的方法,用户可以进行的操作
您的个人信息将被保留2年,数据安全,数据存储期限
"==========
### （二）转让
      我们不会将您的个人信息转让给任何公司、组织和个人，但以下情况除外： 
  1. 在获取明确同意的情况下转让：获得您的明确同意后，我们会向其他方转让您的个人信息",与第三方共享_转让_公开,何时与第三方共享
2. 在涉及合并、收购或破产清算时，如涉及到个人信息转让，我们会在要求新的持有您个人信息的公司、组织继续受此隐私政策的约束，否则我们将要求该公司、组织重新向您征求授权同意,与第三方共享_转让_公开,何时与第三方共享
"==========
### （三）公开披露
      我们仅会在以下情况下，公开披露您的个人信息： 
  1. 获得您明确同意后",与第三方共享_转让_公开,何时与第三方共享
2. 基于法律的披露：在法律、法律程序、诉讼或政府主管部门强制性要求的情况下，我们可能会公开披露您的个人信息,与第三方共享_转让_公开,何时与第三方共享
"==========
## 四、我们如何保护您的个人信息
（一）我们已使用符合业界标准的安全防护措施保护您提供的个人信息，防止数据遭到未经授权访问、公开披露、使用、修改、损坏或丢失",数据安全,安全措施
我们会采取一切合理可行的措施，保护您的个人信息,数据安全,安全措施
"例如，在您的浏览器与“服务”之间交换数据（如信用卡信息）时受
SSL 加密保护",数据安全,安全措施
"我们同时对我们网站提供 https
安全浏览方式",数据安全,安全措施
我们会使用加密技术确保数据的保密性,数据安全,安全措施
我们会使用受信赖的保护机制防止数据遭到恶意攻击,数据安全,安全措施
我们会部署访问控制机制，确保只有授权人员才可访问个人信息,数据安全,安全措施
以及我们会举办安全和隐私保护培训课程，加强员工对于保护个人信息重要性的认识,数据安全,安全措施
（二）我们会采取一切合理可行的措施，确保未收集无关的个人信息,数据安全,安全措施
我们只会在达成本政策所述目的所需的期限内保留您的个人信息，除非需要延长保留期或受到法律的允许,数据安全,数据存储期限
（三）互联网并非绝对安全的环境，而且电子邮件、即时通讯、及与其他我们用户的交流方式并未加密，我们强烈建议您不要通过此类方式发送个人信息,数据安全,安全措施
请使用复杂密码，协助我们保证您的账号安全,数据安全,安全措施
（四）互联网环境并非百分之百安全，我们将尽力确保或担保您发送给我们的任何信息的安全性,数据安全,安全措施
如果我们的物理、技术、或管理防护设施遭到破坏，导致信息被非授权访问、公开披露、篡改、或毁坏，导致您的合法权益受损，我们将承担相应的法律责任,数据安全,发生安全事故的处理方式
（五）在不幸发生个人信息安全事件后，我们将按照法律法规的要求，及时向您告知：安全事件的基本情况和可能的影响、我们已采取或将要采取的处置措施、您可自主防范和降低风险的建议、对您的补救措施等,数据安全,发生安全事故的处理方式
我们将及时将事件相关情况以邮件、信函、电话、推送通知等方式告知您，难以逐一告知个人信息主体时，我们会采取合理、有效的方式发布公告,数据安全,发生安全事故的处理方式
同时，我们还将按照监管部门要求，主动上报个人信息安全事件的处置情况,数据安全,发生安全事故的处理方式
"==========
## 五、您的权利
      按照中国相关的法律、法规、标准，以及其他国家、地区的通行做法，我们保障您对自己的个人信息行使以下权利： 
### （一）访问您的个人信息
      您有权访问您的个人信息，法律法规规定的例外情况除外",用户访问_编辑_删除的方法,用户可以进行的操作
"如果您想行使数据访问权，可以通过以下方式自行访问： 
**账户信息** ，如果您希望访问或编辑您的账户中的个人资料信息，您可以在我的帐号中进行管理",用户访问_编辑_删除的方法,操作的途径
**搜索/浏览记录信息** ，您可以在搜索中访问或清除您的搜索历史记录、以及删除浏览历史记录,用户访问_编辑_删除的方法,用户可以进行的操作
**收藏记录** ，你可以在 我的收藏 中访问或清除你的收藏记录,用户访问_编辑_删除的方法,操作的途径
注若您未开启同步功能，我们不会上传您的收藏记录,用户访问_编辑_删除的方法,供应商动作
如果您无法通过上述链接访问这些个人信息，您可以随时发送电子邮件至wangchutouzi@163.com,用户访问_编辑_删除的方法,用户可以进行的操作
我们将在 **30天内** 回复您的访问请求,用户访问_编辑_删除的方法,供应商动作
对于您在使用我们的产品或服务过程中产生的其他个人信息，只要我们不需要过多投入，我们会向您提供,用户访问_编辑_删除的方法,供应商动作
如果您想行使数据访问权，请发送电子邮件至【wangchutouzi@163.com】,用户访问_编辑_删除的方法,操作的途径
"==========
### （二）更正您的个人信息
当您发现我们处理的关于您的个人信息有错误时，您有权要求我们做出更正",用户访问_编辑_删除的方法,用户可以进行的操作
您可以通过“（一）访问您的个人信息”中罗列的方式提出更正申请,用户访问_编辑_删除的方法,用户可以进行的操作
如果您无法通过上述链接更正这些个人信息，您可以随时发送电子邮件至wangchutouzi@.com,用户访问_编辑_删除的方法,用户可以进行的操作
我们将在**30天**内回复您的更正请求,用户访问_编辑_删除的方法,供应商动作
"==========
### （三）删除您的个人信息
      在以下情形中，您可以向我们提出删除个人信息的请求： 
  1. 如果我们处理个人信息的行为违反法律法规",用户访问_编辑_删除的方法,用户可以进行的操作
2. 如果我们收集、使用您的个人信息，却未征得您的同意,其他通用信息,
3. 如果我们处理个人信息的行为违反了与您的约定,其他通用信息,
4. 如果您不再使用我们的产品或服务，或您注销了账号,其他通用信息,
5. 如果我们不再为您提供产品或服务,其他通用信息,
若我们决定响应您的删除请求，我们还将同时通知从我们获得您的个人信息的实体，要求其及时删除，除非法律法规另有规定，或这些实体获得您的独立授权,用户访问_编辑_删除的方法,供应商动作
当您从我们的服务中删除信息后，我们可能不会立即备份系统中删除相应的信息，但会在备份更新时删除这些信息,用户访问_编辑_删除的方法,供应商动作
"==========
### （四）改变您授权同意的范围
      每个业务功能需要一些基本的个人信息才能得以完成（见本策略“第一部分”）",其他通用信息,
对于额外收集的个人信息的收集和使用，您可以随时给予或收回您的授权同意,用户访问_编辑_删除的方法,用户可以进行的操作
"您可以通过以下方式自行操作：
  1. 手机设置-应用管理-应用名称-权限-修改相应权限",用户访问_编辑_删除的方法,操作的途径
2. 手机设置-通知-应用名称-修改通知权限,用户访问_编辑_删除的方法,操作的途径
当您收回同意后，我们将不再处理相应的个人信息,用户访问_编辑_删除的方法,操作对用户造成的影响
但您收回同意的决定，不会影响此前基于您的授权而开展的个人信息处理,用户访问_编辑_删除的方法,操作对用户造成的影响
如果您不想接受我们给您发送的商业广告，您随时可通过以下方式取消：通过短信提示回复退订或我们提供的其他方式退订或关闭,用户访问_编辑_删除的方法,操作的途径
"==========
### （五）个人信息主体注销账户
      您随时可注销此前注册的账户，您可以通过以下方式自行操作： 
      您可以随时发送电子邮件至 wangchutouzi@163.com，提交注销申请（帐号、手机号、用户昵称等证明信息）",用户访问_编辑_删除的方法,操作的途径
我们将在 **30天内** 处理您的注销请求,用户访问_编辑_删除的方法,供应商动作
您主动注销后，我们将停止为您提供产品/服务，根据适用法律的要求删除您的个人信息，或使其匿名化处理,用户访问_编辑_删除的方法,操作对用户造成的影响
您享有您账户的使用权，我们享有账户的所有权,其他通用信息,
在使用中，您不应以任何方式私自转让账户使用权，也不应以任何形式盗用他人账户,其他通用信息,
账户的行为将被视为账户注册用户的行为,其他通用信息,
我们将尽一切可能采取适当的技术手段，保证您可以访问、更新和更正自己的注册信息或使用我们的服务时提供的其他个人信息,用户访问_编辑_删除的方法,供应商动作
"==========
### （六）约束信息系统自动决策
      在某些业务功能中，我们可能仅依据信息系统、算法等在内的非人工自动决策机制做出决定",其他通用信息,
如果这些决定显著影响您的合法权益，您有权要求我们做出解释，我们也将提供适当的救济方式,其他通用信息,
"==========
### （七）响应您的上述请求
      为保障安全，您可能需要提供书面请求，或以其他方式证明您的身份",用户访问_编辑_删除的方法,用户可以进行的操作
我们可能会先要求您验证自己的身份，然后再处理您的请求,用户访问_编辑_删除的方法,供应商动作
我们将在三十天内做出答复,用户访问_编辑_删除的方法,供应商动作
"如您不满意，还可以通过以下邮箱投诉：wangchutouzi@163.com 
      对于您合理的请求，我们原则上不收取费用，但对多次重复、超出合理限度的请求，我们将视情收取一定成本费用",用户访问_编辑_删除的方法,用户可以进行的操作
对于那些无端重复、需要过多技术手段（例如，需要开发新系统或从根本上改变现行惯例）、给他人合法权益带来风险或者非常不切实际（例如，涉及备份磁带上存放的信息）的请求，我们可能会予以拒绝,用户访问_编辑_删除的方法,供应商动作
"在以下情形中，按照法律法规要求，我们将无法响应您的请求： 
  1. 与个人信息控制者履行法律法规规定的义务相关的",其他通用信息,
2. 与国家安全、国防安全直接相关的,其他通用信息,
3. 与公共安全、公共卫生、重大公共利益直接相关的,其他通用信息,
4. 与犯罪侦查、起诉、审判和执行判决等直接相关的,其他通用信息,
5. 个人信息控制者有充分证据表明个人信息主体存在主观恶意或滥用权利的,其他通用信息,
6. 出于维护个人信息主体或其他个人的生命、财产等重大合法权益但又很难得到本人同意的,其他通用信息,
7. 响应个人信息主体的请求将导致个人信息主体或其他个人、组织的合法权益受到严重损害的,其他通用信息,
8. 涉及商业秘密的,其他通用信息,
"==========
## 六、我们如何处理儿童的个人信息
      我们的产品、网站和服务主要面向成人",面向特定人群用户条款,群体类型
如果没有父母或监护人的同意，儿童不得创建自己的用户账户,面向特定人群用户条款,供应商动作
对于经父母同意而收集儿童个人信息的情况，我们只会在受到法律允许、父母或监护人明确同意或者保护儿童所必要的情况下使用或公开披露此信息,面向特定人群用户条款,供应商动作
尽管当地法律和习俗对儿童的定义不同，但我们将不满 14 周岁的任何人均视为儿童,面向特定人群用户条款,群体类型
如果我们发现自己在未事先获得可证实的父母同意的情况下收集了儿童的个人信息，则会设法尽快删除相关数据,面向特定人群用户条款,供应商动作
"==========
## 七、您的个人信息如何在全球范围转移及存储期限
  1. 全球范围转移
      原则上，我们在 **中华人民共和国境内收集和产生的个人信息，将存储在中华人民共和国境内**",数据安全,数据存储/跨境传输的目的
由于我们通过遍布全球的资源和服务器提供产品或服务，这意味着，在获得您的授权同意后，您的个人信息可能会被转移到您使用产品或服务所在国家/地区的境外管辖区，或者受到来自这些管辖区的访问,其他通用信息,
此类管辖区可能设有不同的数据保护法，甚至未设立相关法律,其他通用信息,
在此类情况下，我们会确保您的个人信息得到在中华人民共和国境内足够同等的保护,其他通用信息,
例如，我们会请求您对跨境转移个人信息的同意，或者在跨境数据转移之前实施数据去标识化等安全举措,数据安全,安全措施
"2. 存储期限
      我们只会在达成**本政策所述目的所需的期限内保留您的个人信息（除非法律有强制的存留要求）**",数据安全,数据存储期限
例如，您发布、评论、收藏等信息，在您未撤回、删除或未注销账号期间，因适用的法律和安全技术，我们可能无法立即从备份系统中删除相应信息、我们将安全的储存这部分信息并进一步处理隔离，直到备份可以清除或实现匿名,用户访问_编辑_删除的方法,供应商动作
"==========
## 八、本隐私权政策如何更新
      我们可能适时会对本隐私权政策进行调整或变更，本隐私权政策的任何更新将以标注更新，将公布在本页面上发布，除法律法规或监管规定另有强制性规定重大变更外，经调整或变更的内容一经通知或公布后的7日后生效",条款更改,告知方式
如您在隐私权政策调整或变更后继续使用我们提供的任一服务或访问我们相关网站的，我们相信这代表您已充分阅读、理解并接受修改后的隐私权政策并受其约束,条款更改,用户选择
对于重大变更，我们还会提供更为显著的通知（包括对于某些服务， 我们会通过APP启动弹窗发送通知，说明隐私政策的具体变更内容）,条款更改,告知方式
"本政策所指的重大变更包括但不限于： 
  1. 我们的服务模式发生重大变化",其他通用信息,
如处理个人信息的目的、处理的个人信息类型、个人信息的使用方式等,其他通用信息,
2. 我们在所有权结构、组织架构等方面发生重大变化,其他通用信息,
如业务调整、破产并购等引起的所有者变更等,其他通用信息,
3. 个人信息共享、转让或公开披露的主要对象发生变化,其他通用信息,
4. 您参与个人信息处理方面的权利及其行使方式发生重大变化,其他通用信息,
5. 我们负责处理个人信息安全的责任部门、联络方式及投诉渠道发生变化时,其他通用信息,
6. 个人信息安全影响评估报告表明存在高风险时,其他通用信息,
"==========
## 九、如何联系我们
      如果您对本隐私政策有任何疑问、意见或建议，通过以下方式与我们联系： 
**邮箱：【wangchutouzi@163.com】**
一般情况下，我们将在三十天内回复",其他通用信息,
