"ameDLO1antIjLXZV5GDm5Ti7_z7e-0530_com_bairimeng_snake_huawei.txt





Apkid:com.bairimeng.snake.huawei
==========
#  隐私政策
最近更新日期：2020 年 2 月 11 日
==========
深圳市白日梦网络科技有限公司及其关联公司 [包括但不限于：深圳市抱一网络科技有限公司（以下统称“白日梦游戏”或“我们”）]重视用户的隐私保护",其他通用信息,
您在使用白日梦游戏提供的服务时，白日梦游戏可能会收集和使用您的相关信息,其他通用信息,
白日梦游戏希望通过本《隐私政策》向您说明，在您使用白日梦游戏的服务时，白日梦游戏如何收集、使用、分享、转让、储存、管理和公开披露这些信息，以及白日梦游戏为您提供的访问、更新、控制和保护这些信息的方式,其他通用信息,
**本《隐私政策》与您所使用的白日梦游戏服务息息相关，希望您在使用白日梦游戏的服务前仔细阅读并确认您已经充分理解本《隐私政策》所写明的内容，对于本《隐私政策》中与您的权益存在重大关系的条款，白日梦游戏已将字体加粗，请您特别留意,其他通用信息,
"如果您对本《隐私政策》或您个人信息的相关事宜有任何问题、意见或建议，可与白日梦游戏信息联系（3235195830
2997607335），白日梦游戏会在最短的时间内给予您反馈及必要的帮助",其他通用信息,
"**
**如果您未满 18 周岁，请在法定监护人的陪同下阅读本《隐私政策》",面向特定人群用户条款,群体类型
如您为未成年人的法定监护人，请特别注意本《隐私政策》第 11 条,面向特定人群用户条款,用户选择
"**
**一旦您安装、使用、注册或以其他方式访问白日梦游戏的服务，那就意味着您已经接受本《隐私政策》，并且在知情的基础上明确同意白日梦游戏按本《隐私政策》的规定收集、使用、分享、转让、储存、管理和公开披露您的个人信息",第一方收集_使用,用户选择所造成的影响
此后，用户不得以未阅读本政策的内容作任何形式的抗辩,其他通用信息,
"**
**除本《隐私政策》另有明确规定外，本《隐私条款》所用术语与《游戏许可和服务协议》所定义的术语具有相同的涵义",其他通用信息,
"**
==========
## 1\. 白日梦游戏可能收集的您的个人信息
白日梦游戏根据合法、必要、正当原则，仅收集实现产品功能及向您提供服务所需要的必要信息",第一方收集_使用,采集的个人信息类型
"我们通过以下途径收集和获得您的个人信息：
### 1.1 您提供的信息
1.1.1 您在注册账户时，填写的信息",第一方收集_使用,何时采集
如：您在注册成为白日梦游戏用户时提供的身份证号码、姓名、年龄、昵称、性别,第一方收集_使用,采集的个人信息类型
又如：您在使用白日梦游戏服务时关联其他软件账户的信息，如微信账户信息、微信好友信息等,第一方收集_使用,采集的个人信息类型
1.1.2 您在使用服务时上传 / 提供的信息,第一方收集_使用,何时采集
"如：您在绑定账号、关联账号、验证登录及解绑账号提供的手机号码、电子邮箱、QQ
账号、微信账号等",第一方收集_使用,采集的个人信息类型
您在认证成为开发者市提供的银行账号信息、身份证信息,第一方收集_使用,采集的个人信息类型
您在用户中心填写的性别信息,第一方收集_使用,采集的个人信息类型
以及您在使用白日梦游戏提供的其他服务过程中，上传的照片、头像，联系地址,第一方收集_使用,采集的个人信息类型
1.1.3 您通过我们的客服或参加我们举办的活动时所提交的信息,第一方收集_使用,何时采集
如：您参与我们线下活动时提供的包含您的姓名、年龄、性别、电话、家庭地址信息,第一方收集_使用,采集的个人信息类型
我们的部分服务可能需要您提供特定的个人敏感信息来实现特定功能,第一方收集_使用,采集的目的
**若您选择不提供该类信息，则可能无法正常使用服务中的特定功能，但不影响您使用服务中的其他功能,第一方收集_使用,用户选择所造成的影响
"**
若您主动提供您的个人敏感信息，即表示您同意我们按本政策所述目的和方式来处理您的个人敏感信息",第一方收集_使用,用户选择所造成的影响
"==========
### 1.2 白日梦游戏获取的您的信息
白日梦游戏在您使用白日梦游戏的服务时可能通过收集、汇总、记录等方式获得您的信息：
1.2.1 日志信息
**指您使用白日梦游戏的服务时，系统可能自动采集的技术信息，包括：**
**（1）您使用白日梦游戏的服务而使用的设备或软件的信息，例如您的移动设备的品牌、型号、版本、配置（存储内存等信息）、设备识别码、平台、语言、IP
地址等",第一方收集_使用,采集的个人信息类型
"**
（2）您使用白日梦游戏服务时搜索或浏览的信息，例如您使用的网页搜索词语、访问的社交媒体页面 url地址，以及您在使用白日梦游戏服务时浏览或要求提供的其他信息和内容详情",第一方收集_使用,采集的个人信息类型
（3）在不违反相关法律规定的情况下，有关您曾使用的移动应用（APP）和其他软件的信息，以及您曾经使用该等移动应用和软件的信息,第一方收集_使用,采集的个人信息类型
（4）您通过白日梦游戏的服务进行通讯的信息，例如曾通讯的账号，以及通讯时间、数据和时长,第一方收集_使用,采集的个人信息类型
（5）您通过白日梦游戏的服务分享的内容所包含的信息（元数据），例如拍摄或上传的共享照片或录像的日期、时间或地点等,第一方收集_使用,采集的个人信息类型
"1.2.2 位置信息
指您开启设备定位功能并使用白日梦游戏基于位置提供的相关服务时，收集的有关您位置的信息",第一方收集_使用,采集的个人信息类型
如：您在游戏中开启 “附近的人”这个功时，白日梦游戏收集的你的位置信息 **（您也可以选择不使用该功能）**,第一方收集_使用,采集的个人信息类型
您通过具有定位功能的移动设备使用白日梦游戏的服务时，通过 GPS 或WiFi 等方式收集的您的地理位置信息,第一方收集_使用,采集的个人信息类型
"1.2.3 语音
如您使用联机语音功能时，收集的您的语音信息",第一方收集_使用,采集的个人信息类型
**您也可以随时选择不使用语音功能，** 则白日梦游戏将停止收集您的语音信息,第一方收集_使用,采集的个人信息类型
"### 1.3 其他用户分享的信息中含有您的信息
例如，其他用户发布的照片或分享的视频中可能包含您的信息",第一方收集_使用,采集的个人信息类型
"### 1.4 您分享的信息
您可以通过我们的服务与您的好友、家人及其他用户分享您的相关信息",第一方收集_使用,采集的个人信息类型
例如，您在迷你盒子中公开分享的文字和照片,第一方收集_使用,采集的个人信息类型
**您可通过服务中的设置或我们提供的指引删除您公开分享的信息,第一方收集_使用,采集的个人信息类型
但请您注意，这些信息仍可能由其他用户或不受我们控制的非关联第三方独立地保存,第一方收集_使用,采集的个人信息类型
"**
### 1.5 通过第三方 / 合作方获取的您的信息
如：您通过第三方购买白日梦游戏的服务或通过第三方账号使用白日梦游戏的服务时，白日梦游戏向第三方获取的您的信息，包括：
（1）您通过苹果应用商店、各大安卓应用商店购买白日梦游戏的服务时，白日梦游戏从该等应用商店获取的您的信息",与第三方共享_转让_公开,何时与第三方共享
（2）您通过社交软件（如微博、微信）账号或各手机品牌用户账号登陆使用白日梦游戏的服务时，白日梦游戏通过您登陆的上述账号收集的您的基本信息，如您的用户名、头像、年龄、同时使用白日梦游戏服务的好友列表（以便您与您的朋友进行互动）等信息,与第三方共享_转让_公开,与第三方共享的个人信息类型
"==========
## 2\. 白日梦游戏可能采用的收集您个人信息的技术
### 2.1 白日梦游戏或白日梦游戏的第三方合作伙伴，可能通过 Cookies 和 Web beacon
或同类技术收集和使用您的信息，并将该等信息储存为日志信息",第一方收集_使用,采集的渠道
"2.1.1 Cookies
可以帮助网站或应用的提供商辨认注册用户，计算用户数量，通常被各网站或应用的提供商用来判定完成注册的用户是否已经实现登录",其他通用信息,
白日梦游戏会在您的计算机或移动设备上发送一个或多个名为Cookies 的小数据文件，其通常包含标识符、站点名称以及一些号码和字符,第一方收集_使用,是否有交互
指定给您的 Cookies 是唯一的，它只能被将 Cookies发布给您的域中的 web 服务器读取,其他通用信息,
2.1.2 Web beacon 是可以暗藏在任何网页元素或邮件内的 1*1 像素大小的 GIF 或 PNG 图片，可以识别某些种类的有关访问者计算机的信息，例如访问者的 Cookies 编号、查看页面的时间和日期以及对 Web beacon 所在页面的描述,其他通用信息,
"### 2.2 白日梦游戏使用自己的 Cookies 和 Web beacon 或同类技术，目的是为您提供更个性化的用户体验和服务，并用于以下用途：
2.2.1 记住您的身份",第一方收集_使用,对数据的使用
例如：Cookies 和 Web beacon或同类技术有助于白日梦游戏辨认您作为白日梦游戏的注册用户的身份，或保存您向白日梦游戏提供的有关您的喜好或其他信息，简化您重复登录的步骤、存储您的消费数据等进而为您提供偏好设置,第一方收集_使用,对数据的使用
2.2.2 分析您使用白日梦游戏服务的情况,第一方收集_使用,对数据的使用
例如，白日梦游戏可利用 Cookies 和 Web beacon或同类技术来了解您使用白日梦游戏的服务进行什么活动，或哪些网页或服务最受您的欢迎,第一方收集_使用,对数据的使用
2.2.3 广告优化,第一方收集_使用,对数据的使用
Cookies 和 Web beacon或同类技术有助于白日梦游戏根据您的信息，向您提供与您相关的广告而非进行普遍的广告投放，进而帮助您优化对广告的选择与互动,第一方收集_使用,对数据的使用
2.2.4 白日梦游戏为上述目的使用 Cookies 和 Web beacon或同类技术的同时，可能将通过或同类技术收集的非个人身份信息，经统计加工后提供给广告商或其他合作伙伴，用于分析用户如何使用白日梦游戏的服务，并用于广告服务,与第三方共享_转让_公开,何时与第三方共享
### 2.3 白日梦游戏的产品和服务上可能会有广告商或其他合作方放置的 Cookies 和 Web beacon 或同类技术,第一方收集_使用,对数据的使用
这些 Cookies 和Web beacon或同类技术可能会收集与您相关的非个人身份信息，以用于分析用户如何使用该等服务、向您发送您可能感兴趣的广告，或用于评估广告服务的效果,第一方收集_使用,对数据的使用
这些第三方Cookies 和 Web beacon 或同类技术收集和使用该等信息，不受本《隐私政策》约束，而是受该等第三方的隐私政策约束，白日梦游戏不对第三方的Cookies 或 Web beacon 或同类技术承担责任,与第三方共享_转让_公开,对于第三方的约束
### 2.4 白日梦游戏不会将 Cookies 用于本隐私政策所述目的之外的任何用途,第一方收集_使用,对数据的使用
您可以通过自己的偏好设置拒绝或管理 Cookies 或 Web beacon 或同类技术,用户访问_编辑_删除的方法,用户可以进行的操作
您可以清除计算机上保存的所有 Cookies，大部分网络浏览器会自动接受Cookies，但您通常可根据自己的需要来修改浏览器的设置以拒绝 Cookies,用户访问_编辑_删除的方法,用户可以进行的操作
另外，您也可以清除软件内保存的所有Cookies,用户访问_编辑_删除的方法,用户可以进行的操作
但如果您这么做，您可能需要在每一次访问白日梦游戏网站或应用时亲自更改用户设置，而且您之前所记录的相应信息也均会被删除，您有可能无法享受最佳的服务体验，某些服务也可能无法正常使用，或可能会对您所使用服务的安全性有一定影响,第一方收集_使用,用户选择所造成的影响
同时，您还会收到同样数量的广告，但这些广告与您的相关性会降低,第一方收集_使用,用户选择所造成的影响
"==========
## 3\. 白日梦游戏可能如何使用您的个人信息
### 3.1 白日梦游戏可能将在向您提供服务的过程之中所收集的信息用作下列用途：
3.1.1向您提供服务，包括验证登录信息、设置功能以实现您对账号及账号信息的管理、实现和您的沟通，如向您发布产品更新信息，功能更新信息等，允许用户找到同样使用白日梦游戏服务的朋友、允许用户登录第三方服务，向您提供技术支持等",第一方收集_使用,对数据的使用
3.1.2 在白日梦游戏提供服务时，用于身份验证、客户服务、支付服务、安全防范、诈骗监测、存档和备份，确保白日梦游戏向您提供的产品和服务的安全性,第一方收集_使用,对数据的使用
3.1.3 帮助白日梦游戏完成由用户参与的线上线下活动，包括但不限于各种赛事、赠送及其他运营宣传活动,第一方收集_使用,对数据的使用
3.1.4 设计新服务，改善白日梦游戏现有服务,第一方收集_使用,对数据的使用
3.1.5使白日梦游戏更加了解您如何接入和使用白日梦游戏的服务，从而针对性地回应您的个性化需求，例如语言设定、个性化的帮助服务和指示，或对您和其他用户作出其他方面的回应,第一方收集_使用,对数据的使用
3.1.6 对用户进行用户画像，以进行定向推送或精准营销,第一方收集_使用,对数据的使用
如，向您提供与您相关度更高的广告以替代普遍投放的广告（具体见本《隐私政策》第九条）,第一方收集_使用,对数据的使用
**若您拒绝白日梦游戏使用您的信息用于该用途，您可以选择关闭该功能,用户访问_编辑_删除的方法,用户可以进行的操作
"**
3.1.7 对您使用白日梦游戏服务的情况进行统计，以展示白日梦游戏服务的整体使用趋势，但这些统计信息不包含您的任何身份识别信息",第一方收集_使用,对数据的使用
3.1.8 评估白日梦游戏服务中的广告和其他促销及推广活动的效果，并加以改善,第一方收集_使用,对数据的使用
3.1.9 软件认证或管理软件升级,第一方收集_使用,对数据的使用
3.1.10 邀请您参与有关白日梦游戏产品和服务的调查,第一方收集_使用,对数据的使用
**3.1.10其他用途：您了解并同意，在收集您的个人信息后，我们可能通过技术手段对数据进行去标识化处理，去标识化处理的信息将无法识别您的身份，在此情况下我们有权使用已经去标识化的信息，对用户数据库进行分析并予以商业化的利用，而无需另行获得您的同意,第一方收集_使用,对数据的使用
"**
**请您注意，如果我们要将您的个人信息用于本政策中未载明的其他用途或额外收集未提及的其他个人信息，我们会通过页面提示、交互流程、网站公告或其他方式另行征得您的同意",第一方收集_使用,对数据的使用
一旦您同意，该等额外用途将视为本政策的一部分，该等额外信息也将适用本政策,第一方收集_使用,对数据的使用
"**
### 3.2为了让您获得更好的体验、改善白日梦游戏的服务或您同意的其他用途，在符合相关法律法规的前提下，白日梦游戏可能将通过某一项服务所收集的信息，以汇集信息或者个性化的方式，用于白日梦游戏的其他服务",第一方收集_使用,对数据的使用
例如，在您使用白日梦游戏的一项服务时所收集的信息，可能在另一服务中用于向您提供特定内容，或向您展示与您相关的、非普遍推送的信息,其他通用信息,
白日梦游戏在将在相关服务中提供了相应选项，您也可以授权也可以拒绝白日梦游戏将该服务中您所提供和储存的信息用于白日梦游戏的其他服务,用户访问_编辑_删除的方法,用户可以进行的操作
### 3.3为了确保服务的安全，帮助我们更好地了解我们应用程序的运行情况，我们可能记录相关信息，例如，您使用应用程序的频率、故障信息、总体使用情况、性能数据以及应用程序的来源,第一方收集_使用,对数据的使用
我们不会将我们存储在分析软件中的信息与您在应用程序中提供的个人身份信息相结合,第一方收集_使用,对数据的使用
"==========
## 4\. 白日梦游戏可能分享、转让、公开披露您的个人信息的情形
### 4.1 白日梦游戏可能分享您的个人信息的情形
4.1.1 您同意并确认白日梦游戏可能将您的信息与白日梦游戏的关联公司、合作伙伴（如游戏发行渠道 Oppo,
华为、应用宝等、广告公司、数据分析公司等）及第三方服务供应商（包括提供技术服务、系统服务、电信服务、客户服务、风控服务、审计服务、法律服务的机构，例如通讯服务提供商可能代表白日梦游戏发出电子邮件或推送通知、地图服务供应商可能为白日梦游戏提供定位数据）、承包商及代理分享，但白日梦游戏只会分享必要的信息，分享主要用作下列用途：
（1）实现上述 “第 3 条” 所述目的",与第三方共享_转让_公开,对于第三方的约束
（2）履行白日梦游戏在《游戏许可和服务协议》本《隐私政策》及白日梦游戏其他相关协议中的义务和行使白日梦游戏的权利,与第三方共享_转让_公开,何时与第三方共享
4.1.2如白日梦游戏或白日梦游戏的关联公司与任何上述第三方分享您的个人信息，我们将会采用加密、匿名化处理等手段保障您的信息安全,与第三方共享_转让_公开,与第三方共享的目的
白日梦游戏将努力确保该等第三方在使用您的个人信息时遵守本《隐私政策》及白日梦游戏要求其遵守的其他适当的保密和安全措施,其他通用信息,
"### 4.2 白日梦游戏可能转让您的个人信息的情形
**随着白日梦游戏业务的持续发展，白日梦游戏以及白日梦游戏的关联公司有可能进行合并、收购、资产转让或类似的交易，您的信息有可能作为此类交易的一部分而被转让",与第三方共享_转让_公开,何时与第三方共享
"**
但白日梦游戏会要求新的持有您信息的公司、组织继续受本《隐私政策》的约束，否则，白日梦游戏将要求该公司、组织重新向您征求授权同意",与第三方共享_转让_公开,何时与第三方共享
"### 4.3 白日梦游戏可能公开披露您的个人信息的情形
白日梦游戏可能在一些有奖活动中公开披露您的信息，如在公布中奖活动名单时会脱敏展示中奖者手机号或登录名",与第三方共享_转让_公开,何时与第三方共享
"### 4.4 其他白日梦游戏可能分享、转让、公开披露您的个人信息的情形
白日梦游戏或白日梦游戏的关联公司还可能为以下需要而分享、转让、公开披露您的个人信息：
4.4.1 事先获得您明确的同意或授权的",其他通用信息,
4.4.2 遵守法院命令或其他法律程序的规定,其他通用信息,
4.4.3 遵守相关政府机关的要求,其他通用信息,
4.4.4为遵守适用的法律法规、维护社会公共利益，或保护白日梦游戏的客户、白日梦游戏或白日梦游戏的集团公司、其他用户或雇员的人身和财产安全或合法权益所合理必需的用途,其他通用信息,
4.4.5 为合法的新闻报道所必需的,其他通用信息,
4.4.6 学术研究机构基于公共利益开展统计或学术研究所必要，且对外提供学术研究或描述的结果时，对结果中所包含的个人信息进行去标识化处理的,其他通用信息,
4.4.7 为了实现社交分享和第三方登录功能，我们使用了MobTech的ShareSDK产品，此产品的隐私条款可以参阅<http://www.mob.com/about/policy>,其他通用信息,
4.5 除上述情形外，未经您同意，白日梦游戏以及白日梦游戏的关联公司不会分享、转让或公开披露您的个人信息,其他通用信息,
"==========
5\. 您的权利
5.1 访问和更正您的个人信息
白日梦游戏将尽一切可能采取适当的技术手段，保证您可以访问、更新和更正自己的注册信息或使用白日梦游戏的服务时提供的其他个人信息",用户访问_编辑_删除的方法,用户可以进行的操作
您访问、修改和删除个人信息的范围和方式将取决于您使用的具体服务,用户访问_编辑_删除的方法,用户可以进行的操作
在访问、更新和更正前述信息时，白日梦游戏可能会要求您进行身份验证，以保障账户安全,用户访问_编辑_删除的方法,供应商动作
如您在访问、更新和更正前述信息时遇到任何困难，您可以通过本协议列明的联系方式和我们联系,用户访问_编辑_删除的方法,用户可以进行的操作
"5.2 删除您的个人信息
在以下情形下，您可以向我们提出删除个人信息的请求：
5.2.1 如果我们处理个人信息的行为违反法律法规",用户访问_编辑_删除的方法,用户可以进行的操作
5.2.2 如果我们收集、使用您的个人信息，却未征得您的同意,其他通用信息,
5.2.3 如果我们处理个人信息的行为违反了与您的约定,其他通用信息,
5.2.4 如果您不再使用我们的产品或服务，或您注销了账号,其他通用信息,
5.2.5 如果我们不再为您提供产品或服务,其他通用信息,
若我们决定响应您的删除请求，我们还将同时通知从我们获得您的个人信息的实体，要求其及时删除，除非法律法规另有规定，或这些实体获得您的独立授权,用户访问_编辑_删除的方法,供应商动作
当您从我们的服务中删除信息后，我们可能不会立即备份系统中删除相应的信息，但会在备份更新时删除这些信息,用户访问_编辑_删除的方法,供应商动作
"5.3 尽管有上述约定，但按照法律法规要求，在以下情形下，白日梦游戏可能无法响应您的请求：
5.3.1 与国家安全、国防安全有关的",其他通用信息,
5.3.2 与公共安全、公共卫生、重大公共利益有关的,其他通用信息,
5.3.3 与犯罪侦查、起诉和审判等有关的,其他通用信息,
5.3.4 有充分证据表明您存在主观恶意或滥用权利的,其他通用信息,
5.3.5 响应您的请求将导致其他个人、组织的合法权益受到严重损害的,其他通用信息,
"5.4 个人信息主体注销账户
您随时可以注销此前注册的账户",用户访问_编辑_删除的方法,用户可以进行的操作
您可以通过联系白日梦游戏信息部注销您的注册账户或者按照您使用的具体服务所列明的指引进行操作,用户访问_编辑_删除的方法,用户可以进行的操作
"==========
6\. 信息安全
**6.1白日梦游戏仅在本《隐私政策》所述目的所必需的期间和法律法规要求的时限内保留您的个人信息",数据安全,数据存储期限
保留期限截止后，我们将会对您的信息采用匿名化处理或删除,第一方收集_使用,对数据的使用
"**
6.2白日梦游戏仅允许有必要知晓这些信息的白日梦游戏及白日梦游戏关联方的员工、合作伙伴访问您的个人信息，并为此设置了严格的访问权限控制和监控机制",数据安全,安全措施
白日梦游戏同时要求可能接触到您个人信息的所有人员履行相应的保密义务,数据安全,安全措施
如果未能履行这些义务，可能会被追究法律责任或被中止与白日梦游戏的合作关系,数据安全,安全措施
6.3互联网并非绝对安全的环境，而且电子邮件、即时通讯、社交软件等与其他用户的交流方式无法确定是否完全加密，白日梦游戏建议您使用此类工具时请使用复杂密码或不定期修改账号密码，并注意保护您的个人信息安全,数据安全,安全措施
**6.4 白日梦游戏使用各种安全技术和程序保护您提供的个人信息，防止数据遭到未经授权访问、公开披露、使用、修改、损坏或丢失,数据安全,安全措施
"**
==========
7\. 有关您共享您的个人信息的提示
7.1您使用白日梦游戏的服务时，可让您不仅与自己的社交网络，也与使用该服务的所有用户公开分享您的相关信息，例如，您在游戏平台中所上传或发布的信息（包括您公开的个人信息）、您对其他人上传或发布的信息作出的回应，以及包括与这些信息有关的位置数据和日志信息",与第三方共享_转让_公开,是否有交互
使用白日梦游戏服务的其他用户也有可能分享与您有关的信息（包括位置数据和日志信息）,与第三方共享_转让_公开,与第三方共享的方式
特别是，白日梦游戏的社交媒体服务，是专为使您与世界各地的用户共享信息而设计，您可以使共享信息实时、广泛地传递,与第三方共享_转让_公开,第三方对数据的使用
**只要您不删除共享信息，有关信息会一直留存在公共领域,与第三方共享_转让_公开,第三方对数据的使用
即使您删除共享信息，有关信息仍可能由其他用户或不受白日梦游戏控制的非关联第三方独立地缓存、复制或储存，或由其他用户或该等第三方在公共领域保存,与第三方共享_转让_公开,何时与第三方共享
"**
**7.2因此，请您谨慎考虑通过白日梦游戏的服务上传、发布和交流的信息内容",其他通用信息,
在一些情况下，您可通过白日梦游戏某些服务的隐私设定来控制有权浏览您共享信息的用户范围,用户访问_编辑_删除的方法,用户可以进行的操作
如要求从白日梦游戏的服务中删除您的相关信息，请通过该等特别服务条款提供的方式操作,其他通用信息,
"**
==========
## 8\. 有关敏感个人信息的提示
8.1 **个人敏感信息** 是指一旦泄露、非法提供或滥用可能危害人身和财产安全，极易导致个人名誉、身心健康受到损害或歧视性待遇等的个人信息，
**例如您的财产信息（包括交易记录等信息）、身份信息、种族、宗教、个人生物识别信息、个人教育工作信息、个人通信信息及个人健康和医疗信息等",其他通用信息,
相比其他个人信息，敏感个人信息将会受到白日梦游戏更加严格的保护,其他通用信息,
"**
8.2 请注意，您在使用白日梦游戏的服务时所提供、上传或发布的内容和信息（例如有关您社交活动的照片等信息），可能会泄露您的敏感个人信息",其他通用信息,
**您需要谨慎地考虑，是否在使用白日梦游戏的服务时披露相关敏感个人信息，或者采用遮盖敏感个人信息的方式予以提供、上传或发布,其他通用信息,
"**
**8.3 您同意按本《隐私政策》所述的目的和方式来处理您的敏感个人信息",其他通用信息,
"**
==========
## 9\. 广告服务
9.1 白日梦游戏可能使用您的相关信息，向您提供与您相关度更高的广告",第一方收集_使用,对数据的使用
"9.2 白日梦游戏也可能使用您的信息，通过白日梦游戏的服务、电子邮件或其他方式向您发送广告营销信息，提供或推广白日梦游戏或第三方的如下产品和服务：
9.2.1 白日梦游戏、白日梦游戏的关联公司和合作伙伴的产品或服务",第一方收集_使用,对数据的使用
9.2.2第三方供应商，以及与下列有关的第三方产品或服务：食物和餐饮、体育、音乐、电影、电视、现场表演及其他艺术和娱乐、书册、杂志和其他刊物、服装和配饰、珠宝、化妆品、个人健康和卫生、电子、收藏品、家用器皿、电器、家居装饰和摆设、宠物、汽车、酒店、交通和旅游、银行、保险及其他金融服务、会员积分和奖励计划，以及白日梦游戏认为可能与您相关的其他产品或服务,第三方搜集_使用,第三方相关实体
**9.3如您不希望白日梦游戏将您的个人信息用作前述广告服务用途，您可以通过白日梦游戏在广告中提供的相关提示，或在特定服务中提供的指引，要求白日梦游戏停止为上述用途使用您的个人信息,用户访问_编辑_删除的方法,用户可以进行的操作
同时，您仍然将收到广告，只是这些广告与您的相关性会降低,用户访问_编辑_删除的方法,操作对用户造成的影响
"**
==========
10\. 白日梦游戏可能向您发送的邮件和信息
10.1 邮件和信息推送
您在使用白日梦游戏的服务时，白日梦游戏可能使用您的信息向您的设备发送电子邮件、新闻或推送通知",第一方收集_使用,对数据的使用
如您不希望收到这些信息，可以按照白日梦游戏的相关提示，在设备上选择取消订阅,用户访问_编辑_删除的方法,用户可以进行的操作
"10.2 与服务有关的公告
白日梦游戏可能在必要时（例如因系统维护而暂停某一项服务时）向您发出与服务有关的公告",其他通用信息,
您可能无法取消和限制白日梦游戏向您发出这些与服务有关且性质不属于推广的公告,其他通用信息,
"==========
## 11\. 未成年人保护
**11.1 白日梦游戏非常重视对未成年人个人信息的保护，18
周岁以下的未成年人未经父母或法定监护人同意不得使用白日梦游戏的服务",面向特定人群用户条款,群体类型
我们建议未成年人在提交个人信息之前寻求父母或监护人的同意和指导,面向特定人群用户条款,供应商动作
"如您是 18
周岁以下的未成年人的父母或法定监护人，则应监督和管控该未成年人使用白日梦游戏服务的行为",面向特定人群用户条款,群体类型
"**
**11.2 白日梦游戏只会在受到法律允许或者保护未成年人所必要的情况下使用或公开披露未成年人个人信息",面向特定人群用户条款,供应商动作
"**
**11.3如果未成年人未经父母或法定监护人的同意而使用白日梦游戏的服务，该未成年人的父母或监护人有权与白日梦游戏取得联系并要求白日梦游戏删除该未成年人的个人信息，白日梦游戏核实后将立即删除",面向特定人群用户条款,供应商动作
"**
**11.4 如果白日梦游戏发现自己在未事先获得可证实的父母或法定监护人同意的情况下收集了未成年人的个人信息，则会设法尽快删除相关数据",面向特定人群用户条款,供应商动作
"**
11.5 若您是 14周岁以下的儿童，在使用相关的产品或服务前，应当按照注册、使用流程，事先取得您的家长或法定监护人的同意，并由您的家长或法定监护人帮助您完成产品或服务注册流程，以便您能使用我们提供的产品或服务",面向特定人群用户条款,群体类型
11.5若您是儿童的监护人，当您在帮助儿童完成产品或服务的注册、使用前，应当仔细阅读本隐私政策、产品具体的隐私保护指引（如有）和《儿童隐私政策》，决定是否同意本隐私政策、产品具体的隐私保护指引（如有）和《儿童隐私政策》并帮助儿童进行注册、使用，以便儿童能使用我们提供的产品或服务,面向特定人群用户条款,用户选择
"==========
## 12\. 您的个人信息如何在全球范围转移
12.1 原则上，我们在中华人民共和国境内收集的产生的个人信息，将存储在中华人民共和国境内",数据安全,跨境传输
"**12.2由于由于我们通过遍布全球的资源和服务器提供产品或服务，这意味着在获得您的授权同意及我们据法律法规的要求做出个人信息影响评估后，您的个人信息可能会被转移到您使用产品或服务所在国家
/ 地区的境外管辖区，或者受到来自这些管辖区的访问",数据安全,跨境传输
此类管辖区可能设有不同的数据保护法，甚至未设立相关法律,数据安全,跨境传输
在此类情况下，我们会确保您的个人信息得到在中华人民共和国境内足够同等的保护,数据安全,跨境传输
例如，我们会请求您对跨境转移个人信息的同意，或者在跨境数据转移之前实施数据去标识化等安全举措,数据安全,安全措施
"**
==========
## 13\. 隐私政策的适用范围
13.1 除白日梦游戏明确说明的某些特定服务外，白日梦游戏所有的服务均适用本《隐私政策》",其他通用信息,
**特定服务将适用特定的隐私政策，针对某些特定服务的特定隐私政策，白日梦游戏将更具体地说明白日梦游戏在该等服务中如何使用您的信息,其他通用信息,
该特定服务的隐私政策构成本《隐私政策》的一部分,其他通用信息,
如相关特定服务的隐私政策与本《隐私政策》有不一致之处，适用该特定服务的隐私政策,其他通用信息,
"**
==========
## 14\. 隐私政策的适用例外
14.1白日梦游戏的服务可能包括或链接至第三方提供的社交媒体或其他服务（包括网站）",其他通用信息,
例如：白日梦游戏通过广告或白日梦游戏服务的其他方式向您提供链接，使您可以接入第三方的服务或网站,其他通用信息,
14.2该等第三方社交媒体或其他服务可能由相关的第三方运营，有其自身的隐私政策以及获取您的个人信息的方法和措施，并且这些第三方的隐私政策、获取您的个人信息的方式和措施将不会受到白日梦游戏的控制,其他通用信息,
您使用该等第三方的社交媒体服务或其他服务（包括您向该等第三方提供的任何个人信息），须受该第三方的服务条款及隐私政策（而非白日梦游戏相关协议及本《隐私政策》）的约束，您需要仔细阅读其条款,其他通用信息,
**本《隐私政策》仅适用于白日梦游戏所收集的信息，并不适用于任何第三方提供的服务或第三方的信息使用，白日梦游戏对任何第三方使用您的个人信息不承担任何责任,其他通用信息,
"**
==========
## 15\. 变更
15.1 白日梦游戏可能不时修订本《隐私政策》的条款，该等修订构成本《隐私政策》的一部分",条款更改,
**如该等修订造成您在本《隐私政策》下权利的实质减少，白日梦游戏将在修订生效前通过在主页或应用的显著位置提示或向您发送电子邮件或以其他方式通知您,条款更改,告知方式
在该种情况下，若您继续使用白日梦游戏的服务，即表示同意受经修订的《隐私政策》的约束,条款更改,用户选择
"**
==========
16\. 联系白日梦游戏
**游戏客服 QQ：800184243 商务合作 QQ：2997607335**
通讯地址：深圳市南山区华侨城创意园北区 A5 栋 401，邮编：518000",其他通用信息,
"==========
## 17\. 争议解决
**17.1 本《隐私政策》的成立、生效、履行、解释及纠纷解决均受到中华人民共和国大陆地区法律（不包含冲突法）管辖",其他通用信息,
"**
**17.2 当您因为本《隐私政策》的实施与白日梦游戏产生任何纠纷时，双方应首先协商友好解决",其他通用信息,
若不能协商解决，双方一致同意向深圳市南山区法院提起诉讼,其他通用信息,
**,其他通用信息,
