"aas0l1h2_mSHrfGpwUzM2XuW2WAm-0531_com_all_video.txt





Apkid:com.all.video
==========
## 影视大全客户端用户许可协议
==========
### 1\. 服务条款的接受与修改
#### 1.1 本协议是用户与影视大全（下称“影视大全”）双方之间的协议（下称“本协议”），影视大全将严格依照本协议中的服务条款提供服务",其他通用信息,
本协议条款构成您（无论个人或者单位）使用影视大全所提供的服务及其衍生服务之先决条件，通过访问和/或使用影视大全提供的网站、客户端及其他服务，您表示接受同意本协议的全部条款,其他通用信息,
如果您不愿意接受本协议的全部条款，您应不使用或主动取消影视大全提供的任何服务,其他通用信息,
#### 1.2 本协议适用于影视大全提供的，供您使用和/或访问的全部网页服务、客户端服务、及其他服务,其他通用信息,
#### 1.3 如果您为未满18周岁的自然人，请在法定监护人的陪同下阅读本协议，并特别注意未成年人使用条款,面向特定人群用户条款,群体类型
"未成年人行使和履行本协议项下的
权利和义务视为已获得了法定监护人的认可",面向特定人群用户条款,群体类型
"==========
### 2\. 服务说明
#### 2.1 影视大全向用户提供包括但不限于以下服务：
#### 2.1.1 影视大全直接所有或运营的任何网站（下称“影视大全”）",其他通用信息,
#### 2.1.2 影视大全直接拥有或运营的客户端包括但不限于PC、平板、手机、电视、机顶盒等全部终端客户端产品（下称“影视大全客户端”）,其他通用信息,
"#### 2.1.3
影视大全提供的其他技术和/或服务（下称“影视大全其他技术和服务”）",其他通用信息,
（以上服务统称为“影视大全服务”，上述服务所在的平台统称“影视大全平台”）,其他通用信息,
"#### 2.2
影视大全服务，均仅限于用户在影视大全平台使用，任何以恶意破解等非法手段将影视大全服务与影视大全平台分离的行为，均不属于本协议中约定的影视大全服务",其他通用信息,
由此引起的一切法律后果由行为人负责，影视大全将依法追究行为人的法律责任,其他通用信息,
"#### 2.3
影视大全官方公布的方式为下载、注册、登陆、使用影视大全服务的唯一合法方式，用户通过其他任何渠道、任何途径、任何方式获取的影视大全服务（包括且不限于帐号、客户端下载等）均为非法取得，影视大全概不承认其效力，且一经发现影视大全
有权立即做出删除、取消、清零、封号等处理，任何因此导致的一切不利后果均由用户自行承担",其他通用信息,
"#### 2.4
用户理解并认可影视大全享有如下权利，影视大全行使如下权利不视为违约，用户不予追究或者豁免影视大全的相关法律责任：用户有权长期使用其合法获得的影视大全帐号等，但是用户确认其仅享有上述服务和产品的使用权，上述服务和产品及其衍生物的所有权及知识产权均归影视大全所有（但是经合法渠道取得的实体产品所有权除外）",其他通用信息,
影视大全有权根据实际情况自行决定收回日期而无需通知用户，亦无需征得用户同意,其他通用信息,
"#### 2.5 影视大全有权提前向用户公告（包括但不限于弹出页面公告、官方网站公告）以修改、替换、升级与影视大全提供的任何服务和/或上述服务相关
的任何软件",其他通用信息,
如果用户不同意或者不接受影视大全提供的任何服务和/或上述服务相关软件的修改、替换、升级，请直接拒绝、停止、取消，否则视为用户同意并接受影视大全提供的任何服务和/或上述相关软件的修改、替代、升级，同时该同意并接受的行为仍受本协议约束,用户访问_编辑_删除的方法,用户可以进行的操作
"==========
### 3\. 使用规则
#### 3.1 用户在申请使用影视大全服务时，必须向影视大全提供完整、真实、准确、最新的个人资料",第一方收集_使用,何时采集
如果上述信息发生变化，用户应及时更改,用户访问_编辑_删除的方法,用户可以进行的操作
"#### 3.2
用户应妥善保管自己的帐号、密码，不得转让、出借、出租或分享予他人使用",用户访问_编辑_删除的方法,用户可以进行的操作
否则影视大全有权选择根据实际情况暂时封停或永久查封此帐号，当用户的帐号或密码遭到未经授权的使用时，用户应当立即通知影视大全，否则未经授权的使用行为均视为用户本人的行为,第一方收集_使用,用户选择所造成的影响
"#### 3.3
用户同意影视大全在提供服务的过程中以各种方式投放商业性广告或其他任何类型的商业信息（包括但不限于在影视大全平台的任何位置上投放广告，在用户传播的内容中投放广告），用户同意接受影视大全通过电子邮件或其他方式向用户发送商品促销或其他相关商业信息",第一方收集_使用,是否有交互
"#### 3.4
用户在使用影视大全服务过程中，应遵守以下法律法规：用户同意遵守《中华人民共和国保守国家秘密法》、《中华人民共和国著作权法》、《中华人民共和国
计算机信息系统安全保护条例》、《计算机软件保护条例》、《互联网电子公告服务管理规定》、《信息网络传播权保护条例》等有关计算机及互联网规定的法律、法规",其他通用信息,
在任何情况下，影视大全一旦合理地认为用户的行为可能违反上述法律、法规，可以在任何时候，不经事先通知终止向该用户提供服务,其他通用信息,
"#### 3.5 禁止用户从事以下行为：
#### 3.5.1 制作、上传、复制、传送、传播包含任何反对宪法所确定的基本原则、危害国家安全、泄露国家秘密、颠覆国家政权、破坏国家统一、破坏民
族团结、损害国家荣誉和利益、煽动民族仇恨、民族歧视、破坏民族团结、破坏国家宗教政策、宣扬邪教和封建迷信、淫秽、色情、赌博、暴力、凶杀、恐怖或者教唆犯罪、侮辱或者诽谤
他人，侵害他人合法权益的等法律、行政法规禁止的内容或其他另人反感的包括但不限于资讯、资料、文字、软件、音乐、照片、图形、信息或其他资料",其他通用信息,
#### 3.5.2 以任何方式危害未成年人,其他通用信息,
#### 3.5.3 冒充任何人或机构，或以虚伪不实的方式谎称或使人误认为与任何人或任何机构有关,其他通用信息,
#### 3.5.4 伪造标题或以其他方式操控识别资料，使人误认为该内容为影视大全所传送,其他通用信息,
#### 3.5.5 将无权传送的内容（例如内部资料、机密资料）进行上载、张贴、发送电子邮件或以其他方式传送,其他通用信息,
#### 3.5.6 将侵犯任何人的专利、商标、著作权、商业秘密或其他专属权利之内容加以上载、张贴、发送电子邮件或以其他方式传送,其他通用信息,
"#### 3.5.7 将广告函件、促销资料、""垃圾邮件""等，加以上载、张贴、发送电子邮件或以其他方式传送",其他通用信息,
供前述目的使用的专用区域除外,其他通用信息,
#### 3.5.8 跟踪或以其他方式骚扰他人,其他通用信息,
"#### 3.5.9
将有关干扰、破坏或限制任何计算机软件、硬件或通讯设备功能的软件病毒或其他计算机代码、档案和程序之资料，加以上载、张贴、发送电子邮件或以其他方式传送",其他通用信息,
#### 3.5.10 干扰或破坏影视大全服务或与影视大全服务相连的服务器和网络，或不遵守本协议之规定,其他通用信息,
#### 3.5.11 故意或非故意违反任何相关的中国法律、法规、规章、条例等其他具有法律效力的规范,其他通用信息,
"#### 3.6
用户使用影视大全服务在影视大全平台制作、上传、发布、传播的符号、文字、图片、音频以及在影视大全平台上上传视频等内容的，应保证其上传内容不违反法律法规及其规范性文件，亦不侵犯任何第三方的合法权益，否则导致的一切不利后果均由用户自行承担，造成影视大全损失的，还应向影视大全承担赔偿责任",其他通用信息,
对于相关权利人因用户违反本款约定向影视大全主张权利的，影视大全有权不通知上传用户直接删除、下线、屏蔽相关争议内容,其他通用信息,
"#### 3.7
用户对其利用影视大全服务制作、上传、发布、传播的符号、文字、图片、音频及影视大全平台上传视频等内容的行为，独立完整地承担法律责任和经济赔偿责任，造成影视大全损失的，还应向影视大全承担赔偿责任，包括且不限于财产损害赔偿、名誉损害赔偿、律师费、交通费等因维权而产生的合理费用",其他通用信息,
"同时：
#### 3.7.1
为了维护法律法规及相关规范性文件、保护他人的合法权益、维护影视大全的信誉及安全，影视大全有权直接删除用户利用影视大全服务制作、上传、发布、传播的符号、文字、图片、音频及通过影视大全平台上传的视频等内容，而无需事先通知用户",其他通用信息,
"#### 3.7.2
影视大全有权视情节严重程度对该用户做出查封ID，暂时停止、永久禁止其利用影视大全服务制作、上传、发布、传播的符号、文字、图片、音频及通过影视大全平台上传视频等内容处理",其他通用信息,
#### 3.7.3 影视大全的后台记录有可能作为用户违反法律法规、违约、侵权的证据,其他通用信息,
"#### 3.8
除特别签订协议或者影视大全许可外，用户利用影视大全服务制作、上传、发布、传播的文字、符号、音频及通过影视大全平台上传视频等内容不得含有广告信息，包括且不限于上述的标题、简介等内容",其他通用信息,
#### 3.9 任何用户均不得利用影视大全帐号等服务，进行倒卖、转手、置换、抵押有价交易等方式非法牟利，一经发现，影视大全有权严肃处理，包括但不限于封号,其他通用信息,
"#### 3.10
用户应当保证，不会利用影视大全服务或其衍生服务侵犯他人的合法权益，禁止通过网络漏洞、恶意软件或其他非法手段窃取、盗用他人的影视大全帐号等",其他通用信息,
禁止侵犯他人合法权益的其他内容,其他通用信息,
否则，影视大全有权根据情节严重而对该用户进行封号等处理,其他通用信息,
#### 3.11 用户可以向影视大全提出咨询和获得影视大全服务的合理技术支持，影视大全的此项义务不应超过影视大全的合理承受限度,用户访问_编辑_删除的方法,用户可以进行的操作
"#### 3.12
用户可以非商业性地复制和散发影视大全服务及相关客户端等，但在复制和散发过程中故意或过失造成他人损失的，由该用户自行承担一切不利后果，造成影视大全损失的，还应向影视大全承担赔偿责任",其他通用信息,
"若用户利用影视大全服务及相关客户端等进行商业性的销售、复制、散发等商业行为（包括且不限于软件预装和捆绑），必须事先获得影视大全的书面授权和许可，但用户仍应
为其在复制和散发过程中故意或过失造成他人损失的行为负责，造成影视大全损失的，还应向影视大全承担赔偿责任",其他通用信息,
"==========
### 4\. 用户的直播上传与分享
#### 4.1 用户充分了解并同意，影视大全提供的用户直播上传、分享、传播信息平台，仅用于用户上传、分享、传送及获取信息，该平台或通过该平台所传送的任何内容并不反映影视大全的观点或政策，影视大全对此不承担任何责任",其他通用信息,
同时，用户应对该平台的其他用户提供的内容自行加以判断，并承担因使用该内容而引起的所有风险，包括因对内容的正确性、完整性或实用性的依赖而产生的风险，影视大全对此不承担任何法律责任,其他通用信息,
#### 4.2 用户使用影视大全服务将图片、文字、音频及通过影视大全平台上传的视频等信息公开发布、传播、分享的行为代表了用户有权且同意在全世界范围内，永久性的、不可撤销的、免费的授予影视大全对该信息行使使用、发布、复制、修改、改编、出版、翻译、据以创作衍生作品、传播、表演和展示等权利,其他通用信息,
将信息的全部或部分编入其他任何形式的作品、媒体、技术中的权利,其他通用信息,
对用户的上传、发布信息进行商业开发的权利,其他通用信息,
通过有线或无线网络向用户的计算机终端、移动通讯终端（包括但不限于便携式通讯设备如手机和智能平板电脑等）、手持数字影音播放设备、电视接收设备（模拟信号接收设备、数字信号接收设备、数字电视、IPTV、带互联网接入功能的播放设备等）等提供信息的下载、点播、数据传输、移动视频业务（包括但不限于SMS、MMS、WAP、IVR、Streaming、3G、4G、手机视频等无线服务）、及其相关的宣传和推广等服务的权利,其他通用信息,
#### 4.3 对于用户使用影视大全服务将图片、文字、音频及通过影视大全平台上传的视频等信息非公开发布、传播、分享的，用户同意在以下情况下，影视大全有权在全世界范围内，永久性的、不可撤销的、免费的对该信息行使使用、发布、复制、修改、改编、出版、翻译、据以创作衍生作品、传播、表演和展示等权利,其他通用信息,
将信息的全部或部分编入其他任何形式的作品、媒体、技术中的权利,其他通用信息,
对用户的上传、发布信息进行商业开发的权利,其他通用信息,
通过有线或无线网络向用户的计算机终端、移动通讯终端（包括但不限于便携式通讯设备如手机和智能平板电脑等）、手持数字影音播放设备、电视接收设备（模拟信号接收设备、数字信号接收设备、数字电视、IPTV、带互联网接入功能的播放设备等）等提供信息的下载、点播、数据传输、移动视频业务（包括但不限于SMS、MMS、WAP、IVR、Streaming、3G、4G、手机视频等无线服务）、及其相关的宣传和推广等服务的权利,其他通用信息,
#### 4.4 对于用户通过影视大全提供的直播服务上传至影视大全的任何信息内容，包括但不限于视频、图片、文字等形式，用户在此同意并免费授权影视大全有权将上述内容部分或全部转授权给影视大全进行传播，并同意影视大全在传播前在不改变上述内容主要信息的前提下可对上述内容进行适当编辑和整理,其他通用信息,
"==========
### 5\. 用户隐私权制度
#### 5.1 用户充分理解并同意用户信息包括用户的隐私信息和非隐私信息两种",其他通用信息,
隐私信息是指那些能够对用户进行个人辨识的信息，包括用户真实姓名，身份证号，手机号码，IP地址,其他通用信息,
而非隐私信息是指记录在影视大全服务器的，用户在使用影视大全服务时的行为习惯等基本信息和用户隐私信息外的一切普通信息，以及用户同意公开的用户隐私信息,其他通用信息,
用户充分理解并同意影视大全主动、被动收集用户信息，也充分理解并同意影视大全收集非隐私信息的目的是为用户提供尽可能多的个人化网上服务以及为广告商提供一个方便的途径来接触到适合的用户，同时可以发送具有相关性的内容和广告,其他通用信息,
"####
5.2在您使用影视大全的过程中，我们会按照如下方式收集您在使用服务时主动提供的或因为使用服务而产生的信息，用以向您提供服务、优化我们的服务及保证您的账号安全：
#### 5.2.1当您注册影视大全时，我们会收集您的设备MAC地址、唯一设备识别码，用以标识您为影视大全的用户",第一方收集_使用,何时采集
"==========
#### 5.2.2我们也会使用第三方SDK实现以下采集：
####
5.2.2.1友盟SDK：为了保障您正常使用我们的服务，维护我们服务的正常运行，改善及优化您的服务体验并保障您的账号安全，我们会收集您的设备型号、操作系统、唯一设备标识符、登陆IP地址、操作日志等信息",与第三方共享_转让_公开,与第三方共享的个人信息类型
#### 5.2.2.2极光PUSH-SDK：我们需要收集唯一表示信息（IMEI），并可能会收集您的手机型号、系统类型、系统版本、设备屏幕尺寸、OAID等参数用于实现推广活动、视频内容等信息的推送,与第三方共享_转让_公开,第三方相关实体
"==========
#### 5.3 影视大全不会在未经合法用户授权时，公开、编辑或透露用户隐私信息及保存在影视大全中的非公开内容，除非有下列情况：
#### 5.3.1 有关法律规定或影视大全合法服务程序规定",其他通用信息,
#### 5.3.2 在紧急情况下，为维护用户及公众的权益,其他通用信息,
#### 5.3.3 为维护影视大全自身的合法权利,其他通用信息,
#### 5.3.4 其他需要公开、编辑或透露个人信息的情况,其他通用信息,
"#### 5.4 在以下（包括但不限于）几种情况下，用户同意影视大全-使用其用户信息：
####
5.4.1在进行促销或抽奖时，影视大全可能会与赞助商共享用户隐私信息，在这些情况下影视大全会在发送用户隐私信息之前进行提示，用户可以通过不参与来终止传送过程",第一方收集_使用,对数据的使用
"#### 5.4.2
用户购买在影视大全列出的商品时，用户提供的个人信息（例如用户的信用卡号和联系信息）会提供给商家，这些商家会进行数据收集操作，但影视大全对商家的此种操作不负任何责任",第一方收集_使用,对数据的使用
"#### 5.4.3
影视大全会向用户发送关于影视大全不同产品和服务的信息或者影视大全认为用户会感兴趣的其他产品和服务",第一方收集_使用,对数据的使用
如果用户不希望收到这样的邮件，只需在提供用户信息时或其他任何时候告知即可,第一方收集_使用,对数据的使用
另外，影视大全会竭尽全力保护用户信息，但影视大全不能确信或保证任何个人信息的安全性，用户须自己承担风险,第一方收集_使用,对数据的使用
比如用户联机公布可被公众访问的个人信息时，用户有可能会收到未经用户同意的消息,第一方收集_使用,对数据的使用
影视大全的合作伙伴和可通过影视大全访问的第三方因特网站点和服务或通过抽奖、促销等活动得知用户个人信息的其他第三方会进行独立的数据收集工作等活动，影视大全对用户及其他任何第三方的上述行为，不负担任何责任,其他通用信息,
"#### 5.5 第三方合作伙伴的信息
#### 5.5.1 咪兔自动推服务:
我们会默认提供并开启第三方平台所提供的“自动推”功能，该功能会在您的系统通知栏里推送及展示广告信息，以及会在您打开指定的第三方应用程序（APP）时，会自动跳转到该APP最新的官方活动或热门资讯，帮助您第一时间参与到官方的优惠活动、了解到最新的官方资讯等",与第三方共享_转让_公开,第三方对数据的使用
若您之后不喜欢使用该功能，可在设置页面内选择关闭,用户访问_编辑_删除的方法,用户可以进行的操作
"详情请访问咪兔自动推用户服务协议链接
<http://rsmdev.me2two.com/index/disc>",其他通用信息,
"==========
### 6\. 知识产权
#### 6.1受国际版权公约、中华人民共和国著作权法、专利法、及其他知识产权方面的法律法规的保护，影视大全服务及本服务所使用的软件、技术、商标、材料等的所有知识产权归影视大全所有和享有",其他通用信息,
『知识产权』包括在专利法、版权法、商标法、反不正当竞争法中等法律规定的任何和所有权利、任何和所有其它所有权以及其中的任何和所有应用、更新、扩展和恢复,其他通用信息,
#### 6.2用户不得修改、改编、翻译影视大全服务所使用的软件、技术、材料等，或者创作与之相关的派生作品，不得通过反向工程、反编译、反汇编或其他类似行为获得其的源代码，否则由此引起的一切法律后果由用户负责，影视大全将依法追究违约方的法律责任,其他通用信息,
#### 6.3用户不得恶意修改、复制、传播影视大全服务所使用的软件、技术、材料等,其他通用信息,
否则，用户自行承担因此而造成对其他人的损害，或者造成对影视大全公司形象损害，要承担相应的法律责任,其他通用信息,
"#### 6.4
用户不得擅自删除、掩盖或更改影视大全的版权声明、商标或其它权利声明",其他通用信息,
影视大全平台所有设计图样以及其他图样、产品及服务名称，均为影视大全及/或其关联公司所享有的商标、标识,其他通用信息,
任何人不得使用、复制或用作其他用途,其他通用信息,
#### 6.5 经由影视大全服务传送的内容，未经影视大全明示授权许可，用户不得进行修改、出租、散布、转载或衍生其他作品,其他通用信息,
影视大全对其自制内容和其他通过授权取得的独占内容享有完全知识产权，未经影视大全许可，任何单位和个人不得私自转载、传播和提供观看服务或者有其他侵犯影视大全知识产权的行为,其他通用信息,
否则，影视大全将追究侵权行为人的法律责任,其他通用信息,
#### 6.6 影视大全所有和享有的知识产权，不因用户的任何使用行为而发生权利转移,其他通用信息,
"==========
### 7\. 第三方链接
#### 7.1 影视大全服务可能会提供与其他国际互联网网站或资源进行链接",其他通用信息,
除非另有声明，影视大全无法对第三方网站之服务进行控制，用户因使用或依赖上述网站或资源所产生的损失或损害，影视大全不承担任何责任,其他通用信息,
"==========
### 8\. 免责声明
#### 8.1 影视大全对于任何包含、经由或连接、下载或从任何与有关本网络服务所获得的任何内容、信息或广告，不声明或保证其正确性或可靠性",其他通用信息,
并且对于用户经本服务上的广告、展示而购买、取得的任何产品、信息或资料，影视大全不负保证责任,其他通用信息,
用户自行负担使用本服务的风险,其他通用信息,
#### 8.2 影视大全有权但无义务，改善或更正影视大全服务任何部分之任何疏漏、错误,其他通用信息,
"#### 8.3 影视大全对如下事项不做担保（包括但不限于）：
#### 8.3.1
影视大全提供的网站、客户端等软件虽然均已经过影视大全测试，但由于技术本身的局限性，影视大全不能保证其与其他软硬件、系统完全兼容",其他通用信息,
如果出现不兼容的情况，用户可将情况报告影视大全，以获得技术支持,其他通用信息,
如果无法解决问题，用户可以选择卸载、停止使用影视大全服务,其他通用信息,
"#### 8.3.2
使用影视大全服务涉及到Internet服务，可能会受到各个环节不稳定因素的影响",其他通用信息,
因不可抗力、黑客攻击、系统不稳定、网络中断、用户关机、通信线路等原因，均可能造成影视大全服务中断或不能满足用户要求的情况,其他通用信息,
影视大全不保证影视大全服务适合用户的使用要求,其他通用信息,
#### 8.3.4 影视大全不做出任何与影视大全服务的安全性、可靠性、及时性和性能有关的担保,其他通用信息,
#### 8.3.5 影视大全不保证其提供的任何产品、服务或其他材料符合用户的期望,其他通用信息,
#### 8.4 用户使用经由影视大全服务下载或取得的任何资料，其风险由用户自行负担，因该使用而导致用户电脑系统损坏或资料流失，用户应负完全责任,其他通用信息,
"#### 8.5 基于以下原因而造成的利润、商业信誉、资料损失或其他有形或无形损失，影视大全不承担任何直接、间接、附带、衍生或惩罚性的赔偿：
#### 8.5.1 影视大全服务使用或无法使用",其他通用信息,
#### 8.5.2 经由影视大全服务购买或取得的任何产品、资料或服务,其他通用信息,
#### 8.5.3 用户资料遭到未授权的使用或修改,其他通用信息,
#### 8.5.4 其他与影视大全服务相关的事宜,其他通用信息,
"#### 8.6
用户应妥善保管自己的帐号和密码，加强密码安全性，谨防帐号泄露或被盗",其他通用信息,
因用户帐号被泄露或被盗而造成的任何损失，如帐号、帐号内财产等丢失、减少的，影视大全不承担补偿责任,其他通用信息,
用户因电信和网通部门的通讯线路故障、网络或电脑故障、系统不稳定、不可抗力（如服务器当机）等非影视大全原因造成帐号、帐号内财产等丢失、减少的，影视大全不承担补偿等责任,其他通用信息,
#### 8.7 用户因缺少身份认证或认证信息不真实而导致帐号、帐号内财产等丢失、减少而无法找回的，影视大全不承担任何法律责任,其他通用信息,
"####
8.8用户理解并同意自主选择免费下载和使用影视大全服务，风险自负，包括但不限于用户使用影视大全服务过程中的行为，以及因使用影视大全服务产生的一切后果",其他通用信息,
如因下载或使用影视大全服务而对计算机系统造成的损坏或数据的丢失等，用户须自行承担全部责任,其他通用信息,
"==========
### 9\. 服务的变更和终止
#### 9.1 影视大全有权在任何时候，暂时或永久地变更或终止影视大全服务（或任何一部分），无论是否通知用户，影视大全对影视大全服务的变更或终止对用户和任何第三人不承担任何责任",条款更改,
#### 9.2 影视大全有权基于任何理由，变更或终止用户的帐号、密码或使用影视大全服务，或变更、删除、转移用户存储、发布在影视大全服务的内容，影视大全采取上述行为均不需通知，并且对用户和任何第三人不承担任何责任,条款更改,
"==========
### 10\. 通知
#### 10.1 本协议项下影视大全对于用户所有的通知均可通过网页公告、电子邮件、手机短信或常规的信件传送等方式进行，该等通知于发送之日视为已送达用户",条款更改,告知方式
"==========
### 11\. 法律的适用和管辖
#### 11.1 影视大全对本协议拥有最终解释权",其他通用信息,
#### 11.2 本条款的生效、履行、解释及争议的解决均适用中华人民共和国法律，本条款因与中华人民共和国现行法律相抵触而导致部分无效，不影响其他部分的效力,其他通用信息,
#### 11.3 如就本协议内容或其执行发生任何争议，应尽量友好协商解决,其他通用信息,
协商不成时，则争议各方一致同意将发生的争议提交北京仲裁委员会进行仲裁，仲裁地点为北京，仲裁语言为中文,其他通用信息,
仲裁裁决为一裁终局，对各方均有法律约束力,其他通用信息,
