"a8dnvwkdFSfgJjvs3zrmlHOzCIx8-0532_com_bells_mobile.txt





Apkid:com.bells.mobile
==========  
更新日期：2020年01月06日  
生效日期：2020年01月06日  
==========
提示条款  
�z音（深圳）科技有限公司（以下简称“我们”）作为“铃铛星球”的运营主体，深知个人信息对您的重要性，并会尽力保护您的个人信息安全可靠，我们致力于维持您对我们的信任，恪守以下原则，保护您的个人信息：权责一致原则，目的明确原则，选择同意原则，最少够用原则，确保安全原则，主体参与原则，公开透明原则等等",其他通用信息,
同时我们承诺，我们将按业界成熟的安全解决方案，采取相应的安全保护措施来保护您的个人信息,其他通用信息,
"鉴此，我们制定本《铃铛星球隐私权政策》（下称“本政策?/本隐私权政策”）并提醒您：
本政策适用于铃铛星球产品或服务",其他通用信息,
需要特别说明的是，本政策不适用于其他第三方向您提供的服务，也不适用于已另行独立设置隐私权政策的产品或服务,其他通用信息,
在使用铃铛星球各项产品或服务前，请您务必仔细阅读并透彻理解本政策，特别是以粗体/粗体下划线标识的条款，您应重点阅读，在确认充分理解并同意后使用相关产品或服务,其他通用信息,
一旦您开始使用铃铛星球各项产品或服务，即表示您已充分理解并同意本政策,其他通用信息,
如对本政策内容有任何疑问、意见或建议，您可通过铃铛星球提供的联系方式与我们联系,其他通用信息,
"==========
APP运营持有者基本信息  
公司名称：�z音（深圳）科技有限公司  
注册地址：深圳市龙岗区龙岗街道路10号硅谷动力商务电子港6楼610室  
办公地址：深圳市龙岗区龙岗街道路10号硅谷动力商务电子港6楼610室  
联系方式：  
反馈邮箱：shenzhendouyin@163.com  
微信客服：bells5  
==========  
本隐私权政策将帮助您了解以下内容：  
1、我们如何收集和使用您的个人信息  
2、我们如何使用?Cookie?和同类技术  
3、我们如何共享、转让、公开披露您的个人信息  
4、我们如何保护您的个人信息  
5、您如何管理您的个人信息  
6、我们如何处理未成年人的个人信息  
7、我们如何存储您的个人信息  
8、本隐私权政策如何更新  
9、如何联系我们  
==========
一、我们如何收集和使用您的个人信息  
我们会按照如下方式收集您在使用产品和服务时主动提供的，以及通过自动化手段收集您在使用功能或接受服务过程中产生的信息：  
（一）注册、登录、认证  
1、当您注册、登录“铃铛星球”产品并使用相关服务时，您可以通过手机号创建账号，并且您可以完善相关的网络身份识别信息（头像、昵称、密码、性别），收集这些信息是为了帮助您完成注册",其他通用信息,
您还可以根据自身需求选择填写生日、地区及个人介绍来完善您的信息,用户访问_编辑_删除的方法,用户可以进行的操作
您提供的上述信息将在您使用“铃铛星球”产品或服务期间持续授权我们使用,第一方收集_使用,用户选择所造成的影响
在您主动注销账号时，我们将根据适用法律法规的要求尽快使其匿名或删除您的个人信息,第一方收集_使用,对数据的使用
2、您也可以使用第三方账号登录并使用“铃铛星球”，您将授权我们获取您在第三方平台注册的公开信息（头像、昵称以及您授权的其他信息），用于与“铃铛星球”账号绑定，使您可以直接登录并使用“铃铛星球”产品和相关服务,与第三方共享_转让_公开,与第三方共享的目的
3、在您使用身份认证的功能或相关服务所需时，根据相关法律法规，您可能需要提供您的真实身份信息（真实姓名、身份证号码、电话号码）以完成实名验证,第一方收集_使用,何时采集
该等信息属于个人敏感信息，您可以拒绝提供，如果拒绝提供您将可能无法获得相关服务，但不影响其他功能与服务的正常使用,第一方收集_使用,用户选择所造成的影响
"==========
（二）为您展示和推送内容或服务  为改善我们的产品或服务、向您提供个性化的信息搜索及相关服务，我们会收集相关必要的日志信息，主要包括：  
1、您操作、使用的行为信息：点击、关注、搜索、浏览、分享",第一方收集_使用,采集的目的
2、您主动提供的信息：反馈、发布、点赞、评论,第一方收集_使用,采集的个人信息类型
3、地理位置信息：GPS信息，该信息是个人敏感信息，若您拒绝提供，我们将不会根据GPS信息向您推荐相关信息,第一方收集_使用,用户选择所造成的影响
4、我们会给予IP地址对应的城市向您展示、推荐您所在地区的本地相关信息,第一方收集_使用,对数据的使用
"==========
（三）为您提供信息发布与互动服务  
1、您发布音视频、文字、图片等内容或进行评论时，我们将收集您发布的信息，并展示您的昵称、头像、发布内容和信息",第一方收集_使用,何时采集
2、您使用发布图片、音视频功能时，我们会请求您授权相机、照片、麦克风权限,第一方收集_使用,何时采集
您如果拒绝授权提供，将无法使用此功能，但不影响您正常使用其他功能,第一方收集_使用,用户选择所造成的影响
3、我们会基于您授权的GPS地理位置信息向您推荐附近的人,第一方收集_使用,对数据的使用
GPS地理位置信息是个人敏感信息，拒绝提供该信息将会影响该功能，但不影响您正常使用其他功能,第一方收集_使用,用户选择所造成的影响
4、您在使用开通直播功能时，根据法律法规的要求，可能需要通过“人脸识别”的方式进行实名认证，以验证您的身份,第一方收集_使用,采集的目的
在实名认证的过程中，我们和提供认证服务的第三方认证机构需要您提供真实姓名、身份证号码及面部特征值信息,第一方收集_使用,采集的个人信息类型
该等信息是个人敏感信息，如果您拒绝提供将无法使用此功能，但不影响您正常使用其他功能,第一方收集_使用,用户选择所造成的影响
"这些信息仅供实名认证及法律
法规所规定的用途，未经您明示授权，不会用作其他目的",第一方收集_使用,对数据的使用
5、您可以在“铃铛星球”中添加或删除好友，为帮您实现这一功能，我们会创建好友列表信息,用户访问_编辑_删除的方法,用户可以进行的操作
好友列表是建立与管理好友关系所必需的必要信息,其他通用信息,
6、当您使用群组功能时，我们会创建群组列表及相关信息,第一方收集_使用,使用的目的
"==========
（四）为您提供安全保障功能  
为向您提供更安全、可信的产品与使用环境，提供优质、可靠的服务与信息，我们会收集关于您使用的产品或服务以及使用方式的信息并将这些信息进行关联，这些信息包括：  
1、设备信息：我们会根据您在软件安装及使用中授予的具体权限，接收并记录您所使用的设备相关信息（例如设备型号、操作系统版本、设备设置、唯一设备标识符等软硬件特征信息）、设备所在位置相关信息（IP
地址、地理位置信息），因我们提供的服务系基于地理位置提供的移动社交服务，您确认成功注册“铃铛星球”帐号视为确认授权我们提取、公开及使用您的地理位置信息",第一方收集_使用,采集的个人信息类型
2、日志信息：当您使用我们的网站或客户端提供的产品或服务时，我们会自动收集您对我们产品或服务的详细使用情况，作为有关网络日志保存,第一方收集_使用,何时采集
例如您的搜索查询内容、IP地址、浏览器的类型、电信运营商、使用的语言、访问日期和时间及您访问的网页记录等,第一方收集_使用,采集的个人信息类型
请注意，单独的设备信息、日志信息等是无法识别特定自然人身份的信息，故单独的设备信息、日志信息非本政策所指“个人信息”,其他通用信息,
如果我们将这类非个人信息与其他信息结合用于识别特定自然人身份，或者将其与个人信息结合使用，则在结合使用期间，这类非个人信息将被视为个人信息，除取得您授权或法律法规另有规定外，我们会将该类个人信息做匿名化、去标识化处理,第一方收集_使用,对数据的使用
3、当您与我们联系时，我们可能会保存您的通信/通话记录和内容或您留下的联系方式，以便与您联系或帮助您解决问题，也可能会记录相关问题的处理方案及结果,第一方收集_使用,何时采集
4、为了预防恶意程序及安全运营所必需，我们会收集安装的应用信息或正在运行的进程信息、应用程序的总体运行、使用情况与频率、总体安装使用情况、性能数据、应用来源,第一方收集_使用,采集的目的
5、为提高您使用我们及关联公司、合作伙伴提供服务的安全性，保护您或其他用户或公众的人身财产安全免遭侵害，更好地预防钓鱼网站、欺诈、网络漏洞、计算机病毒、网络攻击、网络侵入等安全风险，更准确地识别违反法律法规或铃铛星球相关协议规则的情况，我们可能使用或整合您的用户信息、交易信息、设备信息、有关网络日志以及关联公司、合作伙伴取得您授权或依据法律共享的信息，进而综合判断您账户及交易风险、进行身份验证、检测及防范安全事件，并依法采取必要的记录、审计、分析、处置措施,第一方收集_使用,采集的目的
6、请您了解，随着我们业务的发展，可能会对“铃铛星球”的功能和提供的服务有所调整变化,其他通用信息,
原则上，当新功能或服务与我们当前提供的功能或服务相关时，收集与使用的个人信息将与原处理目的具有直接或合理关联,第一方收集_使用,何时采集
在与原处理目的无直接或合理关联的场景下，我们收集、使用您的个人信息，会再次进行告知，并征得您的同意,第一方收集_使用,是否有交互
"==========
（五）其他用途  
我们将信息用于本政策未载明的其他用途，或者将基于特定目的收集而来的信息用于其他目的时，会事先征求您的授权同意",其他通用信息,
"==========
（六）征得授权同意的例外  
根据相关法律法规规定，以下情形中收集您的个人信息无需征得您的授权同意：  
1、与国家安全、国防安全有关的",其他通用信息,
2、 与公共安全、公共卫生、重大公共利益有关的,其他通用信息,
3、 与犯罪侦查、起诉、审判和判决执行等有关的,其他通用信息,
4、出于维护个人信息主体或其他个人的生命、财产等重大合法权益但又很难得到您本人授权同意的,其他通用信息,
5、 所收集的个人信息是您自行向社会公众公开的,其他通用信息,
6、 从合法公开披露的信息中收集您的个人信息的，如合法的新闻报道、政府信息公开等渠道,其他通用信息,
7、根据您的要求签订合同所必需的,其他通用信息,
8、 用于维护所提供的产品或服务的安全稳定运行所必需的，例如发现、处置产品或服务的故障,其他通用信息,
9、 为合法的新闻报道所必需的,其他通用信息,
10、 学术研究机构基于公共利益开展统计或学术研究所必要，且对外提供学术研究或描述的结果时，对其中所包含的个人信息进行去标识化处理的,其他通用信息,
11、法律法规规定的其他情形,其他通用信息,
如我们停止运营“铃铛星球”产品或服务，我们将及时停止继续收集您个人信息的活动，将停止运营的通知以逐一送达或公告的形式通知您，对所持有的个人信息进行删除或匿名化处理,第一方收集_使用,对数据的使用
"==========
二、我们如何使用?Cookie?和同类技术  
（一）Cookie  
为确保网站正常运转、为您获得更轻松的访问体验、向您推荐您可能感兴趣的内容，我们会在您的计算机或移动设备上存储名为?Cookie?的小数据文件",第一方收集_使用,使用的目的
Cookie?通常包含标识符、站点名称以及一些号码和字符,其他通用信息,
借助于?Cookie，网站能够存储您的偏好等数据,第一方收集_使用,采集的个人信息类型
"（二）网站信标和像素标签  
除?Cookie?外，我们还会在网站上使用网站信标和像素标签等其他同类技术",其他通用信息,
例如，我们向您发送的电子邮件可能含有链接至我们网站内容的地址链接，如果您点击该链接，我们则会跟踪此次点击，帮助我们了解您的产品或服务偏好以便于我们主动改善客户服务体验,第一方收集_使用,是否有交互
网站信标通常是一种嵌入到网站或电子邮件中的透明图像,其他通用信息,
借助于电子邮件中的像素标签，我们能够获知电子邮件是否被打开,第一方收集_使用,采集的渠道
如果您不希望自己的活动以这种方式被追踪，则可以随时从我们的寄信名单中退订,用户访问_编辑_删除的方法,用户可以进行的操作
"==========
三、我们如何共享、转让、公开披露您的个人信息  
我们已知晓对外共享、转让、公开披露个人信息所承担的相应法律责任，我们仅会在本隐私政策约定的范围内共享、转让、公开披露您的个人信息：  
（一）共享  
我们不会与铃铛星球服务提供者以外的公司、组织和个人共享您的个人信息，但以下情况除外：  
1、在获取明确同意的情况下共享：获得您的明确同意后，我们会与其他方共享您的个人信息",与第三方共享_转让_公开,何时与第三方共享
2、在法定情形下的共享：我们可能会根据法律法规规定、诉讼争议解决需要，或按行政、司法机关依法提出的要求，对外共享您的个人信息,与第三方共享_转让_公开,何时与第三方共享
3、去标签化共享：共享的个人信息是去标识化处理后的信息，且共享第三方无法重新识别此类信息的自然人主体,与第三方共享_转让_公开,与第三方共享的个人信息类型
如果第三方使用信息的目的超越原授权同意范围，他们需要重新征得您的同意,与第三方共享_转让_公开,是否有交互
4、安全审慎原则：仅为实现本隐私权政策中声明的目的，我们的某些产品或服务将由我们和授权合作伙伴共同提供,与第三方共享_转让_公开,与第三方共享的目的
我们可能会与授权合作伙伴共享您的某些个人信息，以为您提供更好的产品或服务和用户体验,与第三方共享_转让_公开,与第三方共享的目的
我们仅会出于合法、正当、必要、特定、明确的目的共享您的个人信息，并且只会共享提供产品或服务所必要的个人信息,与第三方共享_转让_公开,何时与第三方共享
我们的授权合作伙伴无权将共享的个人信息用于与产品或服务无关的其他用途,与第三方共享_转让_公开,对于第三方的约束
5、为与您使用的终端机型适配消息推送功能，我们可能会通过SDK等技术与终端设备制造商（华为、小米、OPPO、VIVO等）共享手机型号、版本及相关设备信息,与第三方共享_转让_公开,与第三方共享的目的
"==========
（二）转让  
我们不会将您的个人信息转让给任何公司、组织和个人，但以下情况除外：  
1、在获取明确同意的情况下转让：获得您的明确同意后，我们会向其他方转让您的个人信息",与第三方共享_转让_公开,何时与第三方共享
2、在涉及合并、收购或破产清算情形，或其他涉及合并、收购或破产清算情形时，如涉及到个人信息转让，我们会要求新的持有您个人信息的公司、组织继续受本政策的约束，否则我们将要求该公司、组织和个人重新向您征求授权同意,与第三方共享_转让_公开,何时与第三方共享
"==========
（三）公开披露  
我们仅会在以下情况下，公开披露您的个人信息：  
1、获得您明确同意或基于您的主动选择，我们可能会公开披露您的个人信息",与第三方共享_转让_公开,何时与第三方共享
2、如果我们确定您出现违反法律法规或严重违反铃铛星球相关协议规则的情况，或为保护“铃铛星球”及其关联公司用户或公众的人身财产安全免遭侵害，我们可能依据法律法规或“铃铛星球”相关协议规则披露相关账号的信息,与第三方共享_转让_公开,何时与第三方共享
3、您公开发布的作品、动态、点赞将会在个人主页中展示,与第三方共享_转让_公开,何时与第三方共享
"==========
（四）共享、转让、公开披露个人信息时事先征得授权同意的例外  
以下情形中，共享、转让、公开披露您的个人信息无需事先征得您的授权同意：  
1、与国家安全、国防安全有关的",其他通用信息,
2、与公共安全、公共卫生、重大公共利益有关的,其他通用信息,
3、与犯罪侦查、起诉、审判和判决执行等有关的,其他通用信息,
4、出于维护您或其他个人的生命、财产等重大合法权益但又很难得到本人同意的,其他通用信息,
5、您自行向社会公众公开的个人信息,其他通用信息,
6、从合法公开披露的信息中收集个人信息的，如合法的新闻报道、政府信息公开等渠道,其他通用信息,
根据法律规定，?若我们对个人信息采取技术措施和其他必要措施进行处理，使得数据接收方无法重新识别特定个人且不能复原，则此类处理后数据的共享、转让、公开披露无需另行向您通知并征得您的同意,其他通用信息,
"==========
四、我们如何保护您的个人信息  
（一）我们非常重视您个人信息的安全，将努力采取合理的安全措施（包括技术方面和管理方面）来保护您的个人信息，防止您提供的个人信息被不当使用或在未经授权的情况下被访问、公开披露、使用、修改、损坏、丢失或泄漏",数据安全,安全措施
（二）我们会使用不低于行业同行的加密技术、匿名化处理及相关合理可行的手段保护您的个人信息，并使用安全保护机制防止您的个人信息遭到恶意攻击,数据安全,安全措施
（三）我们会建立专门的安全部门、安全管理制度、数据安全流程保障您的个人信息安全,数据安全,安全措施
我们采取严格的数据使用和访问制度，确保只有授权人员才可访问您的个人信息，并适时对数据和技术进行安全审计,数据安全,安全措施
（四）尽管已经采取了上述合理有效措施，并已经遵守了相关法律规定要求的标准，但请您理解，由于技术的限制以及可能存在的各种恶意手段，在互联网行业，即便竭尽所能加强安全措施，也不可能始终保证信息百分之百的安全，我们将尽力确保您提供给我们的个人信息的安全性,数据安全,安全措施
（五）您知悉并理解，您接入我们的服务所用的系统和通讯网络，有可能因我们可控范围外的因素而出现问题,数据安全,安全措施
因此，我们强烈建议您采取积极措施保护个人信息的安全，包括但不限于使用复杂密码、定期修改密码、不将自己的账号密码及相关个人信息透露给他人等,数据安全,安全措施
（六）我们会制定应急处理预案，并在发生用户信息安全事件时立即启动应急预案，努力阻止这些安全事件的影响和后果扩大,数据安全,发生安全事故的处理方式
一旦发生用户信息安全事件（泄露、丢失）后，我们将按照法律法规的要求，及时向您告知：安全事件的基本情况和可能的影响、我们已经采取或将要采取的处置措施、您可自主防范和降低风险的建议、对您的补救措施,数据安全,发生安全事故的处理方式
我们将及时将事件相关情况以推送通知、邮件、信函、短信及相关形式告知您，难以逐一告知时，我们会采取合理、有效的方式发布公告,数据安全,发生安全事故的处理方式
（七）如您发现自己的个人信息尤其是您的账户或密码发生泄露，请您立即联络“铃铛星球”客服，以便我们根据您的申请采取相应措施,数据安全,发生安全事故的处理方式
"==========
五、您如何管理您的个人信息  
我们非常重视您对个人信息的管理，并尽全力保护您对于您个人信息的查询、访问、修改、删除、撤回同意授权、注销账号、投诉举报的相关权利，以使您有能力保障您的隐私和信息安全",用户访问_编辑_删除的方法,用户可以进行的操作
"（一）访问您的个人信息  
除法律法规规定的情况外，您有权访问您的个人信息",用户访问_编辑_删除的方法,用户可以进行的操作
"您可以通过以下方式自行访问您的个人信息：  
账户信息――如果您希望访问或编辑您的账户中的个人证件信息、手机绑定、支付信息、安全信息等，您可以在登录账户后通过“我的”的页面执行此类操作",用户访问_编辑_删除的方法,操作的途径
个人资料――如果您希望访问或编辑您个人资料中的昵称、年龄、学历、婚姻状况、身高、收入、职业、住房情况等其他资料，您可以在登录账户后通过“我的”-“基本资料”执行此类操作,用户访问_编辑_删除的方法,操作的途径
动态信息――您可以在登录账户后通过“我的动态”访问或清除您的动态发表历史记录,用户访问_编辑_删除的方法,操作的途径
如果您无法通过上述路径访问该等个人信息，您可以随时通过“铃铛星球”客服与我们取得联系,用户访问_编辑_删除的方法,用户可以进行的操作
我们将尽快审核所涉问题，并由专人验证您的用户身份后及时予以回复,用户访问_编辑_删除的方法,供应商动作
"==========
（二）更正或补充您的个人信息  
当您发现我们处理的关于您的个人信息有错误时，您有权要求我们做出更正或补充",用户访问_编辑_删除的方法,用户可以进行的操作
您可以通过本条“（一）访问您的个人信息”中列明的方式提出更正或补充申请,用户访问_编辑_删除的方法,用户可以进行的操作
"==========
（三）删除您的个人信息  
您可以通过本条“（一）访问您的个人信息”中列明的方式删除您的部分个人信息",用户访问_编辑_删除的方法,用户可以进行的操作
"在以下情形中，您可以向我们提出删除个人信息的请求：  
1、如果我们处理个人信息的行为违反法律法规",用户访问_编辑_删除的方法,用户可以进行的操作
2、如果我们收集、使用您的个人信息，却未征得您的明确同意,其他通用信息,
3、如果我们处理个人信息的行为严重违反了与您的约定,其他通用信息,
4、如果您不再使用我们的产品或服务，或您主动注销了账户,其他通用信息,
5、如果我们永久不再为您提供产品或服务,其他通用信息,
若我们决定响应您的删除请求，我们还将同时尽可能通知从我们处获得您的个人信息的主体，要求其及时删除，但法律法规另有规定，或这些主体获得您的独立授权的除外,用户访问_编辑_删除的方法,供应商动作
当您从我们的产品或服务中删除您的个人信息后，按照法律法规的要求我们可能不会立即从备份系统中删除相应的信息，但会在备份更新时删除这些信息,用户访问_编辑_删除的方法,供应商动作
"==========
（四）改变您授权同意的范围  
1、您可以在设备本身操作系统中关闭GPS地理位置、通讯录、摄像头、麦克风、相册权限改变同意范围或撤回您的授权",用户访问_编辑_删除的方法,用户可以进行的操作
撤回授权后我们将不再收集与这些权限相关信息,用户访问_编辑_删除的方法,操作对用户造成的影响
2、对于额外个人信息的收集和使用，您可以在我-设置或与铃铛星球客服联系给予或收回您的授权同意,用户访问_编辑_删除的方法,操作的途径
3、特定的业务功能和服务将需要您的信息才能得以完成，当您撤回同意或授权后，我们无法继续为您提供撤回同意或授权所对应的功能和服务，也不再处理您相应的个人信息,用户访问_编辑_删除的方法,操作对用户造成的影响
但您撤回同意或授权的决定，不会影响我们此前基于您的授权而开展的个人信息处理,用户访问_编辑_删除的方法,操作对用户造成的影响
"==========
（五）个人信息主体注销账户  
您可以通过“我的”-“设置”-“常见问题解答”-“常见问题”-“注销账号”查询注销步骤，或联系客服QQ：2225279957提交注销申请，在您注销账号前，我们将验证您的个人身份、安全状态、设备信息等",用户访问_编辑_删除的方法,用户可以进行的操作
您知悉并理解，注销账号的行为是不可逆的行为，在您主动注销账户之后，我们将停止为您提供产品或服务，根据适用法律的要求删除您的个人信息，或使其匿名化处理,用户访问_编辑_删除的方法,操作对用户造成的影响
"==========
（六）响应您的上述请求 为保障安全，您可能需要提供书面请求，或以其他方式证明您的身份",用户访问_编辑_删除的方法,用户可以进行的操作
我们可能会先要求您验证自己的身份，然后再处理您的请求,用户访问_编辑_删除的方法,供应商动作
我们将在15天内做出答复,用户访问_编辑_删除的方法,供应商动作
如您不满意，还可以通过铃铛星球客服发起投诉,用户访问_编辑_删除的方法,用户可以进行的操作
对于您合理的请求，我们原则上不收取费用，但对多次重复、超出合理限度的请求，我们将视情收取一定成本费用,用户访问_编辑_删除的方法,供应商动作
对于那些无端重复、需要过多技术手段（例如，需要开发新系统或从根本上改变现行惯例）、给他人合法权益带来风险或者非常不切实际的请求，我们可能会予以拒绝,用户访问_编辑_删除的方法,供应商动作
"在以下情形中，按照法律法规要求，我们将无法响应您的请求：  
1、与国家安全、国防安全有关的",其他通用信息,
2、与公共安全、公共卫生、重大公共利益有关的,其他通用信息,
3、与犯罪侦查、起诉、审判和执行判决等有关的,其他通用信息,
4、有充分证据表明个人信息主体存在主观恶意或滥用权利的,其他通用信息,
5、响应您的请求将导致您或其他个人、组织的合法权益受到严重损害的,其他通用信息,
6、涉及商业秘密的,其他通用信息,
"==========
六、我们如何处理未成年人的个人信息  
任何18岁以下的未成年人均不得创建自己的用户账户及/或使用我们的服务",面向特定人群用户条款,群体类型
我们只会在法律法规允许、父母或监护人明确同意或者保护未成年人所必要的情况下使用或披露未成年人的个人信息,面向特定人群用户条款,供应商动作
"==========
七、我们如何存储您的个人信息  
我们在中华人民共和国境内运营中收集和产生的您的个人信息，存储在中国境内",数据安全,跨境传输
一般而言，我们自您使用服务时获取到您个人信息之日起至您注销账户后6个月内会存储并保留您的个人信息,数据安全,数据存储期限
在您的个人信息超出保留期间后，我们会根据适用法律的要求删除您的个人信息，或使其匿名化处理,第一方收集_使用,对数据的使用
当我们的产品或服务发生停止运营的情形时，我们将以推送通知、公告等形式通知您，并在合理的期限内删除您的个人信息或进行匿名化处理,第一方收集_使用,是否有交互
"==========
八、本隐私权政策如何更新  
我们的隐私权政策可能变更",其他通用信息,
未经您明确同意，我们不会限制您按照本隐私权政策所应享有的权利,用户访问_编辑_删除的方法,供应商动作
对于重大变更，我们会提供显著的通知（包括我们会通过铃铛星球公示的方式进行通知甚至向您提供弹窗提示）,条款更改,告知方式
"本政策所指的重大变更包括但不限于：  
1、我们的服务模式发生重大变化",其他通用信息,
如处理个人信息的目的、处理的个人信息类型、个人信息的使用方式等,其他通用信息,
2、我们在控制权等方面发生重大变化,其他通用信息,
如并购重组等引起的所有者变更等,其他通用信息,
3、个人信息共享、转让或公开披露的主要对象发生变化,其他通用信息,
4、您参与个人信息处理方面的权利及其行使方式发生重大变化,其他通用信息,
5、我们负责处理个人信息安全的责任部门、联络方式及投诉渠道发生变化时,其他通用信息,
6、个人信息安全影响评估报告表明存在高风险时,其他通用信息,
我们还会将本隐私权政策的旧版本存档，供您查阅,其他通用信息,
"==========
九、如何联系我们  
您可以通过以下方式与我们联系，我们将在15天内回复您的请求：  
1、如对本政策内容有任何疑问、意见或建议，您可通过铃铛星球客服及铃铛星球手机APP中“我的”-“设置”-“意见反馈”提供联系方式后提交",其他通用信息,
2、如发现个人信息可能被泄露，您可以联系投诉举报,其他通用信息,
我们将尽快审核所涉问题，并在验证您的用户身份后的十五个工作日内回复,其他通用信息,
,,
,,
,,
,,
,,
,,
,,
,,
,,
,,
,,
,,
,,
,,
,,
,,
,,
,,
,,
,,
,,
,,
,,
