"aV5RzLMN4NySrZ3hU_m2XU2Jx2mG-0533_com_aibang_bjtraffic.txt





Apkid:com.aibang.bjtraffic
==========
北京交通隐私政策
本版本更新日期：2019/8/6
生效日期：2019/8/6
==========
一、 概述
欢迎您使用北京交通服务",其他通用信息,
本隐私政策适用于您通过任何方式对北京交通各项服务的访问和使用,其他通用信息,
您可以通过北京交通使用道路停车、实时公交、实时路况、我要学车、小客车指标查询、维修服务、地铁查询、交通热线等综合服务内容,其他通用信息,
您具体获得的北京交通服务内容可能因为您使用的北京交通的版本不同而有所差异,其他通用信息,
此隐私权政策旨在帮助您了解我们会收集哪些数据、为什么收集这些数据，会利用这些数据做些什么及如何保护这些数据,其他通用信息,
请您务必认真阅读本隐私政策，在确认充分了解并同意后使用北京交通服务,其他通用信息,
如果您或您的监护人不同意本隐私政策的任何内容，您将无法使用道路停车、实时公交、我要学车、小客车指标、维修服务、货车年审、加油站、实时路况、综合换乘、公共自行车、交通热线、速通卡、一卡通查询等功能，因为这些功能需要您提供个人信息后才能使用，但您可以使用世园会出行指南、超限车查询、省际客运、备案停车场、地铁查询、航班动态、火车票查询等功能，这些功能不会收集和使用您的个人信息，您可以放心使用,其他通用信息,
"==========
本隐私政策将帮助您了解以下内容：
1、我们收集哪些信息，以及我们对这些信息的使用方式
2、我们如何使用 Cookie 和同类技术
3、我们接入的第三方及我们如何共享、转让、公开披露您的个人信息
4、我们如何保存及保护您的个人信息
5、您如何访问和管理自己的信息
6、我们如何处理儿童的个人信息
7、您的个人信息如何在全球内转移
8、本政策如何更新
9、如何联系我们
我们深知个人信息对您的重要性，也深知为您的信息提供有效保护是我们的责任",其他通用信息,
感谢您对北京交通的使用和信任,其他通用信息,
我们致力于维持您对我们的信任，恪守以下原则，保护您的个人信息：权责一致原则、目的明确原则、选择同意原则、最少够用原则、确保安全原则、主体参与原则、公开透明原则等,其他通用信息,
我们郑重承诺，我们将按业界成熟的安全标准，采取相应的安全保护措施来保护您的个人信息,其他通用信息,
"==========
二、 我们如何收集和使用您的个人信息
个人信息是指以电子或者其他方式记录的能够单独或者与其他信息结合识别特定自然人身份或者反映特定自然人活动情况的各种信息",其他通用信息,
"为了向您提供更好、更个性化的产品和服务，下列描述列表是我们会为您提供的功能、服务以及各项业务功能和服务会收集的个人信息：
o 核心业务功能（基本业务功能）
1\.道路停车：为您提供车位查询、停车缴费、临时代缴、开具电子发票、绑定车辆等功能",第一方收集_使用,采集的目的
在该项业务功能中，需要您单独注册、登录，在注册时需要您提供手机号码，您在绑定车辆时需要提供行驶证编号、车牌号、发动机号、车牌颜色，您在使用停车缴费、临时代缴功能时需要您提供精准定位信息、个人邮箱、电子发票抬头信息,第一方收集_使用,何时采集
2\. 实时公交：为您提供您选择的或您周边的公交线路车辆到站时间和距离的查询功能,第一方收集_使用,对数据的使用
在该项业务功能中，需要您提供精准定位信息,第一方收集_使用,何时采集
3\.我要学车：为您提供北京市交通委员会备案的正规驾校信息查询服务和学车报名服务,第一方收集_使用,对数据的使用
"在该项业务功能中，需要您单独注册、登录，在注册和报名时需要您提供身份证号码、姓名、性别、生日、手机号码
、出生日期、户口类型、联系地址、 精准定位信息、电子邮箱",第一方收集_使用,何时采集
4\. 实时路况：为您提供北京市道路交通指数信息查询和道路路况信息查询服务,第一方收集_使用,对数据的使用
在该项业务功能中，需要您提供精准定位信息,第一方收集_使用,采集的个人信息类型
上述功能中涉及的个人信息是您使用我们核心业务功能的必要条件，若您不同意我们收集使用这些个人信息，将无法使用我们的核心业务功能,第一方收集_使用,用户选择所造成的影响
"o 附加业务功能（非基本业务功能）
1\. 世园会出行指南：为您提供世园会公交出行信息、自驾路线提示和周边停车场信息查询服务，该项业务功能不会收集您的个人信息",第一方收集_使用,对数据的使用
2\.小客车指标：为您提供小客车指标摇号结果和中签指标有效期查询服务，该项业务功能需要您提供在北京市小客车指标调控管理信息系统注册的个人手机号码、密码和获得的指标编码进行查询,第一方收集_使用,对数据的使用
3\. 超限车查询：为您提供超载车辆处罚信息查询服务，该项业务功能需要您提供车牌号,第一方收集_使用,对数据的使用
4\. 维修服务：为您提供在北京市交通委员会备案的正规维修企业信息查询、个人车辆维修记录查询服务，该项业务功能需要您提供车牌号、发动机号,第一方收集_使用,对数据的使用
5\. 省际客运：为您提供北京市省际客运站点信息查询和代理点信息查询，该项业务功能不会收集您的个人信息,第一方收集_使用,对数据的使用
6\. 货车年审：为您提供北京市道路普通货运车辆网上年审结果查询，该项业务功能需要您提供在北京市交通委员会事项办理系统注册的个人手机号码、密码,第一方收集_使用,对数据的使用
7\. 加油站：为您提供周边加油站站点及联系方式信息查询，该项业务功能需要您提供精准定位信息,第一方收集_使用,对数据的使用
8\. 地铁预约：为您提供北京地铁预约出行功能服务，该功能需要提供手机号码和一卡通号码信息，进行乘车身份绑定,第一方收集_使用,对数据的使用
9\. 综合换乘：为您提供目的地公交换乘路线规划及信息查询服务，该功能需要您提供精准定位信息,第一方收集_使用,对数据的使用
10\. 公共自行车：为您提供北京市公共自行车网点信息、剩余车辆车位信息、相关办卡网点、办卡时间等业务信息查询服务，该项业务功能需要您提供精准定位信息,第一方收集_使用,对数据的使用
11\. 交通热线：为您提供北京市交通行业政策在线咨询、意见建议等服务，该项业务功能需要您提供个人手机号码,第一方收集_使用,对数据的使用
"o 第三方提供的服务
1\.速通卡：为您提供速通卡账户账单查询、通行记录查询和营业网点信息查询服务，该项业务功能需要您单独注册、登录，需要您提供个人手机号、行驶证编号、身份证号码",第三方搜集_使用,采集的个人信息类型
2\. 地铁查询：为您提供北京市地铁站点和换乘线路查询及地铁拥挤度信息查询服务，该项业务功能不会收集您的个人信息,第三方搜集_使用,使用的目的
3\. 航班动态：为您提供首都机场出发到达航班信息查询服务，该项业务功能不会收集您的个人信息,第三方搜集_使用,使用的目的
4\. 火车票查询：为您提供火车票剩余票信息查询服务，该项业务功能不会收集您的个人信息,第三方搜集_使用,使用的目的
5\. 一卡通查询：为您提供北京市政交通一卡通的消费记录和充值记录查询服务，该项业务功能将会收集您的一卡通卡号,第三方搜集_使用,使用的目的
若您拒绝我们收集上述个人信息，将无法使用我们提供的附加业务功能以及第三方提供的业务功能，但是不会影响您使用北京交通的核心业务功能,第三方搜集_使用,用户选择所造成的影响
请您理解，我们向您提供的服务是不断更新和发展的,其他通用信息,
如您选择使用了前述说明当中尚未涵盖的其他服务，基于该服务我们需要收集您的信息，我们会通过页面提示、交互流程、协议约定的方式另行向您说明信息收集的范围与目的，并征得您的同意,第三方搜集_使用,是否有交互
我们会按照本政策以及相应的用户协议约定使用、存储、对外提供及保护您的信息,第三方搜集_使用,是否有交互
如您选择不提供前述信息，您可能无法使用某项或某部分服务，但不影响您使用我们提供的其他服务,第三方搜集_使用,用户选择所造成的影响
此外，第三方主体可能会通过北京交通向您提供服务,其他通用信息,
当您进入第三方主体运营的服务页面时，请注意相关服务由第三方主体向您提供,其他通用信息,
涉及到第三方主体向您收集个人信息的，建议您仔细查看第三方主体的隐私政策或协议约定,其他通用信息,
"o 事先征得授权同意的例外
在以下情形中，收集、使用个人信息无需事先征得您的授权同意：
1、与国家安全、国防安全有关的",其他通用信息,
2、与公共安全、公共卫生、重大公共利益有关的,其他通用信息,
3、与犯罪侦查、起诉、审判和判决执行等有关的,其他通用信息,
4、出于维护个人信息主体或其他个人的生命、财产等重大合法权益但又很难得到本人同意的,其他通用信息,
5、所收集的个人信息是个人信息主体自行向社会公众公开的,其他通用信息,
6、从合法公开披露的信息中收集的您的个人信息的，如合法的新闻报道、政府信息公开等渠道,其他通用信息,
7、根据您的要求签订合同所必需的,其他通用信息,
8、用于维护所提供的产品与/或服务的安全稳定运行所必需的，例如发现、处置产品与/或服务的故障,其他通用信息,
9、为合法的新闻报道所必需的,其他通用信息,
10、学术研究机构基于公共利益开展统计或学术研究所必要，且对外提供学术研究或描述的结果时，对结果中所包含的个人信息进行去标识化处理的,其他通用信息,
11、法律法规规定的其他情形,其他通用信息,
"==========
o 我们申请的设备权限
北京交通在提供服务过程中，会调用您的一些涉及个人信息的设备权限",第一方收集_使用,何时采集
以下是北京交通调用权限对应的业务功能、调用权限的目的以及调用权限前向您询问的情况,其他通用信息,
您可以在设备的设置功能中选择关闭部分或全部权限，从而拒绝北京交通收集相应的个人信息,用户访问_编辑_删除的方法,用户可以进行的操作
在不同设备中，权限显示方式及关闭方式可能有所不同，具体请参考设备及系统开发方说明或指引,其他通用信息,
"权限名称 | 调用权限的目的 | 是否询问 | 是否可以关闭权限  
---|---|---|---  
获取定位 | 获取用户当前位置，用于道路停车、实时公交、我要学车、地铁预约等业务功能中",其他通用信息,
| 首次打开客户端时弹窗询问,其他通用信息,
"| 是  
获取设备信息 | 获取您的手机设备信息，用于日志记录和Bug定位及修复",其他通用信息,
| 首次打开客户端时弹窗询问,其他通用信息,
"| 是  
拨打电话 | 拨打交通热线12328 | 是 | 是  
获取摄像头 | 获取摄像头, 允许用户拍摄上传行驶证照片, 用于用户车辆绑定 | 首次打开客户端时弹窗访问",其他通用信息,
"| 是  
创建桌面快捷方式 | 创建桌面快捷方式 | 是 | 是  
访问蜂窝移动网 | 获取网络链接，与服务器进行通信",其他通用信息,
"| 是 | 是  
访问WLAN | 获取网络链接，与服务器进行通信",其他通用信息,
"| 是 | 是  
==========
三、 我们如何使用 Cookie 和同类技术
1、我们会在您的移动设备上发送一个或多个名为Cookies的小数据文件，指定给您的Cookies是唯一的，它只能被将Cookies发布给您的域中的Web服务器读取",第一方收集_使用,是否有交互
我们向您发送Cookies是为了简化您重复登录的步骤、帮助判断您的登录状态以及账户或数据安全,第一方收集_使用,使用的目的
2、我们不会将 Cookies 用于本隐私政策所述目的之外的任何用途,第一方收集_使用,使用的目的
"您可根据自己的偏好管理或删除
Cookies",用户访问_编辑_删除的方法,用户可以进行的操作
"您可以清除移动设备上保存的所有Cookies，大部分网络浏览器会自动接受Cookies，但您通常可根据自己的需要来修改浏览器的设置以拒绝
Cookies，有关详情，请参见AboutCookies.org",用户访问_编辑_删除的方法,用户可以进行的操作
另外，您也可以清除软件内保存的所有Cookies,用户访问_编辑_删除的方法,用户可以进行的操作
但如果您这么做，您之前所记录的相应信息也均会被删除,用户访问_编辑_删除的方法,操作对用户造成的影响
"==========
四、 我们接入的第三方及我们如何共享、转让、公开披露您的个人信息
(一) 我们接入的第三方
为了使您能够接收信息推送、在第三方平台分享信息及完成支付，我们的应用中接入了第三方合作方，具体第三方信息如下表所述：
第三方名称 | 第三方提供的功能 | 第三方收集的个人信息  
---|---|---  
友盟SDK | 消息推送 | 手机设备信息（IEMI、操作系统版本、WIFI信息、网络信息）  
极光推送SDK | 消息推送，向停车用户推送车辆进出场相关信息 | 手机设备信息  
百度地图SDK | 提供地理位置查询服务 | 精准定位信息  
==========
(二) 我们如何共享您的个人信息
1.我们会以高度的勤勉义务对待您的信息",与第三方共享_转让_公开,与第三方共享的目的
在获得您的明确同意后，我们会与其他方共享您的个人信息,与第三方共享_转让_公开,何时与第三方共享
我们可能会根据法律法规规定，或按照法律法规、法律程序的要求或强制性的政府要求或司法裁定，对外共享您的个人信息,与第三方共享_转让_公开,何时与第三方共享
2.仅为实现本隐私政策中声明的目的，我们的某些服务将由授权合作伙伴提供,与第三方共享_转让_公开,与第三方共享的目的
我们可能会与合作伙伴共享您的某些个人信息，以提供更好的客户服务和用户体验,与第三方共享_转让_公开,与第三方共享的目的
我们仅会出于合法、正当、必要、特定、明确的目的共享您的个人信息，并且只会共享提供服务所必要的个人信息,与第三方共享_转让_公开,对于第三方的约束
"3.您同意我们与如下几类第三方授权合作伙伴共享信息：
软件服务提供商或系统服务提供商",与第三方共享_转让_公开,第三方相关实体
在北京交通中的部分功能是由第三方公司或机构提供的服务，包括：速通卡查询、地铁查询、航班动态查询、火车票查询、一卡通查询，您在使用这些服务时可能需要填写一些个人信息，这些信息的收集和使用是由第三方进行，我们不会记录和存储,与第三方共享_转让_公开,第三方相关实体
"==========
(三) 我们如何转让您的个人信息
我们不会将您的个人信息转让给除北京市交通委员会及其授权合作伙伴外的任何公司、组织和个人，但以下情况除外：
(1)事先获得您的明确授权或同意",与第三方共享_转让_公开,何时与第三方共享
(2)满足法律法规、法律程序的要求或强制性的政府要求或司法裁定,与第三方共享_转让_公开,何时与第三方共享
(3)如果我们的授权合作伙伴涉及合并、分立、清算、资产或业务的收购或出售等交易，您的个人信息有可能作为此类交易的一部分而被转移，我们将确保该等信息在转移时的机密性，并尽最大可能确保新的持有您个人信息的授权合作伙伴、组织继续受此隐私政策的约束，否则我们将要求该授权合作伙伴重新向您征求授权同意,与第三方共享_转让_公开,何时与第三方共享
"==========
(四) 个人信息的公开披露
我们仅会在以下情况下，公开披露您的个人信息：
(1)获得您的明确同意",与第三方共享_转让_公开,何时与第三方共享
(2)基于法律法规、法律程序、诉讼或政府主管部门强制性要求下,与第三方共享_转让_公开,何时与第三方共享
"==========
(五) 共享、转让、公开披露个人信息时事先征得授权同意的例外
在以下情形中，共享、转让、公开披露个人信息无需事先征得个人信息主体的授权同意：
(1)与国家安全、国防安全直接相关的
(2)与公共安全、公共卫生、重大公共利益直接相关的",其他通用信息,
(3)与犯罪侦查、起诉、审判和判决执行等直接相关的,其他通用信息,
(4)出于维护个人信息主体或其他个人的生命、财产等重大合法权益但又很难得到本人同意的,其他通用信息,
个人信息主体自行向社会公众公开的个人信息,其他通用信息,
从合法公开披露的信息中收集个人信息的，如合法的新闻报道、政府信息公开等渠道,其他通用信息,
"==========
五、 我们如何保存及保护您的个人信息
(一) 个人信息保存期限
为了您能够使用北京交通的多样化产品服务以及有效处理可能产生的争议，除满足《网络安全法》对于数据留存的强制性要求外，我们将在您使用北京交通期间（使用期间是指您注销账户之前）及相关行为的诉讼时效届满前保存您的个人信息",数据安全,数据存储期限
在超过上述期限后，我们会对您的信息进行删除或进行匿名化处理（即会对您的个人信息进行处理以使您的身份无法被任何第三方识别）,数据安全,数据存储期限
"==========
(二) 我们的安全措施",数据安全,安全措施
(1)我们会以“最小化”原则收集、使用、存储和传输用户信息，并通过用户协议和隐私政策告知您相关信息的使用目的和范围,数据安全,安全措施
(2)我们非常重视信息安全,数据安全,安全措施
我们成立了专责团队负责研发和应用多种安全技术和程序等，我们会对安全管理负责人和关键安全岗位的人员进行安全背景审查，我们建立了完善的信息安全管理制度和内部安全事件处置机制等,数据安全,安全措施
我们会采取适当的符合业界标准的安全措施和技术手段存储和保护您的个人信息，以防止您的信息丢失、遭到被未经授权的访问、公开披露、使用、毁损、丢失或泄漏,数据安全,安全措施
我们会采取一切合理可行的措施，保护您的个人信息,数据安全,安全措施
我们会使用加密技术确保数据的保密性,数据安全,安全措施
我们会使用受信赖的保护机制防止数据遭到恶意攻击,数据安全,安全措施
（3）安全认证,数据安全,安全措施
"我们的北京市小客车指标调控管理信息系统 (小客车指标功能)和北京市交通委路侧停车动态监测和电子收费管理系统
（道路停车功能）已通过了公安部信息安全等级保护三级认证，并与监管机构、第三方测评机构建立了良好的协调沟通机制，及时抵御并处置各类信息安全威胁，为您的信息安全提供全方位保障",数据安全,安全措施
(4)我们会对员工进行数据安全的意识培养和安全能力的培训和考核，加强员工对于保护个人信息重要性的认识,数据安全,安全措施
我们会对处理个人信息的员工进行身份认证及权限控制，并会与接触您个人信息的员工、合作伙伴签署保密协议，明确岗位职责及行为准则，确保只有授权人员才可访问个人信息,数据安全,安全措施
若有违反保密协议的行为，会被立即终止与北京市交通委员会的合作关系，并会被追究相关法律责任，对接触个人信息人员在离岗时也提出了保密要求,数据安全,安全措施
(5)我们提醒您注意，互联网并非绝对安全的环境，当您通过北京交通中嵌入的第三方社交软件、电子邮件、短信等与其他用户交互您的地理位置或行踪轨迹信息时，不确定第三方软件对信息的传递是否完全加密，注意确保您个人信息的安全,数据安全,安全措施
(6)我们也请您理解，在互联网行业由于技术的限制和飞速发展以及可能存在的各种恶意攻击手段，即便我们竭尽所能加强安全措施，也不可能始终保证信息的百分之百安全,数据安全,安全措施
请您了解，您使用我们的产品和/或服务时所用的系统和通讯网络，有可能在我们控制之外的其他环节而出现安全问题,数据安全,安全措施
根据我们的安全管理制度，个人信息泄露、毁损或丢失事件被列为最特大安全事件，一经发生将启动最高级别的紧急预案，由应急响应小组处理,数据安全,安全措施
"==========
(三) 安全事件通知
(1)我们会制定网络安全事件应急预案，及时处置系统漏洞、计算机病毒、网络攻击、网络侵入等安全风险，在发生危害网络安全的事件时，我们会立即启动应急预案，采取相应的补救措施，并按照规定向有关主管部门报告",数据安全,发生安全事故的处理方式
(2)个人信息泄露、毁损、丢失属于特大安全事件，我们会负责定期组织工作组成员进行安全预案演练，防止此类安全事件发生,数据安全,发生安全事故的处理方式
若一旦不幸发生，我们将按照最高优先级启动应急预案，组成紧急应急小组，在最短时间内追溯原因并减少损失,数据安全,发生安全事故的处理方式
(3)在不幸发生个人信息安全事件后，我们将按照法律法规的要求，及时向您告知安全事件的基本情况和可能的影响、我们已采取或将要采取的处理措施、您可自主防范和降低的风险的建议、对您的补救措施等,数据安全,发生安全事故的处理方式
我们将及时将事件相关情况以站内通知、短信通知、电话、邮件等您预留的联系方式告知您，难以逐一告知时我们会采取合理、有效的方式发布公告,数据安全,发生安全事故的处理方式
同时，我们还将按照监管部门要求，主动上报个人信息安全事件的处置情况,数据安全,发生安全事故的处理方式
"==========
六、 您如何访问和管理自己的信息
按照中国相关的法律、法规、标准，以及其他国家、地区的通行做法，我们保障您对自己的个人信息行使以下权利：
1、访问查看您的个人信息：由于北京交通并不提供统一的注册和登录，若您需要对您的个人信息的查询和更正，请根据各项业务功能所提供的相关操作指引进行操作",用户访问_编辑_删除的方法,操作对用户造成的影响
"2、删除您的个人信息：
在以下情形中，您可以向我们提出删除个人信息的请求：
（1）如果我们处理个人信息的行为违反法律法规",用户访问_编辑_删除的方法,用户可以进行的操作
（2）如果我们收集、使用您的个人信息，却未征得您的同意,其他通用信息,
（3）如果我们处理个人信息的行为违反了与您的约定,其他通用信息,
（4）如果我们终止服务及运营,其他通用信息,
您可以通过账户注销的方式申请删除您的个人信息，若我们决定响应您的删除请求，我们还将同时通知从我们获得您的个人信息的实体，要求其及时删除，除非法律法规另有规定，或这些实体获得您的独立授权,用户访问_编辑_删除的方法,供应商动作
当您从我们的服务中删除信息后，我们可能不会立即备份系统中删除相应的信息，但会在备份更新时删除这些信息,用户访问_编辑_删除的方法,供应商动作
"3、改变您授权同意的范围或撤回您的授权
您可以通过删除信息、关闭设备功能、在收集设备的权限设置中进行隐私设置等方式改变您授权我们继续收集个人信息的范围或撤回您的授权",用户访问_编辑_删除的方法,用户可以进行的操作
您也可以通过注销账户的方式，撤回我们继续收集您个人信息的全部授权,用户访问_编辑_删除的方法,用户可以进行的操作
请您理解，每个业务功能需要一些基本的个人信息才能得以完成，当您撤回同意或授权后，我们无法继续为您提供撤回同意或授权所对应的服务，也不再处理您相应的个人信息,用户访问_编辑_删除的方法,操作对用户造成的影响
但您撤回同意或授权的决定，不会影响此前基于您的授权而开展的个人信息处理,用户访问_编辑_删除的方法,操作对用户造成的影响
"4、注销您的账户
由于北京交通APP中部分功能由第三方提供服务，因此账户注销需要不同的方式完成",用户访问_编辑_删除的方法,用户可以进行的操作
其中，我要学车功能涉及到的账户注销，请您拨打客户服务热线：400-999-9590，要求客服人员注销您的相关信息,用户访问_编辑_删除的方法,操作的途径
"道路停车功能涉及到的账户注销,请通过道路停车功能中的""注销账号""实现",用户访问_编辑_删除的方法,操作的途径
针对其他第三方提供的服务，账户注销需要您自行联系第三方官方客服解决,用户访问_编辑_删除的方法,用户可以进行的操作
一旦您注销账号，将无法使用北京交通产品的相关服务，因此请您谨慎操作,用户访问_编辑_删除的方法,操作对用户造成的影响
除法律法规另有规定外，注销帐号之后我们将停止为您提供产品和服务，并根据您的要求删除您的个人信息,用户访问_编辑_删除的方法,操作对用户造成的影响
"6、响应您的请求
如果您无法通过上述方式访问、更正、删除您的个人信息，或您认为北京市交通委员会存在任何违反法律法规或与您关于个人信息的收集或使用的约定，您均可以通过交通热线12328提出相关申请",用户访问_编辑_删除的方法,用户可以进行的操作
我们将在15天内回复您的访问请求,用户访问_编辑_删除的方法,供应商动作
对于您在使用我们的产品或服务过程中产生的其他个人信息，只要我们不需要过多投入，我们会向您提供,用户访问_编辑_删除的方法,供应商动作
对于您合理的请求，我们原则上不收取费用，但对多次重复、超出合理限度的请求，我们将视情况收取一定成本费用,用户访问_编辑_删除的方法,供应商动作
对于那些无端重复、需要过多技术手段（例如，需要开发新系统或从根本上改变现行惯例）、给他人合法权益带来风险或者非常不切实际（例如，涉及备份磁带上存放的信息）的请求，我们可能会予以拒绝,用户访问_编辑_删除的方法,供应商动作
"在以下情形中，按照法律法规要求，我们将无法响应您的更正、删除、注销信息的请求：
(1)与国家安全、国防安全直接相关的",其他通用信息,
(2)与公共安全、公共卫生、重大公共利益直接相关的,其他通用信息,
(3)与犯罪侦查、起诉、审判和执行判决等直接相关的,其他通用信息,
(4)我们有充分证据表明您存在主观恶意或滥用权利的（如您的请求将危害公共安全和其他人合法权益，或您的请求超出了一般技术手段和商业成本可覆盖的范围）,其他通用信息,
(5)响应个人信息主体的请求将导致您或其他个人、组织的合法权益受到严重损害的,其他通用信息,
(6)涉及商业秘密的,其他通用信息,
"==========
七、 我们如何处理儿童的个人信息
北京市交通委员会非常重视对未成年人信息的保护",面向特定人群用户条款,群体类型
我们的产品和服务主要面向成人,面向特定人群用户条款,群体类型
如果没有父母或监护人的同意，儿童不得创建自己的用户账户,面向特定人群用户条款,群体类型
对于经父母同意而收集儿童个人信息的情况，我们只会在受到法律允许、父母或监护人明确同意或者保护儿童所必要的情况下使用或公开披露此信息,面向特定人群用户条款,供应商动作
"尽管当地习俗对儿童的定义不同，但我们将不满 14
周岁的任何人均视为儿童",面向特定人群用户条款,群体类型
如果我们发现自己在未事先获得可证实的父母同意的情况下收集了儿童的个人信息，则会设法尽快删除相关数据,面向特定人群用户条款,供应商动作
若您是14周岁以下的未成年人，建议您请您的监护人仔细阅读本隐私政策，并在征得您的监护人同意的前提下使用我们的产品和/或服务或向我们提供信息,面向特定人群用户条款,用户选择
"==========
八、 您的个人信息如何在全球范围转移
我们在中华人民共和国境内收集和产生的个人信息，将存储在中华人民共和国境内",数据安全,跨境传输
我们不涉及到个人信息的跨境传输,数据安全,跨境传输
"==========
九、 本政策如何更新
我们的隐私政策可能变更",条款更改,
未经您明确同意，我们不会削减您按照本隐私政策所应享有的权利,条款更改,
我们会在本页面上发布对本隐私政策所做的任何变更,条款更改,告知方式
如果变更的条款会削减您的权利或增加您的义务（下称“重大变更”），我们会在产品或服务的主要曝光页面或向您发送电子邮件或其他合适的能触达您的方式通知您,条款更改,告知方式
并会在变更生效前给您预留合理的期限供您考虑是否接受变更,条款更改,
若您在新版本隐私政策和服务条款生效后继续使用北京交通服务，即表示您已充分阅读并愿意受更新后的隐私政策和服务条款约束，若您不同意该等变更可以停止使用北京交通产品和服务,条款更改,用户选择
"本政策所指的重大变更包括但不限于：
1、我们的服务模式发生重大变化",其他通用信息,
如处理个人信息的目的、处理的个人信息类型、个人信息的使用方式等,其他通用信息,
2、我们在所有权结构、组织架构等方面发生重大变化,其他通用信息,
如业务调整、组织机构改革等引起的所有者变更等,其他通用信息,
3、个人信息共享、转让或公开披露的主要对象发生变化,其他通用信息,
4、您参与个人信息处理方面的权利及其行使方式发生重大变化,其他通用信息,
5、我们负责处理个人信息安全的责任部门、联络方式及投诉渠道发生变化时,其他通用信息,
6、个人信息安全影响评估报告表明存在高风险时,其他通用信息,
"==========
十、 如何联系我们
1\. 如您对本隐私政策或您个人信息的相关事宜有任何问题、意见或建议，请通过拨打交通热线电话12328与我们联系",其他通用信息,
2\. 我们设立了个人信息保护专职部门，您可以通过拨打客服电话12328与我们联系,其他通用信息,
"3\.
一般情况下，我们将在十五天内回复",其他通用信息,
如果您对我们的回复不满意，特别是我们的个人信息处理行为损害了您的合法权益，您还可以向网信、电信、公安及工商等监管部门进行投诉或举报,用户访问_编辑_删除的方法,用户可以进行的操作
注：隐私政策中的“我们”是指“北京市交通委员会”，地址为北京市丰台区六里桥南里甲9号,其他通用信息,
再次感谢您对北京交通的信任和使用,其他通用信息,
"北京市交通委员会
2020/3/3生效",其他通用信息,
