"a2uLSWQZrBGxmI.p_xdNWrysBpRm-0537_com_call_funny_caller_show.txt





Apkid:com.call.funny_caller_show
==========
**隐私政策**
您在使用该产品服务时，该产品将按照法律法规的规定，保护您的个人信息及隐私安全",其他通用信息,
因该产品的成功取决于建立与维护对用户的良好信誉，我们会坚定的实施隐私政策,其他通用信息,
如您未满18周岁，请您在监护人陪同下仔细阅读并充分理解本隐私政策，并征得监护人的同意后使用我们的服务或向我们提供信息,其他通用信息,
"希望您在使用该产品服务前仔细阅读并理解本隐私政策，在阅读完本政策之后，如您对本《隐私政策》或与本《隐私政策》相关的事宜有任何问题，请联系邮箱：breaktian@163.com
您使用或继续使用该产品，都表示您同意我们按照本《隐私政策》收集、使用、储存和分享您的信息",其他通用信息,
有关您个人信息权益的条款重要内容我们已用加粗形式提示，请特别关注,其他通用信息,
"==========
 **一、我们如何收集和使用信息**
我们会按照如下方式收集您在使用服务时主动提供的，以及通过自动化手段收集您在使用功能或接受服务过程中产生的信息：
==========
（一）注册、登录
为了帮助您注册该产品账号，以便于您使用该产品的软件功能，我们需要收集您的如下信息：
1.当您注册该产品时，您可以通过手机号创建账号",第一方收集_使用,何时采集
需要提供您的手机号，我们将通过向您的注册手机号发送短信验证码来验证您的身份是否有效,第一方收集_使用,对数据的使用
注册完成后，收集这些信息是为了帮助您完成注册,第一方收集_使用,采集的目的
2.您也可以通过微信登录进入该产品，我们将获取您在第三方平台注册的个人信息（头像、昵称、地区、性别）,第一方收集_使用,采集的个人信息类型
"==========
 （二）业务功能
1.您在使用该产品时，我们可能会收集 存储",第一方收集_使用,何时采集
设备信息,第一方收集_使用,采集的个人信息类型
位置信息,第一方收集_使用,采集的个人信息类型
上述信息为我们实现产品功能所需要的必备信息,其他通用信息,
若您拒绝提供，我们将无法为您提供服务,第一方收集_使用,用户选择所造成的影响
2.在您使用金币提现功能时，您的金币会根据该产品公平的平台规则换算对应的人民币提现到您的支付宝、微信账号中或提现到话费中，您需要您提供您的支付宝、微信账号、手机号信息，若您未未提供，将无法实现提现功能,第一方收集_使用,用户选择所造成的影响
提现的汇率（金币转换成现金或者话费的汇率）由我公司根据运营情况而定，汇率浮动最终解释权归本公司所有,其他通用信息,
请确保您注册时的手机号真实有效否则会影响提现结果，如因您填写有误导致提现问题请自行负责,其他通用信息,
3.当您使用该产品获取金币时，基于您的明确同意，我们将收集您的信息判断真实性，并以此为您提供金币奖励,其他通用信息,
4.在您授权接受通知权限后，我们将向您提供该产品的推送消息服务,第一方收集_使用,使用的目的
5.当您在该产品上使用您的手机账号注册时，我们会向您的手机发送信息，以供您更好的使用该产品,第一方收集_使用,对数据的使用
6.我们会在您开启位置权限后访问获取您的位置信息，根据您的位置信息为您提供更契合您需求的页面展示、产品及/或服务,第一方收集_使用,对数据的使用
"==========
（三）您在使用该产品服务中主动提供的信息
1.您在使用文字信息发布功能时候的信息：您发布内容、评论、提问或回答时，我们将收集您发布的信息，并展示您的昵称、头像、发布内容",第一方收集_使用,采集的个人信息类型
2.您在使用图片保存过程中的信息：当您需要将该产品上的某张图片保存您的本地设备时，该产品将访问您的本地相册，以存储您所需要保证的图片,第一方收集_使用,采集的个人信息类型
在访问之前，该产品将明确提示您需要访问您的本地相册，只有基于您的明确同意后，您才可以将图片保存到本地,第一方收集_使用,采集的个人信息类型
3.当您在使用小视频服务时收集的信息：当您在观看小视频时，我们会存储您所观看小视频的历史记录,第一方收集_使用,采集的个人信息类型
上述信息将存储于中华人民共和国境内，如需跨境传输，我们将会单独征得你的授权同意,数据安全,跨境传输
"==========
（四）设备信息和日志信息
1.基于以下两个原因，我们需要收集您的设备信息、日志信息：
(1)因本软件提供金币奖励功能，为防止机器人恶意盗刷金币的安全防范原因，我们需要收集您的设备信息、日志信息，以供用于反作弊机制检测",第一方收集_使用,采集的个人信息类型
(2)为了帮助我们进行故障分析，保障您正常使用本软件的服务、改进和优化我们的产品体验、同时保障您的账号安全，我们需要收集设备信息、日志信息,第一方收集_使用,采集的目的
2.设备信息是指：是指您使用本软件时使用的设备的信息,其他通用信息,
我们会收集您的设备品牌、设备型号、屏幕分辨率、设备识别码、系统版本、应用识别码、IP地址,第一方收集_使用,采集的个人信息类型
"3.日志信息内容包括：
（1）本软件的使用信息：您使用本软件的版本号、软件的总体运行情况、使用情况及频率",第一方收集_使用,采集的个人信息类型
该类数据都是匿名的，我们不会对该等信息进行一一匹配、也不会与您的个人身份信息进行匹配,第一方收集_使用,采集的个人信息类型
（2）网络安全事件相关日志信息，例如网络崩溃、系统活动等信息,第一方收集_使用,采集的个人信息类型
此类信息为法律规定要求收集的信息，如您不想此等信息被我们收集，则请您不要使用本软件,第一方收集_使用,用户的选择
4.请您谅解，设备信息的收集是我们服务提供的前提和基础，只要您安装并打开本软件，我们将会收集您的设备信息,第一方收集_使用,何时采集
5.单独的设备信息无法识别特定自然人身份，且该等信息我们均进行了去标识化、匿名化处理,第一方收集_使用,对数据的使用
"** **
==========
 **二** **、依法豁免征得同意收集和使用的个人信息**
请您理解，在下列情形中，根据法律法规及相关国家标准，我们收集和使用您的个人信息无需征得您的授权同意：
1.与国家安全、国防安全直接相关的",其他通用信息,
2.与公共安全、公共卫生、重大公共利益直接相关的,其他通用信息,
3.与犯罪侦查、起诉、审判和判决执行等直接相关的,其他通用信息,
4.出于维护个人信息主体或其他个人的生命、财产等重大合法权益但又很难得到本人同意的,其他通用信息,
5.所收集的您的个人信息是您自行向社会公众公开的,其他通用信息,
6.从合法公开披露的信息中收集的您的个人信息的，如合法的新闻报道、政府信息公开等渠道,其他通用信息,
7.根据您的要求签订或履行合同所必需的,其他通用信息,
8.用于维护软件及相关服务的安全稳定运行所必需的，例如发现、处置软件及相关服务的故障,其他通用信息,
9.为合法的新闻报道所必需的,其他通用信息,
10.学术研究机构基于公共利益开展统计或学术研究所必要，且对外提供学术研究或描述的结果时，对结果中所包含的个人信息进行去标识化处理的,其他通用信息,
11.法律法规规定的其他情形,其他通用信息,
"==========
 **三** **、我们可能分享、转让和披露的信息**
（一）分享信息的前提条件
1.我们不会与其他任何公司、组织和个人共享您的个人信息，但以下情况除外：
1.1 事先获得您明确的同意或授权",与第三方共享_转让_公开,何时与第三方共享
1.2 根据适用的法律法规、法律程序的要求、强制性的行政或司法要求所必须的情况下共享,与第三方共享_转让_公开,何时与第三方共享
"1.3
与授权合作伙伴共享：仅为事先本政策中声明的目的，我们的某些服务将由我们和授权合作伙伴共同提供",与第三方共享_转让_公开,与第三方共享的目的
我们可能会与合作伙伴共享您的某些信息，以提供更好的客户服务和用户体验,与第三方共享_转让_公开,与第三方共享的目的
我们仅会出于合法、正当、必要、特定、明确的目的共享您的个人信息，并且只会共享提供服务所必须的个人信息,与第三方共享_转让_公开,对于第三方的约束
我们的合作伙伴无权将共享的个人信息用于与产品或服务无关的其他用途,与第三方共享_转让_公开,对于第三方的约束
"目前，我们的授权合作伙伴包括以下类型：
(1)地理位置共享
当您使用地理位置相关服务时，我们会将GPS信息与位置服务提供商（高 德地图）进行共享，GPS信息是敏感个人信息，如您拒绝提供，也不影响其他功能的正常使用",与第三方共享_转让_公开,与第三方共享的个人信息类型
"(2)提现信息的共享
提现功能由与我们合作的第三方支付机构向您提供服务",与第三方共享_转让_公开,与第三方共享的个人信息类型
第三方支付机构可能需要收集您的姓名、银行卡类型及卡号、有效期及手机号码,与第三方共享_转让_公开,与第三方共享的个人信息类型
银行卡号、有效期及手机号码是个人敏感信息，这些信息是支付功能所必需的信息，拒绝提供将导致您无法使用该功能，但不影响其他功能的正常使用,与第三方共享_转让_公开,用户选择所造成的影响
"(3)基于广告投放目的的信息共享
我们可能与委托我们进行推广和广告投放的合作伙伴共享信息，但我们不会共享用于识别您个人身份的信息（姓名、身份证号），仅会向这些合作伙伴提供不能识别您个人身份的去标识化或匿名化后的信息，以帮助其在不识别您个人身份的前提下提升广告有效触达率",与第三方共享_转让_公开,与第三方共享的目的
广告统计：我们可能与业务的服务商、供应商和其他合作伙伴共享分析去标识化的统计信息，这些信息难以与您的身份信息相关联，这些信息将帮助我们分析、衡量广告和相关服务的有效性,与第三方共享_转让_公开,第三方对数据的使用
"(4)实现安全与分析统计的共享信息
保障使用安全：我们非常重视账号与服务安全，为保障您和其他用户的账号与财产安全，使您和我们的正当合法权益免受不法侵害，同时为了防止机器人对盗刷金币，我们或服务提供商可能会共享必要的设备、账号及日志信息",与第三方共享_转让_公开,第三方对数据的使用
分析产品使用情况：为分析我们服务的使用情况，提升用户使用的体验，可能会与关联方或第三方共享产品使用情况（崩溃、闪退）的统计性数据，这些数据难以与其他信息结合识别您的个人身份,与第三方共享_转让_公开,第三方对数据的使用
"对我们与之共享个人信息的公司、组织和个人，我们会与其签署严格的保 密协议，要求他们按照我们的说明、本隐私政策以及其他相关的保密及安全措施
来处理个人信息",与第三方共享_转让_公开,第三方对数据的使用
同时我们仅会向第三方提供推广的覆盖面和有效性的信息，而不会提供可以识别您身份的信息，或者我们将这些信息进行汇总匿名化处理，以便它不会识别您个人,与第三方共享_转让_公开,第三方对数据的使用
"==========
（二）收购、兼并、重组时个人信息的转让
随着我们业务的持续发展，我们有可能进行合并、收购、资产转让或类似的交易，而您的个人信息有可能作为此类交易的一部分而被转移",与第三方共享_转让_公开,何时与第三方共享
"我们会要求新的持有您信息的公司、组织继续受本《隐私政策》的约束，否则,我们将要求该公司、组织重新向您征求授权同意",与第三方共享_转让_公开,是否有交互
"==========
（三）基于其他原因的信息披露
我们还可能为以下原因需要保留、保存或披露您的个人信息：
1.您授权或同意该产品披露的",其他通用信息,
2.遵守适用的法律法规,其他通用信息,
3.遵守法院命令或其他法律程序的规定,其他通用信息,
4.遵守相关政府机关的要求,其他通用信息,
5.我们认为为遵守适用的法律法规、维护社会公共利益、或保护我们或我们的集团公司、我们的客户、其他用户或雇员的人身和财产安全或合法权益或公共安全及利益所合理必需的,其他通用信息,
及根据该产品各服务条款及声明中的相关规定，或者该产品认为必要的其他情形下,其他通用信息,
"==========
 **五、我们如何存储、保护信息**
（一）信息存储的地点
我们仅在本《隐私政策》所述目的所必需期间和法律法规要求的时限内保留您的信息",数据安全,数据存储期限
我们在中华人民共和国境内运营中收集和产生的信息，存储在中国境内,数据安全,跨境传输
"==========
（二）信息存储的时间
1.对于您在使用本软件过程中用于识别您个人身份以及您主动提供的个人信息将留存至您注销之时，除法律法规另有要求除外",数据安全,数据存储期限
该等信息的保存是因为您在使用本软件中记录您个人身份所必需的信息,数据安全,数据存储期限
2.除前述信息以外的信息，我们会保存一定时间，但法律法规另有要求的除外,数据安全,数据存储期限
超过期限后，我们将对您的所有信息进行进行匿名化处理或者删除您的全部信息,第一方收集_使用,对数据的使用
"==========
（三）信息的保护方式
1.我们会使用不低于行业同行的加密技术、匿名化处理等合理可行的手段保护您的个人信息，并使用安全保护机制防止您的个人信息遭到恶意攻击",数据安全,安全措施
2.我们采取严格的数据使用和访问制度，确保只有授权人员才可访问您的个人信息，并适时对数据和技术进行安全审计,数据安全,安全措施
3.为应对个人信息泄露、损毁和丢失等可能出现的风险，我们建立了专门的应急响应团队，按照公司有关安全事件处置规范要求，针对不同安全事件启动安全预案，进行止损、分析、制定补救措施、联合相关部门进行溯源和打击,数据安全,安全措施
同时我们将按照法律法规的要求，及时向您告知：安全事件的基本情况和可能的影响、我们已采取或将要采取的处置措施、您可自主防范和降低风险的建议、对您的补救措施等,数据安全,安全措施
同时我们会及时将事件相关情况以邮件、信函、电话、推送通知等方式告知您，难以逐一告知个人信息主体时，我们会采取合理、有效的方式发布公告,数据安全,安全措施
同时，我们还将按照监管部门要求，主动上报个人信息安全事件的处置情况,数据安全,安全措施
5.尽管已经采取了上述合理有效措施，并已经遵守了相关法律规定要求的标准，但请您理解，由于技术的限制以及可能存在的各种恶意手段，在互联网行业，即便竭尽所能加强安全措施，也不可能始终保证信息百分之百的安全，我们将尽力确保您提供给我们的个人信息的安全性,数据安全,安全措施
6.请您注意：您一旦离开本软件后，浏览或使用其他网站、服务及内容资源，我们将没有能力和直接义务保护您在本软件及相关服务之外的软件、网站提交的任何个人信息，无论您登录、浏览或使用上述软件、网站是否基于“本软件”的链接或引导,数据安全,安全措施
"** **
==========
 **六、用户如何管理信息**
（一）访问、更新和删除
1.您可以通过登录本软件，更改您的密码",用户访问_编辑_删除的方法,用户可以进行的操作
您可以点击“头像”――“设置”修改您的头像信息,用户访问_编辑_删除的方法,操作的途径
2. 您可通过该产品查看您的系统授权权限，您需要查阅您在使用该产品过程中产生的个人信息，在合理要求下，我们会向您提供,用户访问_编辑_删除的方法,用户可以进行的操作
若您无法通过上述方式访问或更正您的个人信息，也可以发送邮件至breaktian@163.com,用户访问_编辑_删除的方法,用户可以进行的操作
"==========
 **七、年龄限制**
1.本软件服务主要面向成人",面向特定人群用户条款,群体类型
我们的产品、网站和服务主要面向成人,面向特定人群用户条款,群体类型
"若您是 18
周岁以下的未成年人，在使用我们的产品和/或服务前，您应在监护人的陪同下阅读本指引，并应确保已征得您的监护人同意后使用我们的服务并向我们提供您的信息",面向特定人群用户条款,群体类型
我们会根据国家相关法律法规的规定着重保护未成年人的个人信息,面向特定人群用户条款,供应商动作
2.如您的监护人不同意您按照本指引使用我们的服务或向我们提供信息，请您立即终止使用我们的服务并及时通知我们,面向特定人群用户条款,供应商动作
3.对于经父母或法定监护人同意而收集未成年人个人信息的情况，我们只会在受到法律允许、父母或监护人明确同意或者保护未成年人所必要的情况下使用或公开披露此信息,面向特定人群用户条款,供应商动作
4.若您是未成年人的监护人，当您对您所监护的未成年人使用我们的服务或其向我们提供的用户信息有任何疑问时，请您及时与我们联系,面向特定人群用户条款,供应商动作
我们将根据国家相关法律法规及本指引的规定保护未成年人用户信息的保密性及安全性,面向特定人群用户条款,供应商动作
如果我们发现自己在未事先获得可证实的父母或法定监护人同意的情况下收集了未成年人的个人信息，则会设法尽快删除相关数据,面向特定人群用户条款,供应商动作
"==========
 **八、通知和修订**
1.我们可能根据国家法律法规要求及经营发展需要修改隐私协议，一般而言，我们会在“隐私政策”页面发布变更后的隐私政策",其他通用信息,
2.对于重大变更，我们会提供更为显著的通知（包括我们会通过站内方式进行通知甚至向您提供弹窗提示）,其他通用信息,
本政策所指的重大变更包括但不限于：我们的服务模式发生重大变化，如处理个人信息的目的、处理的个人信息类型、个人信息的使用方式等,其他通用信息,
我们在控制权等方面发生重大变化，如并购重组等引起的所有者变更等,其他通用信息,
个人信息共享、转让或公开披露的主要对象发生变化,其他通用信息,
您参与个人信息处理方面的权利及行使方式发生重大变化,其他通用信息,
我们负责处理个人信息安全的责任部门、联系方式及投诉渠道发生变化时,其他通用信息,
个人信息安全影响评估报告表明存在高风险时,其他通用信息,
"==========
 **九、如何联系我们**
如果您对本隐私政策有任何疑问、意见或建议，通过以下方式与我们联系：
开发者：陈艳
信息保护负责人电话：17755763511
 **除非您已阅读并接受本协议所有条款，否则您无权使用本产品",其他通用信息,
您的下载、安装、使用等行为将视为您对本协议的接受，并同意接受本协议各项条款的约束,其他通用信息,
**,,
