"aiXi4LNGWQRwneW1bL3q2Lul2Yd4-0542_com_cainiao_wireless.txt





Apkid:com.cainiao.wireless
==========
### 菜鸟裹裹隐私保护指引
制定及生效日期：2019年2月20日
（点击查看历史版本：[2018年10月25日版](https://page.cainiao.com/guoguo/guoguo-privacy/20181025.html)",其他通用信息,
"[2018年01月25日版](https://page.cainiao.com/guoguo/guoguo-privacy/20180125.html)）
菜鸟裹裹APP是一款由浙江菜鸟供应链管理有限公司（以下简称“我们”、“菜鸟”）开发的可为您提供查件、寄件、取件、在线使用菜鸟驿站及智能柜等服务的软件产品",其他通用信息,
为了说明菜鸟会如何收集、使用和存储您的个人信息及您享有哪些权利，我们将通过本指引向您阐述相关事宜,其他通用信息,
"==========
**目录**
  1. 我们收集的信息
  2. Cookie和同类技术
  3. 信息的存储
  4. 信息安全
  5. 我们如何使用信息
  6. 对外提供信息
  7. 您的权利
  8. 未成年人保护
  9. 本指引的修订
  10. 联系我们
==========
**1.** **我们收集的信息**
在您使用菜鸟裹裹的过程中，我们会按照如下方式收集您在使用服务时主动提供或因为使用服务而产生的信息，用以向您提供服务、优化我们的服务以及保障您的帐号安全：
1.1当您使用淘宝账户或支付宝账户或淘宝绑定的手机号码关联登录菜鸟裹裹时，我们会收集您注册淘宝账户的相关信息（例如您的淘宝账户的用户名、手机号码、电子邮箱等），以及您使用淘宝账户在淘宝、天猫、聚划算、1688、闲鱼、农村淘宝等电商平台中**与交易有关的信息（例如您订购的商品信息、寄件人和收件人信息、您的常用地址簿信息、您和商家及物流服务商沟通的信息",其他通用信息,
当您在菜鸟裹裹上和商家或物流服务商沟通时，我们还会获取相关的沟通信息）**,第一方收集_使用,何时采集
由于您的支付宝账户已经绑定了淘宝账户，所以当您以支付宝账户登录时，我们也会收集与您登录裹裹的支付宝账户绑定的淘宝账户内的上述信息,第一方收集_使用,何时采集
快递查询是裹裹的核心功能，以上有粗体下划线标志的信息属于**敏感信息**，我们收集您的上述信息是为了向您提供快递查询功能的需要,第一方收集_使用,采集的目的
您使用菜鸟裹裹，即意味着您授权我们收集您的这些信息，若您拒绝提供这类信息，您可能无法正常使用我们的服务,第一方收集_使用,用户选择所造成的影响
"==========
1.2当您使用菜鸟裹裹时，为保障您正常使用我们的服务，我们会收集您的设备型号、操作系统、唯一设备标识符、登陆IP地址、菜鸟裹裹软件版本号、接入网络的方式和类型、操作日志等信息",第一方收集_使用,何时采集
这类信息是为提供服务必须收集的基础信息，您使用菜鸟裹裹，即意味着您授权我们收集您的这些信息，若您拒绝提供这类信息，您可能无法正常使用我们的服务,第一方收集_使用,用户选择所造成的影响
1.3当您使用菜鸟裹裹时，我们会使用您的淘宝账户中默认收货地址的手机号码，以及您在菜鸟裹裹上关联的其他手机号码，以为您提供快件查询服务,第一方收集_使用,何时采集
快递查询是裹裹的核心功能，我们收集您的上述信息是为了向您提供快递查询功能的需要,第一方收集_使用,采集的目的
您使用菜鸟裹裹，即意味着您授权我们收集您的这些信息，若您拒绝提供这类信息，您可能无法正常使用我们的服务,第一方收集_使用,用户选择所造成的影响
您应当确保您在淘宝账户默认收货地址中提供的手机号码和您在菜鸟裹裹上关联的手机号码为您本人所有或您已征其其本人同意的亲友所有且真实有效，且您授权我们向相关物流公司查询、获取将该手机号码登记为寄件人或收件人联系方式的相应包裹的物流状态信息，并将查询结果整合后统一展示于您在菜鸟裹裹的查件页面,其他通用信息,
如果您的默认地址中的手机号码或关联的手机号码并非您本人所有，您应当保证您已获得该手机号码合法使用人的充分授权,其他通用信息,用户可以进行的操作
如果您的包裹被放置于与我们进行合作的末端站点或智能柜，我们会向以上默认手机号码推送取件提醒信息，以方便您及时领取包裹,第一方收集_使用,对数据的使用
如以上手机号码非您本人所有且您未获得充分授权，您需要承担所有法律责任，且我们有权立即终止向您提供服务,其他通用信息,
您可以随时在菜鸟裹裹的设置页面更换绑定的手机号码，或者解除关联手机号码，我们将停止为您提供与已更换绑定或解除关联的手机号码相关的服务,用户访问_编辑_删除的方法,用户可以进行的操作
1.4当您使用“一键查全网包裹”功能时，您即授权我们向待查包裹的实际承运物流公司查询、获取相应包裹的物流状态信息,第一方收集_使用,何时采集
我们会收集您在搜索栏输入的运单号码信息，并将查询结果整合后统一展示于您在菜鸟裹裹的查件页面,第一方收集_使用,对数据的使用
"==========
1.5当您在菜鸟裹裹上关联登录其他电商平台时（如京东、聚美优品、苏宁易购、蘑菇街、唯品会、网易考拉等），您即授权我们通过您在这些电商平台的登录状态，在您的登录账户各页面获取与您包裹相关的信息，包括但不限于：发件人、收件人、包裹信息、联系方式、物流状态信息等，并将查询结果整合后统一展示于您在菜鸟裹裹的查件页面",第一方收集_使用,何时采集
您在菜鸟裹裹上关联登录其他电商平台时，我们不会识别或保存您的登录账号和密码,第一方收集_使用,何时采集
本功能属于附加功能，如您不需要这项服务，您可以在菜鸟裹裹内随时关闭这项授权，同时菜鸟裹裹将停止向您已取消关联的电商平台获取相关信息,用户访问_编辑_删除的方法,用户可以进行的操作
1.6当您在寄件服务中新建寄件人或收件人地址时，如果您点击“通讯录”标志，我们将读取并向您展示您 **手机通讯录中的联系人姓名及对应的电话号码**，用于协助您快速输入寄件人或收件人的姓名和电话号码,第一方收集_使用,何时采集
如果您点击“定位”标志，我们将收集您的 **地理位置信息**，用于协助您智能填写寄件人或收件人地址,第一方收集_使用,何时采集
本功能属于附加功能，以上有粗体下划线标志的信息属于 **敏感信息**，如您不愿意提供该信息，请谨慎操作，勿要点击相关标志,其他通用信息,
拒绝提供该信息仅会使您无法使用菜鸟裹裹的快速智能输入寄件人或收件人信息功能，但不影响您正常使用菜鸟裹裹的其他功能,第一方收集_使用,用户选择所造成的影响
1.7当您使用寄件功能时，我们会储存您在菜鸟裹裹的寄件记录，以便您随时查询,第一方收集_使用,何时采集
1.8当您使用菜鸟裹裹的取件提醒服务时，我们会收集您的 **地理位置信息**，如果您的包裹被放置于与我们进行合作的末端站点或智能柜，我们会判断您与末端站点或者智能柜之间的距离，并在您接近末端站点或者智能柜时向您发出取件提醒,第一方收集_使用,何时采集
本功能属于附加功能，以上有粗体下划线标志的信息属于**敏感信息** ，拒绝提供该信息仅会使您无法使用菜鸟裹裹的取件提醒功能，但不影响您正常使用菜鸟裹裹的其他功能,其他通用信息,
1.9为了支持实名寄件的场景，您可在“菜鸟裹裹-我”申请开通阿里实人通行证认证服务，阿里实人通行证服务由浙江淘宝网络有限公司和淘宝中国（软件）有限公司为您提供，并与您签署《阿里实人通行证授权协议》,用户访问_编辑_删除的方法,用户可以进行的操作
当您开通此项功能时，阿里实人通行证的服务商将读取您的**面部识别信息**,第一方收集_使用,何时采集
本功能属于附加功能，以上有粗体下划线标志的信息属于 **敏感信息**，拒绝提供该信息仅会使您无法使用阿里实人通行证功能，但不影响您正常使用菜鸟裹裹的其他功能,其他通用信息,
"==========
**2\. Cookie 和同类技术**
2.1 为确保网站正常运转、为您获得更轻松的访问体验、向您推荐您可能感兴趣的内容，我们会在您的计算机或移动设备上存储Cookie、Flash
Cookie或浏览器或关联应用程序提供的其他通常包含标识符、站点名称以及一些号码和字符的本地存储（统称“Cookie”）",第一方收集_使用,使用的目的
"借助于
Cookie，网站能够存储您的偏好等数据",第一方收集_使用,采集的个人信息类型
如果您的浏览器或浏览器附加服务允许，您可修改对Cookie的接受程度或拒绝我们的Cookie,用户访问_编辑_删除的方法,用户可以进行的操作
有关详情，请参见AboutCookies.org,其他通用信息,
2.2除Cookie外，我们还会在网站上使用网站信标、像素标签、ETag等其他同类技术,其他通用信息,
例如，我们向您发送的电子邮件可能含有链接至我们网站内容的地址链接，如果您点击该链接，我们则会跟踪此次点击，帮助我们了解您的产品或服务偏好以便于我们主动改善客户服务体验,第一方收集_使用,是否有交互
网站信标通常是一种嵌入到网站或电子邮件中的透明图像,其他通用信息,
借助于电子邮件中的像素标签，我们能够获知电子邮件是否被打开,第一方收集_使用,采集的渠道
如果您不希望自己的活动以这种方式被追踪，则可以随时从我们的寄信名单中退订,用户访问_编辑_删除的方法,用户可以进行的操作
ETag（实体标签）是在互联网浏览器与互联网服务器之间背后传送的HTTP协议标头，可代替Cookie,其他通用信息,
ETag可以帮助我们避免不必要的服务器负载，提高服务效率，节省资源、能源，同时，我们可能通过ETag来记录您的身份，以便我们可以更深入地了解和改善我们的产品或服务,其他通用信息,
大多数浏览器均为用户提供了清除浏览器缓存数据的功能，您可以在浏览器设置功能中进行相应的数据清除操作,用户访问_编辑_删除的方法,用户可以进行的操作
但请注意，如果停用ETag，您可能无法享受相对更佳的产品或服务体验,用户访问_编辑_删除的方法,操作对用户造成的影响
"==========
**3\. 信息的存储**
3.1我们会按照法律法规规定，将收集的用户个人信息存储于中国境内，且不会将有关个人信息向境外提供，除非我们已向您明确告知出境的目的、接收方、安全保障措施、安全风险等情况并获得您的同意",数据安全,跨境传输
3.2我们仅会在为达成本指引所述目的所需期限内保留您的个人信息 **，除非法律有强制的存留要求,数据安全,数据存储期限
"**
3.3当我们的产品或服务发生停止运营的情形时，我们将至少提前15日以推送通知、公告等形式通知您，并在合理的期限内删除您的个人信息或进行匿名化处理",第一方收集_使用,对数据的使用
"==========
**4.** **信息安全**
4.1我们已采取符合业界标准、合理可行的安全防护措施保护您的信息，防止个人信息遭到未经授权访问、公开披露、使用、修改、损坏或丢失",数据安全,安全措施
"例如，在您的浏览器与服务器之间交换数据时受
SSL协议加密保护",数据安全,安全措施
我们同时对菜鸟裹裹APP提供HTTPS协议安全浏览方式,数据安全,安全措施
我们会使用加密技术提高个人信息的安全性,数据安全,安全措施
我们会使用受信赖的保护机制防止个人信息遭到恶意攻击,数据安全,安全措施
我们会部署访问控制机制，尽力确保只有授权人员才可访问个人信息,数据安全,安全措施
以及我们会举办安全和隐私保护培训课程，加强员工对于保护个人信息重要性的认识,数据安全,安全措施
4.2我们有行业先进的以数据为核心、围绕数据生命周期进行的数据安全管理体系，从组织建设、制度设计、人员管理、产品技术等方面多维度提升整个系统的安全性,数据安全,安全措施
目前，我们的重要信息系统已经通过网络安全等级保护的测评和ISO27001等认证,数据安全,安全措施
4.3我们会采取合理可行的措施，尽力避免收集无关的个人信息,数据安全,安全措施
**我们只会在达成本指引所述目的所需的期限内保留您的个人信息，除非法律有强制的存留要求,数据安全,数据存储期限
"**
4.4互联网并非绝对安全的环境，使用菜鸟裹裹服务时， **我们强烈建议您不要使用非菜鸟裹裹推荐的通信方式发送您的信息",数据安全,安全措施
"**
您可以通过我们的服务建立联系和相互分享",数据安全,安全措施
当您通过我们的服务创建交流、交易或分享时，您可以自主选择沟通、交易或分享的对象，作为能够看到您的包裹内容、联络方式、交流信息或分享内容等相关信息的第三方,与第三方共享_转让_公开,何时与第三方共享
在使用菜鸟裹裹进行寄件操作时，您不可避免地要向合作快递物流服务商或潜在的快递物流服务商披露自己的个人信息，如联络方式或联系地址,数据安全,安全措施
请您妥善保护自己的个人信息，仅在必要的情形下向他人提供,数据安全,安全措施
如您发现自己的个人信息尤其是您的账户或密码发生泄露，请您立即联络菜鸟客服，以便我们根据您的申请采取相应措施,数据安全,安全措施
请注意，您在使用我们服务时自愿共享甚至公开分享的信息，可能会涉及您或他人的个人信息甚至个人敏感信息，如您在评价时选择上传包含个人信息的图片,数据安全,安全措施
请您更加谨慎地考虑，是否在使用我们的服务时共享甚至公开分享相关信息,数据安全,安全措施
请使用复杂密码，协助我们保证您的账号安全,数据安全,安全措施
我们将尽力保障您发送给我们的任何信息的安全性,数据安全,安全措施
如果我们的物理、技术或管理防护设施遭到破坏，导致信息被非授权访问、公开披露、篡改或毁坏，导致您的合法权益受损，我们将承担相应的法律责任,数据安全,安全措施
4.5我们将不定期更新并公开安全风险、个人信息安全影响评估报告等有关内容，您可通过菜鸟裹裹公告方式获得,数据安全,安全措施
4.6在获悉发生个人信息安全事件后，我们将按照法律法规的要求向您告知：安全事件的基本情况和可能的影响、我们已采取或将要采取的处置措施、您可自主防范和降低风险的建议、对您的补救措施等,数据安全,发生安全事故的处理方式
事件相关情况我们将以邮件、信函、电话、推送通知等方式告知您，难以逐一告知个人信息主体时，我们会采取合理、有效的方式发布公告,数据安全,发生安全事故的处理方式
同时，我们还将按照监管部门要求，上报个人信息安全事件的处置情况,数据安全,发生安全事故的处理方式
"==========
**5\. 我们如何使用信息**
5.1为了确保服务的安全，帮助我们更好地了解我们应用程序的运行情况，我们可能记录相关信息，例如，您使用应用程序的频率、时长、崩溃数据、总体使用情况、性能数据以及应用程序的来源",第一方收集_使用,使用的目的
我们不会将我们存储在分析软件中的信息与您在应用程序中提供的任何个人身份信息相结合,其他通用信息,
5.2我们可能会在裹裹产品或服务内向您推送营销信息，但除非得到您的许可，否则我们不会为了定向推送的目的而使用您的个人信息,第一方收集_使用,对数据的使用
如果将来我们要使用您的个人信息用于定向推送目的的，我们会向您详细说明定向推送的业务场景和范围、用户识别定向推送活动的方法、以及用户退出定向推送模式的实现方式,第一方收集_使用,对数据的使用
5.3如我们使用您的个人信息，超出了本隐私保护指引明示的范围或收集时声称的范围，我们将在使用您的个人信息前，再次向您告知并征得您的明示同意,第一方收集_使用,是否有交互
征得同意的方式包括但不限于：修订本隐私保护指引或者单独告知新增的使用目的，并在用户使用产品或服务前的必要环节向用户展示，由用户自主做出是否同意的决定,其他通用信息,
"==========
**6\. 对外提供信息**
6.1为了协同各种物流资源，向您提供满意的物流服务，包括但不限于寄件、查件、派件服务等，我们可能会把您的物流订单相关信息（如收件人姓名、地址、手机号码、包裹信息等）提供给合作物流服务商（包括但不限于快递公司、仓储公司、干线运输公司、配送公司、末端站点、智能柜公司等），以便于他们为您提供相应的物流服务",与第三方共享_转让_公开,与第三方共享的个人信息类型
这类信息是提供物流服务所必须的，您使用菜鸟裹裹，即意味着您授权我们向合作物流服务商提供这些信息,与第三方共享_转让_公开,用户的选择
若您拒绝授权，请您停止使用菜鸟裹裹服务,用户访问_编辑_删除的方法,用户可以进行的操作
我们会要求接收相关个人信息的合作物流服务商按照法律法规及不低于本指引所要求的标准保护您的个人信息,与第三方共享_转让_公开,对于第三方的约束
"6.2我们仅会在以下情况下，公开披露您的个人信息：
（1）获得您明确同意或基于您的主动选择，我们可能会公开披露您的个人信息",与第三方共享_转让_公开,何时与第三方共享
（2）如果我们确定您有违反法律法规或严重违反菜鸟平台相关协议及规则的情形，或为保护菜鸟平台用户或公众的人身财产安全免遭侵害，我们可能依据法律法规或征得您同意的情况下披露关于您的个人信息，包括相关违规行为以及菜鸟平台已对您采取的措施,与第三方共享_转让_公开,何时与第三方共享
"6.3 在以下特殊情形下，我们将采取必要方式使用、处理、共享、转让或对外公开披露您的个人信息，而无需征得您的同意：
（1）您的个人信息与国家安全、国防安全直接相关的",其他通用信息,
（2）您的个人信息与公共安全、公共卫生、重大公共利益直接相关的,其他通用信息,
（3）您的个人信息与犯罪侦查、起诉、审判和判决执行等直接相关的,其他通用信息,
（4）出于维护您或其他个人的生命、财产等重大合法权益但又很难取得您本人同意的,其他通用信息,
（5）所收集的您的个人信息是您自行向社会公众公开的,其他通用信息,
（6）其他法律法规等规定的情形,其他通用信息,
6.4除此之外，我们不会主动共享、转让或对外公开披露您的个人信息，如存在其他共享、转让或披露您的个人信息情形时，我们会向您明确告知所涉及个人信息的目的、类型以及披露对象等，并征得您的明示同意,与第三方共享_转让_公开,是否有交互
如果涉及个人敏感信息的，我们还会告知您所涉及的敏感信息的具体内容和所采取的安全措施,数据安全,安全措施
6.5随着我们业务的持续发展，我们有可能进行合并、收购、资产转让等交易，我们将告知您相关情形，并按照法律法规及不低于本指引所要求的标准继续保护或要求新的控制者继续保护您的个人信息,与第三方共享_转让_公开,何时与第三方共享
如果因此而导致我们当初收集的您的个人信息使用目的发生变更的，我们或/及新的控制者将重新征求您的明示同意,与第三方共享_转让_公开,是否有交互
"==========
**7\. 您的权利**
7.1信息查询：您可以在“首页”查询您导入包裹的记录，并可以随时删除相关信息",用户访问_编辑_删除的方法,用户可以进行的操作
您可以在“我-导入包裹”中更新您已绑定的手机号码，或关联更多亲友的手机号码,用户访问_编辑_删除的方法,操作的途径
您可以在“我-订单中心”中查询您的寄件记录，也可以在“我-我的地址簿”中新建、编辑和删除您的常用地址簿,用户访问_编辑_删除的方法,操作的途径
7.2信息更正：当您发现我们处理的关于您的信息有错误时，您可以直接在菜鸟裹裹上进行修改，也有权要求我们做出更正,用户访问_编辑_删除的方法,用户可以进行的操作
您可以通过“7.6响应您的请求”中列明的方式提出更正申请,用户访问_编辑_删除的方法,操作的途径
7.3信息删除：您可以直接在菜鸟裹裹中删除查件记录、寄件记录、关联的手机号码、常用地址等信息,用户访问_编辑_删除的方法,用户可以进行的操作
"在以下情形中，您可以向我们提出删除个人信息的请求：
（1）如果我们处理个人信息的行为违反法律法规",用户访问_编辑_删除的方法,用户可以进行的操作
（2）如果我们收集、使用您的个人信息，却未征得您的明确同意,其他通用信息,
（3）如果我们处理个人信息的行为严重违反了与您的约定,其他通用信息,
（4）如果您不再使用我们的产品或服务，或您主动注销了登录菜鸟裹裹所使用的账号,其他通用信息,
（5）如果我们永久不再为您提供产品或服务,其他通用信息,
若我们决定响应您的删除请求，我们还将同时尽可能通知从我们处获得您的个人信息的主体，要求其及时删除，除非法律法规另有规定，或这些主体获得您的独立授权,用户访问_编辑_删除的方法,供应商动作
当您从我们的服务中删除信息后，我们可能不会立即从备份系统中删除相应的信息，但会根据适用的法律在备份更新时删除这些信息,用户访问_编辑_删除的方法,供应商动作
"7.4撤回同意：您可以在“我-设置-
隐私”中自主设置，开通或撤回对获取通讯录、实时地理位置、相机功能等授权的同意",用户访问_编辑_删除的方法,操作的途径
请您理解，每个业务功能需要一些基本的个人信息才能得以完成，当您撤回同意或授权后，我们将无法继续为您提供撤回同意或授权所对应的服务，也不再处理您相应的个人信息,用户访问_编辑_删除的方法,操作对用户造成的影响
但您撤回同意的决定，不会影响此前基于您的授权而开展的个人信息处理,用户访问_编辑_删除的方法,操作对用户造成的影响
7.5账户注销：因为您登录菜鸟裹裹的账户与淘宝官网是相同的，如果您希望注销菜鸟裹裹账户，您可以通过在淘宝网（<https://www.taobao.com/>）中直接申请注销账户,用户访问_编辑_删除的方法,用户可以进行的操作
您注销账户后，我们将停止为您提供产品与/或服务,用户访问_编辑_删除的方法,供应商动作
"7.6响应您的请求：为保障您的信息安全，您需要提供书面请求并发送至cn-
provision@service.cainiao.com",用户访问_编辑_删除的方法,用户可以进行的操作
我们可能会先要求您验证自己的身份，然后再处理您的请求，并在三十个工作日内做出答复,用户访问_编辑_删除的方法,供应商动作
"在以下情形中，按照法律法规要求，我们将无法响应您的请求：
（1）与国家安全、国防安全有关的",其他通用信息,
（2）与公共安全、公共卫生、重大公共利益有关的,其他通用信息,
（3）与犯罪侦查、起诉、审判和执行判决等有关的,其他通用信息,
（4）有充分证据表明个人信息主体存在主观恶意或滥用权利的,其他通用信息,
（5）响应您的请求将导致您或其他个人、组织的合法权益受到严重损害的,其他通用信息,
（6）涉及商业秘密的,其他通用信息,
"==========
**8\. 未成年人保护**
我们非常重视对未成年人个人信息的保护",面向特定人群用户条款,群体类型
根据相关法律法规的规定，若您是未满18周岁的未成年人，在使用菜鸟裹裹服务前，应事先取得您的家长或法定监护人的书面同意,面向特定人群用户条款,群体类型
若您是未成年人的监护人，当您对您所监护的未成年人的个人信息有相关疑问时，请通过第10条中的联系方式与我们联系,面向特定人群用户条款,群体类型
"==========
**9\. 本指引的修订**
我们可能会适时对本隐私保护指引进行修订",条款更改,更改原因
当本指引的条款发生变更时，我们会在您登录及版本更新时以推送通知、弹窗的形式向您展示变更后的指引,条款更改,告知方式
只有在您点击同意按钮后，我们才会按照更新后的指引收集、使用、存储您的个人信息,条款更改,用户选择
"==========
**10\. 联系我们**
当您有其他的投诉、建议、未成年人个人信息等相关问题时，您可以将您的问题发送至cn-provision@service.cainiao.com",其他通用信息,
我们将尽快审核所涉问题，并在验证您的用户身份后的三十个工作日内予以回复,其他通用信息,
