"aCZmNB.7U0zbRJjuAdbM13CVu8O0-0548_com_game_cfquickhidenew_huawei.txt





Apkid:com.game.cfquickhidenew.huawei
==========
# 赛诺斯隐私政策
赛诺斯重视用户的隐私",其他通用信息,
您在使用赛诺斯的服务时，赛诺斯可能会收集和使用您的相关信息,其他通用信息,
赛诺斯希望通过本《隐私政策》向您说明，在使用赛诺斯的服务时，赛诺斯如何收集、使用、分享、转让和公开披露这些信息，以及赛诺斯为您提供的访问、更新、控制和保护这些信息的方式,其他通用信息,
本《隐私政策》与您所使用的赛诺斯服务息息相关，希望您在使用赛诺斯的服务前仔细阅读并确认您已经充分理解本《隐私政策》所写明的内容,其他通用信息,
在需要时，按照本《隐私政策》的指引，做出您认为适当的选择,其他通用信息,
如果您未满18周岁，请在法定监护人的陪同下阅读本《隐私政策》,面向特定人群用户条款,群体类型
如您为未成年人的法定监护人，请特别注意第十一条,面向特定人群用户条款,群体类型
如果您对本《隐私政策》或您个人信息的相关事宜有任何问题、意见或建议，可与赛诺斯客户服务部门联系，赛诺斯会给予您必要的帮助,其他通用信息,
一旦您安装、使用、注册或以其他方式访问赛诺斯的服务，那就意味着您已经接受本《隐私政策》，并且在知情的基础上明确同意赛诺斯按本《隐私政策》的规定收集、使用、分享、转让和公开披露您的个人信息,其他通用信息,
"==========
一、赛诺斯可能收集、使用、分享、转让和公开披露的您的个人信息
赛诺斯提供服务时，可能会收集、使用、分享、转让和公开披露下列与您有关的信息",与第三方共享_转让_公开,何时与第三方共享
如果您不提供相关信息，可能无法注册成为赛诺斯的用户或无法享受赛诺斯提供的某些服务，或者无法达到相关服务拟达到的效果,第一方收集_使用,用户选择所造成的影响
"1.1您提供的信息：  
指您在如下情形下提供的信息，如姓名、昵称、性别、身份证号码、照片、出生日期、电子邮箱、电话号码、银行卡号、住址、邮政编码、职业、所在行业和个人兴趣等：  
1.1.1您在注册赛诺斯账户，使用赛诺斯的产品或服务（如购买赛诺斯的产品或服务、使用赛诺斯的客户服务），访问赛诺斯网页，或参加赛诺斯的促销和有奖游戏时，向赛诺斯提供的信息",第一方收集_使用,采集的个人信息类型
1.1.2您通过下载、更新、操作赛诺斯的移动应用而向赛诺斯提供的信息,第一方收集_使用,何时采集
1.1.3您通过参加赛诺斯的线上或线下比赛而向赛诺斯提供的信息,第一方收集_使用,何时采集
1.1.4您通过微博、微信等社交媒体与赛诺斯互动而向赛诺斯提供的信息,第一方收集_使用,何时采集
1.1.5您通过赛诺斯的服务向其他方提供的共享信息,第一方收集_使用,何时采集
1.1.6其他您向赛诺斯提供的信息,第一方收集_使用,何时采集
"1.2其他方分享的您的信息：  
1.2.1其他方使用赛诺斯的服务时所提供有关您的共享信息",第一方收集_使用,何时采集
"1.3赛诺斯获取的您的信息：  
您使用赛诺斯的服务时赛诺斯可能收集如下信息：  
1.3.1日志信息  
指您使用赛诺斯的服务时，系统可能自动采集的技术信息，包括：  
您使用赛诺斯的服务而使用的设备或软件的信息，例如您的移动设备的品牌、型号、版本、配置（存储内存等信息）、设备识别码、平台、语言、IP地址等",第一方收集_使用,何时采集
您使用赛诺斯服务时搜索或浏览的信息，例如您使用的网页搜索词语、访问的社交媒体页面url地址，以及您在使用赛诺斯服务时浏览或要求提供的其他信息和内容详情,第一方收集_使用,何时采集
在不违反相关法律规定的情况下，有关您曾使用的移动应用（APP）和其他软件的信息，以及您曾经使用该等移动应用和软件的信息,第一方收集_使用,何时采集
您通过赛诺斯的服务进行通讯的信息，例如曾通讯的账号，以及通讯时间、数据和时长,第一方收集_使用,何时采集
您通过赛诺斯的服务分享的内容所包含的信息（元数据），例如拍摄或上传的共享照片或录像的日期、时间或地点等,第一方收集_使用,何时采集
"1.3.2位置信息  
指您开启设备定位功能并使用赛诺斯基于位置提供的相关服务时，收集的有关您位置的信息，包括：您通过具有定位功能的移动设备使用赛诺斯的服务时，通过GPS或WiFi等方式收集的您的地理位置信息",第一方收集_使用,何时采集
"1.3.3赛诺斯通过第三方获取的您的信息  
指您通过第三方购买赛诺斯的服务或通过第三方账号使用赛诺斯的服务时，赛诺斯向第三方获取的您的信息，包括：  
（1）您通过苹果应用商店、各大安卓应用商店购买赛诺斯的服务时，赛诺斯从该等应用商店获取的您的信息",第一方收集_使用,采集的渠道
（2）您通过社交软件（如微博、微信）账号或各手机品牌用户账号登陆使用赛诺斯的服务时，赛诺斯通过您登陆的上述账号收集的您的基本信息，如您的用户名、头像、年龄、同时使用赛诺斯服务的好友列表（以便您与您的朋友进行互动）等信息,第一方收集_使用,何时采集
"==========
二、赛诺斯可能采用的收集您的个人信息的技术  
2.1.1
Cookies可以帮助网站或应用的提供商辨认注册用户，计算用户数量，通常被各网站或应用的提供商用来判定完成注册的用户是否已经实现登录",其他通用信息,
赛诺斯会在您的计算机或移动设备上发送一个或多个名为Cookies的小数据文件，其通常包含标识符、站点名称以及一些号码和字符,第一方收集_使用,是否有交互
指定给您的Cookies是唯一的，它只能被将Cookies发布给您的域中的web服务器读取,其他通用信息,
2.1.2 Web beacon是可以暗藏在任何网页元素或邮件内的1*1像素大小的GIF或PNG图片，可以识别某些种类的有关访问者计算机的信息，例如访问者的 Cookies 编号、查看页面的时间和日期以及对 Web beacon 所在页面的描述,其他通用信息,
"2.2赛诺斯使用自己的Cookies和Web beacon，目的是为您提供更个性化的用户体验和服务，并用于以下用途：  
2.2.1记住您的身份",第一方收集_使用,对数据的使用
例如：Cookies和Web beacon有助于赛诺斯辨认您作为赛诺斯的注册用户的身份，或保存您向赛诺斯提供的有关您的喜好或其他信息，简化您重复登录的步骤、存储您的消费数据等进而为您提供偏好设置,第一方收集_使用,对数据的使用
2.2.2分析您使用赛诺斯服务的情况,第一方收集_使用,对数据的使用
例如，赛诺斯可利用Cookies和Web beacon来了解您使用赛诺斯的服务进行什么活动，或哪些网页或服务最受您的欢迎,第一方收集_使用,对数据的使用
2.2.3广告优化,第一方收集_使用,对数据的使用
Cookies和Web beacon有助于赛诺斯根据您的信息，向您提供与您相关的广告而非进行普遍的广告投放，进而帮助您优化对广告的选择与互动,第一方收集_使用,对数据的使用
2.2.4赛诺斯为上述目的使用Cookies和Web beacon的同时，可能将通过Cookies和Web beacon收集的非个人身份信息，经统计加工后提供给广告商或其他合作伙伴，用于分析用户如何使用赛诺斯的服务，并用于广告服务,第一方收集_使用,对数据的使用
2.3赛诺斯的产品和服务上可能会有广告商或其他合作方放置的Cookies和Web beacon,第一方收集_使用,对数据的使用
这些Cookies和Web beacon可能会收集与您相关的非个人身份信息，以用于分析用户如何使用该等服务、向您发送您可能感兴趣的广告，或用于评估广告服务的效果,第一方收集_使用,对数据的使用
这些第三方Cookies和Web beacon收集和使用该等信息，不受本《隐私政策》约束，而是受该等第三方的隐私政策约束，赛诺斯不对第三方的Cookies或Web beacon承担责任,第一方收集_使用,对数据的使用
2.4赛诺斯不会将Cookies用于本隐私政策所述目的之外的任何用途,第一方收集_使用,对数据的使用
您可以通过自己的偏好设置拒绝或管理Cookies或Web beacon,用户访问_编辑_删除的方法,用户可以进行的操作
您可以清除计算机上保存的所有Cookies，大部分网络浏览器会自动接受Cookies，但您通常可根据自己的需要来修改浏览器的设置以拒绝Cookies,用户访问_编辑_删除的方法,用户可以进行的操作
另外，您也可以清除软件内保存的所有Cookies,用户访问_编辑_删除的方法,用户可以进行的操作
但如果您这么做，您可能需要在每一次访问赛诺斯网站或应用时亲自更改用户设置，而且您之前所记录的相应信息也均会被删除，您有可能无法享受最佳的服务体验，某些服务也可能无法正常使用，或可能会对您所使用服务的安全性有一定影响,用户访问_编辑_删除的方法,操作对用户造成的影响
同时，您还会收到同样数量的广告，但这些广告与您的相关性会降低,用户访问_编辑_删除的方法,操作对用户造成的影响
"==========
三、赛诺斯可能如何使用您个人的信息  
3.1赛诺斯可能将在向您提供服务的过程之中所收集的信息用作下列用途：  
3.1.1向您提供服务",第一方收集_使用,对数据的使用
3.1.2在赛诺斯提供服务时，用于身份验证、客户服务、安全防范、诈骗监测、存档和备份，确保赛诺斯向您提供的产品和服务的安全性,第一方收集_使用,对数据的使用
3.1.3帮助赛诺斯设计新服务，改善赛诺斯现有服务,第一方收集_使用,对数据的使用
3.1.4使赛诺斯更加了解您如何接入和使用赛诺斯的服务，从而针对性地回应您的个性化需求，例如语言设定、个性化的帮助服务和指示，或对您和其他用户作出其他方面的回应,第一方收集_使用,对数据的使用
3.1.5向您提供与您相关度更高的广告以替代普遍投放的广告（具体见本《隐私政策》第九条）,第一方收集_使用,对数据的使用
3.1.6 对您使用赛诺斯服务的情况进行统计，以展示赛诺斯服务的整体使用趋势，但这些统计信息不包含您的任何身份识别信息,第一方收集_使用,对数据的使用
3.1.7评估赛诺斯服务中的广告和其他促销及推广活动的效果，并加以改善,第一方收集_使用,对数据的使用
3.1.8软件认证或管理软件升级,第一方收集_使用,对数据的使用
3.1.9邀请您参与有关赛诺斯产品和服务的调查,第一方收集_使用,对数据的使用
3.2为了让您获得更好的体验、改善赛诺斯的服务或您同意的其他用途，在符合相关法律法规的前提下，赛诺斯可能将通过某一项服务所收集的信息，以汇集信息或者个性化的方式，用于赛诺斯的其他服务,第一方收集_使用,对数据的使用
例如，在您使用赛诺斯的一项服务时所收集的信息，可能在另一服务中用于向您提供特定内容，或向您展示与您相关的、非普遍推送的信息,第一方收集_使用,对数据的使用
如果赛诺斯在相关服务中提供了相应选项，您也可以授权赛诺斯将该服务中您所提供和储存的信息用于赛诺斯的其他服务,用户访问_编辑_删除的方法,用户可以进行的操作
"==========
四、赛诺斯可能分享、转让、公开披露您的个人信息的情形  
4.1赛诺斯可能分享您的个人信息的情形  
赛诺斯以及赛诺斯的关联公司，可能将您的信息与赛诺斯的关联公司、合作伙伴及第三方服务供应商（包括提供技术服务、系统服务、电信服务、客户服务、风控服务、审计服务、法律服务的机构，例如通讯服务提供商可能代表赛诺斯发出电子邮件或推送通知、地图服务供应商可能为赛诺斯提供定位数据）、承包商及代理分享，但赛诺斯只会分享必要的信息，分享主要用作下列用途：
4.1.1实现上述“第三条”所述目的",与第三方共享_转让_公开,第三方相关实体
4.1.2履行赛诺斯在《赛诺斯用户协议》或本《隐私政策》中的义务和行使赛诺斯的权利,与第三方共享_转让_公开,安全措施
4.1.3如赛诺斯或赛诺斯的关联公司与任何上述第三方分享您的个人信息，赛诺斯将努力确保该等第三方在使用您的个人信息时遵守本《隐私政策》及赛诺斯要求其遵守的其他适当的保密和安全措施,与第三方共享_转让_公开,对于第三方的约束
"4.2赛诺斯可能转让您的个人信息的情形  
随着赛诺斯业务的持续发展，赛诺斯以及赛诺斯的关联公司有可能进行合并、收购、资产转让或类似的交易，您的信息有可能作为此类交易的一部分而被转让",与第三方共享_转让_公开,何时与第三方共享
"但赛诺斯会要求新的持有您信息的公司、组织继续受本《隐私政策》的约束，否则,赛诺斯将要求该公司、组织重新向您征求授权同意",与第三方共享_转让_公开,何时与第三方共享
"4.3赛诺斯可能公开披露您的个人信息的情形  
赛诺斯可能在一些有奖活动中公开披露您的信息，如在公布中奖活动名单时会脱敏展示中奖者手机号或登录名",与第三方共享_转让_公开,何时与第三方共享
"4.4其他赛诺斯可能分享、转让、公开披露您的个人信息的情形  
赛诺斯或赛诺斯的关联公司还可能为以下需要而分享、转让、公开披露您的个人信息：  
4.4.1事先获得您明确的同意或授权的",与第三方共享_转让_公开,何时与第三方共享
4.4.2遵守法院命令或其他法律程序的规定,与第三方共享_转让_公开,何时与第三方共享
4.4.3遵守相关政府机关的要求,与第三方共享_转让_公开,何时与第三方共享
4.4.4为遵守适用的法律法规、维护社会公共利益，或保护赛诺斯的客户、赛诺斯或赛诺斯的集团公司、其他用户或雇员的人身和财产安全或合法权益所合理必需的用途,与第三方共享_转让_公开,何时与第三方共享
4.4.5为合法的新闻报道所必需的,与第三方共享_转让_公开,何时与第三方共享
4.4.6学术研究机构基于公共利益开展统计或学术研究所必要，且对外提供学术研究或描述的结果时，对结果中所包含的个人信息进行去标识化处理的,与第三方共享_转让_公开,何时与第三方共享
4.5除上述情形外，未经您同意，赛诺斯以及赛诺斯的关联公司不会分享、转让或公开披露您的个人信息,与第三方共享_转让_公开,对于第三方的约束
"==========
五、您如何访问和控制自己的个人信息  
5.1赛诺斯将尽一切可能采取适当的技术手段，保证您可以访问、更新和更正自己的注册信息或使用赛诺斯的服务时提供的其他个人信息",用户访问_编辑_删除的方法,供应商动作
在访问、更新和更正前述信息时，赛诺斯可能会要求您进行身份验证，以保障账户安全,用户访问_编辑_删除的方法,供应商动作
"5.2尽管有上述约定，但按照法律法规要求，在以下情形下，赛诺斯可能无法响应您的请求：  
5.2.1与国家安全、国防安全有关的",其他通用信息,
5.2.2与公共安全、公共卫生、重大公共利益有关的,其他通用信息,
5.2.3与犯罪侦查、起诉和审判等有关的,其他通用信息,
5.2.4有充分证据表明您存在主观恶意或滥用权利的,其他通用信息,
5.2.5响应您的请求将导致其他个人、组织的合法权益受到严重损害的,其他通用信息,
"==========
六、信息安全  
6.1赛诺斯仅在本《隐私政策》所述目的所必需的期间和法律法规要求的时限内保留您的个人信息",数据安全,数据存储期限
6.2赛诺斯仅允许有必要知晓这些信息的赛诺斯及赛诺斯关联方的员工、合作伙伴访问您的个人信息，并为此设置了严格的访问权限控制和监控机制,数据安全,安全措施
赛诺斯同时要求可能接触到您个人信息的所有人员履行相应的保密义务,数据安全,安全措施
如果未能履行这些义务，可能会被追究法律责任或被中止与赛诺斯的合作关系,数据安全,安全措施
6.3互联网并非绝对安全的环境，而且电子邮件、即时通讯、社交软件等与其他用户的交流方式无法确定是否完全加密，赛诺斯建议您使用此类工具时请使用复杂密码或不定期修改账号密码，并注意保护您的个人信息安全,数据安全,安全措施
6.4赛诺斯使用各种安全技术和程序，以防您的个人信息的丢失、不当使用、未经授权阅览或披露,数据安全,安全措施
6.4.1赛诺斯在您的浏览器或应用与服务器之间交换数据（如信用卡信息）时启用了SSL协议提供加密保护,数据安全,安全措施
6.4.2赛诺斯还采取了传输层安全协议等加密技术，通过HTTPS等方式提供浏览服务，确保您的数据在传输过程中的安全,数据安全,安全措施
6.4.3第三方将通过HTTPS方式访问赛诺斯分享的API接口，且赛诺斯只提供帐号验证功能，而无法调取您的个人信息，且赛诺斯采用了完善的防SQL注入手段，防止数据库系统受到外界攻击,数据安全,安全措施
6.4.4赛诺斯采取加密技术对您的个人信息进行加密保存，您的密码是经过二次MD5等技术加密处理的，且非明文信息,数据安全,安全措施
6.4.5在某些服务中，赛诺斯还可能通过电话、短信等方式提醒您更改密码,数据安全,安全措施
但请您理解，由于技术的限制以及可能存在的各种恶意手段，在互联网行业，即便竭尽所能加强安全措施，也不可能始终保证信息百分之百的安全,数据安全,安全措施
6.5当出现意外事件、不可抗力等情形导致您的个人信息出现泄漏时，赛诺斯将极力控制局面，及时告知您事件起因、赛诺斯将会采取的安全措施、您可以主动采取的安全措施等相关情况,数据安全,发生安全事故的处理方式
"==========
七、有关您共享您的个人信息的提示  
7.1您使用赛诺斯的服务时，可让您不仅与自己的社交网络，也与使用该服务的所有用户公开分享您的相关信息，例如，您在赛诺斯的服务中所上传或发布的信息（包括您公开的个人信息）、您对其他人上传或发布的信息作出的回应，以及包括与这些信息有关的位置数据和日志信息",与第三方共享_转让_公开,与第三方共享的个人信息类型
使用赛诺斯服务的其他用户也有可能分享与您有关的信息（包括位置数据和日志信息）,其他通用信息,
特别是，赛诺斯的社交媒体服务，是专为使您与世界各地的用户共享信息而设计，您可以使共享信息实时、广泛地传递,其他通用信息,
只要您不删除共享信息，有关信息会一直留存在公共领域,其他通用信息,
即使您删除共享信息，有关信息仍可能由其他用户或不受赛诺斯控制的非关联第三方独立地缓存、复制或储存，或由其他用户或该等第三方在公共领域保存,其他通用信息,
7.2 因此，请您谨慎考虑通过赛诺斯的服务上传、发布和交流的信息内容,其他通用信息,
在一些情况下，您可通过赛诺斯某些服务的隐私设定来控制有权浏览您共享信息的用户范围,用户访问_编辑_删除的方法,用户可以进行的操作
如要求从赛诺斯的服务中删除您的相关信息，请通过该等特别服务条款提供的方式操作,其他通用信息,
"==========
八、有关敏感个人信息的提示  
8.1个人敏感信息是指一旦泄露、非法提供或滥用可能危害人身和财产安全，极易导致个人名誉、身心健康受到损害或歧视性待遇等的个人信息，例如您的财产信息（包括交易记录等信息）、身份信息、种族、宗教、个人健康和医疗信息等",其他通用信息,
相比其他个人信息，敏感个人信息将会受到赛诺斯更加严格的保护,其他通用信息,
8.2请注意，您在使用赛诺斯的服务时所提供、上传或发布的内容和信息（例如有关您社交活动的照片等信息），可能会泄露您的敏感个人信息,其他通用信息,
您需要谨慎地考虑，是否在使用赛诺斯的服务时披露相关敏感个人信息，或者采用遮盖敏感个人信息的方式予以提供、上传或发布,其他通用信息,
8.3 您同意按本《隐私政策》所述的目的和方式来处理您的敏感个人信息,其他通用信息,
"==========
九、广告服务  
9.1赛诺斯可能使用您的相关信息，向您提供与您相关度更高的广告",第一方收集_使用,对数据的使用
"9.2赛诺斯也可能使用您的信息，通过赛诺斯的服务、电子邮件或其他方式向您发送广告营销信息，提供或推广赛诺斯或第三方的如下产品和服务：  
9.2.1赛诺斯、赛诺斯的关联公司和合作伙伴的产品或服务",第一方收集_使用,对数据的使用
9.2.2第三方供应商，以及与下列有关的第三方产品或服务：食物和餐饮、体育、音乐、电影、电视、现场表演及其他艺术和娱乐、书册、杂志和其他刊物、服装和配饰、珠宝、化妆品、个人健康和卫生、电子、收藏品、家用器皿、电器、家居装饰和摆设、宠物、汽车、酒店、交通和旅游、银行、保险及其他金融服务、会员积分和奖励计划，以及赛诺斯认为可能与您相关的其他产品或服务,第三方搜集_使用,第三方相关实体
9.3如您不希望赛诺斯将您的个人信息用作前述广告服务用途，您可以通过赛诺斯在广告中提供的相关提示，或在特定服务中提供的指引，要求赛诺斯停止为上述用途使用您的个人信息,用户访问_编辑_删除的方法,用户可以进行的操作
"==========
十、赛诺斯可能向您发送的邮件和信息  
10.1邮件和信息推送  
您在使用赛诺斯的服务时，赛诺斯可能使用您的信息向您的设备发送电子邮件、新闻或推送通知",用户访问_编辑_删除的方法,供应商动作
如您不希望收到这些信息，可以按照赛诺斯的相关提示，在设备上选择取消订阅,用户访问_编辑_删除的方法,用户可以进行的操作
"10.2与服务有关的公告  
赛诺斯可能在必要时（例如因系统维护而暂停某一项服务时）向您发出与服务有关的公告",用户访问_编辑_删除的方法,供应商动作
您可能无法取消和限制赛诺斯向您发出这些与服务有关且性质不属于推广的公告,其他通用信息,
"==========
十一、未成年人使用赛诺斯的服务  
11.1赛诺斯非常重视对未成年人个人信息的保护，如您是18周岁以下的未成年人的父母或法定监护人，则应监督和管控该未成年人使用赛诺斯服务的行为，该未成年人创建账户应通过您的事先同意",面向特定人群用户条款,群体类型
11.2对于经父母或法定监护人同意而收集未成年人个人信息的情况，赛诺斯只会在受到法律允许、父母或法定监护人明确同意或者保护未成年人所必要的情况下使用或公开披露此信息,面向特定人群用户条款,供应商动作
"11.3
如果未成年人未经父母或法定监护人的同意而使用赛诺斯的服务，该未成年人的父母或监护人有权与赛诺斯取得联系并要求赛诺斯删除该未成年人的个人信息，赛诺斯核实后将立即删除",面向特定人群用户条款,供应商动作
11.4如果赛诺斯发现自己在未事先获得可证实的父母或法定监护人同意的情况下收集了未成年人的个人信息，则会设法尽快删除相关数据,面向特定人群用户条款,供应商动作
"==========
十二、隐私政策的适用范围  
12.1除某些特定服务外，赛诺斯所有的服务均适用本《隐私政策》",用户访问_编辑_删除的方法,供应商动作
特定服务将适用特定的隐私政策，针对某些特定服务的特定隐私政策，赛诺斯将更具体地说明赛诺斯在该等服务中如何使用您的信息,用户访问_编辑_删除的方法,操作对用户造成的影响
该特定服务的隐私政策构成本《隐私政策》的一部分,用户访问_编辑_删除的方法,用户可以进行的操作
如相关特定服务的隐私政策与本《隐私政策》有不一致之处，适用该特定服务的隐私政策,用户访问_编辑_删除的方法,操作对用户造成的影响
12.2除本《隐私政策》另有规定外，本《隐私条款》所用词语将与《赛诺斯用户协议》所定义的词语具有相同的涵义,用户访问_编辑_删除的方法,供应商动作
"==========
十三、隐私政策的适用例外  
13.1赛诺斯的服务可能包括或链接至第三方提供的社交媒体或其他服务（包括网站）",其他通用信息,
例如：赛诺斯通过广告或赛诺斯服务的其他方式向您提供链接，使您可以接入第三方的服务或网站,其他通用信息,
13.2该等第三方社交媒体或其他服务可能由相关的第三方运营，可能有其自身的隐私政策以及获取您的个人信息的方法和措施，并且这些第三方的隐私政策、获取您的个人信息的方式和措施将不会受到赛诺斯的控制,其他通用信息,
您使用该等第三方的社交媒体服务或其他服务（包括您向该等第三方提供的任何个人信息），须受该第三方的服务条款及隐私政策（而非赛诺斯《赛诺斯服务使用协议》或本《隐私政策》）约束，您需要仔细阅读其条款,其他通用信息,
本《隐私政策》仅适用于赛诺斯所收集的信息，并不适用于任何第三方提供的服务或第三方的信息使用规则，赛诺斯对任何第三方使用由您提供的信息不承担任何责任,其他通用信息,
"==========
十四、变更  
赛诺斯可能适时修订本《隐私政策》的条款，该等修订构成本《隐私政策》的一部分",条款更改,更改原因
如该等修订造成您在本《隐私政策》下权利的实质减少，赛诺斯将在修订生效前通过在主页或应用的显著位置提示或向您发送电子邮件或以其他方式通知您,条款更改,告知方式
在该种情况下，若您继续使用赛诺斯的服务，即表示同意受经修订的本《隐私政策》的约束,条款更改,用户选择
"==========
十五、联系赛诺斯  
客服电话：4006008066，邮箱：kefu@cyngame.com ，通讯地址：北京市东城区安德路12号中景濠庭东座705室，邮编：100010",其他通用信息,
"==========
十六、争议解决  
本《隐私政策》的成立、生效、履行、解释及纠纷解决均受到中华人民共和国大陆地区法律（不包含冲突法）管辖",其他通用信息,
当您因为本《隐私政策》的实施与赛诺斯产生任何纠纷时，双方应首先协商友好解决,其他通用信息,
若不能协商解决，双方一致同意向法院提起诉讼,其他通用信息,
==========,其他通用信息,
"1.1您提供的信息：  
指您在如下情形下提供的信息，如姓名、昵称、性别、身份证号码、照片、出生日期、电子邮箱、电话号码、银行卡号、住址、邮政编码、职业、所在行业和个人兴趣等：  
1.1.1您在注册赛诺斯账户，使用赛诺斯的产品或服务（如购买赛诺斯的产品或服务、使用赛诺斯的客户服务），访问赛诺斯网页，或参加赛诺斯的促销和有奖游戏时，向赛诺斯提供的信息",第一方收集_使用,何时采集
,,
,,
,,
,,
,,
,,
,,
,,
,,
,,
,,
,,
,,
,,
,,
,,
,,
,,
,,
,,
,,
,,
,,
,,
,,
,,
,,
,,
,,
,,
,,
