"auitBSplxHEqSFcE6.C33CRju.98-0549_com_douguo_recipe.txt





Apkid:com.douguo.recipe
==========
用户协议与隐私条款
==========
1\. 豆果美食使用协议的接受
通过访问和/或使用本网站，你表示同意接受本协议的所有条件和条款",其他通用信息,
如果你不愿接受本协议的全部条件和条款，请你不要访问或使用本网站,其他通用信息,
"==========
2\. 本协议的变更和修改
豆果美食有权随时对本协议进行修改，并且一旦发生协议条款的变动，豆果美食将在相关页面上采取站内信、弹窗等方式提示修改的内容",条款更改,告知方式
用户如果不同意本协议的修改，可以放弃使用或访问本网站或取消已经获得的服务,条款更改,用户选择
如果用户选择在本协议变更后继续访问或使用本网站，则视为用户已经接受本协议的修改,条款更改,用户选择
"==========
3\. 服务说明
  * 3.1 豆果美食是一个向广大用户提供上传空间和技术的服务平台，本身不直接上传内容",其他通用信息,
* 3.2 豆果美食运用自己的系统通过互联网向用户提供服务，除非另有明确规定，增强或强化目前服务的任何新功能，包括新产品以及新增加的服务，均无条件地适用本协议,其他通用信息,
* 3.3 豆果美食对网站服务不承担任何责任，公司不保证服务一定会满足用户的使用要求，也不保证服务不会被中断，对服务的及时性、安全性、准确性也不作担保,其他通用信息,
"==========
4\. 用户行为
  * 4.1 用户账号、密码和安全
用户一旦注册成功，便成为豆果美食的合法用户，将得到一个密码和账号",数据安全,安全措施
用户应采取合理措施维护其密码和账号的安全,数据安全,安全措施
用户对利用该密码和账号所进行的一切活动负全部责任,其他通用信息,
由该等活动所导致的任何损失或损害由用户承担，豆果美食不承担任何责任,其他通用信息,
用户的密码和账号遭到未授权的使用或发生其他任何安全问题，用户可以立即通知豆果美食，并且用户在每次连线结束，应结束账号使用，否则用户可能得不到豆果美食公司的安全保护,数据安全,安全措施
对于用户长时间未使用的账号，豆果美食有权予以关闭,用户访问_编辑_删除的方法,供应商动作
"* 4.2 用户应遵守以下法律及法规
用户同意遵守《中华人民共和国保守国家秘密法》、《中华人民共和国著作权法》、《网络安全法》、《中华人民共和国计算机信息系统安全保护条例》、《计算机软件保护条例》、《信息网络传播权保护条例》等有关计算机及互联网规定的法律、法规、实施办法",其他通用信息,
在任何情况下，豆果美食合理地认为用户的行为可能违反上述法律、法规，豆果美食可以在任何时候，不经事先通知终止向该用户提供服务,其他通用信息,
豆果美食欢迎用户举报任何违反上述法律或侵犯他人权利的上传内容，一经发现违法或侵权的上传内容，豆果美食将无条件删除,其他通用信息,
"* 4.3 禁止用户从事以下行为：
（1）上载、张贴、发送电子邮件或传送包含任何反对宪法所确定的基本原则、危害国家安全、泄露国家秘密、颠覆国家政权、破坏国家统一、破坏民族团结、损害国家荣誉和利益、煽动民族仇恨、民族歧视、破坏民族团结、破坏国家宗教政策、宣扬邪教和封建迷信、淫秽、色情、赌博、暴力、凶杀、恐怖或者教唆犯罪、侮辱或者诽谤他人，侵害他人合法权益的等法律、行政法规禁止的内容或其他另人反感的包括但不限于资讯、资料、文字、软件、音乐、照片、图形、信息或其他资料（以下简称内容）",其他通用信息,
（2）以任何方式危害未成年人,其他通用信息,
（3）冒充任何人或机构，或以虚伪不实的方式谎称或使人误认为与任何人或任何机构有关,其他通用信息,
（4）伪造标题或以其他方式操控识别资料，使人误认为该内容为豆果美食所传送,其他通用信息,
（5）将无权传送的内容（例如内部资料、机密资料）进行上载、张贴、发送电子邮件或以其他方式传送,其他通用信息,
（6）将侵犯任何人的专利、商标、著作权、商业秘密或其他专属权利之内容加以上载、张贴、发送电子邮件或以其他方式传送,其他通用信息,
"（7）将广告函件、促销资料、""垃圾邮件"" 等，加以上载、张贴、发送电子邮件或以其他方式传送",其他通用信息,
供前述目的使用的专用区域除外,其他通用信息,
（8）将有关干扰、破坏或限制任何计算机软件、硬件或通讯设备功能的软件病毒或其他计算机代码、档案和程序之资料，加以上载、张贴、发送电子邮件或以其他方式传送,其他通用信息,
（9）干扰或破坏本网站服务或与本网站服务相连的服务器和网络，或不遵守本网站使用之规定,其他通用信息,
（10）故意或非故意违反任何相关的中国法律、法规、规章、条例等其他具有法律效力的规范,其他通用信息,
"* 4.4 用户对经由本网站上载、张贴、发送电子邮件或传送的内容承担全部责任
对于经由本网站而传送的内容，豆果美食不保证前述其合法性、正当性、准确性、完整性或品质",其他通用信息,
用户在接受本网站服务时，有可能会接触到令人不快、不适当或令人厌恶的内容,其他通用信息,
在任何情况下，豆果美食均不对任何内容承担任何责任，包括但不限于任何内容发生任何错误或纰漏以及衍生的任何损失或损害,其他通用信息,
豆果美食有权（但无义务）自行拒绝或删除经由本网站提供的任何内容,其他通用信息,
用户使用上述内容，应自行承担风险,其他通用信息,
"豆果美食有权利在下述情况下，对内容进行保存或披露：
（1）法律程序所规定",与第三方共享_转让_公开,何时与第三方共享
（2）本服使用协议规定,与第三方共享_转让_公开,何时与第三方共享
（3）被侵害的第三人提出权利主张,与第三方共享_转让_公开,何时与第三方共享
（4）为保护豆果美食、其使用者及社会公众的权利、财产或人身安全,与第三方共享_转让_公开,何时与第三方共享
（5）其他豆果美食认为有必要的情况,与第三方共享_转让_公开,何时与第三方共享
"==========
4.5 对用户信息的存储和限制
豆果美食不对用户所发布信息的删除或储存失败承担责任",其他通用信息,
豆果美食有权判断用户的行为是否符合本网站使用协议条款之规定，如果豆果美食认为用户违背了协议条款的规定，豆果美食有终止向其提供网站服务的权利,其他通用信息,
"==========
5\. 用户隐私权制度
豆果美食会遵循隐私政策收集、使用您的信息，但不会仅因您同意本隐私政策而采用强制捆绑的方式一揽子收集个人信息",第一方收集_使用,对数据的使用
在您使用或开启相关功能或使用服务时，为实现功能、服务所必需，我们会收集、使用您的相关信息,第一方收集_使用,何时采集
除非是为实现基本业务功能或根据法律法规要求所必需的必要信息，您均可以拒绝提供且不影响其他功能或服务,用户访问_编辑_删除的方法,用户可以进行的操作
为给您带来更好的产品和服务体验，我们可能会不时推出新的或优化后的功能，可能需要收集、使用新的个人信息或变更个人信息使用目的和方式，对此，我们将通过更新本协议，并通过弹窗、站内信通知等方式另行向您说明对应信息的收集目的、范围及使用方式，并为您提供自主选择同意的方式，且在征得您明示同意后收集、使用,第一方收集_使用,采集的目的
如果您登录了帐号，我们会根据帐号实现信息推送,第一方收集_使用,对数据的使用
"为了帮您发现更多好友，
我们可能会申请通讯录权限",第一方收集_使用,对数据的使用
我们尊重您的选择权，如果您不希望被推荐给好友，您可以在“【我的】―【设置】―【隐私设置】”中随时关闭,用户访问_编辑_删除的方法,操作的途径
如您不希望被推送信息，您可以在“【我的】-【设置】-【消息推送】”中随时关闭,用户访问_编辑_删除的方法,操作的途径
通讯录、精确地理位置、摄像头、麦克风、相册等权限均不会默认开启，只有经过您的明示授权才会在为实现特定功能或服务时使用，您也可以撤回授权,用户访问_编辑_删除的方法,用户可以进行的操作
特别需要指出的是，即使经过您的授权，我们获得了这些敏感权限，也不会在相关功能或服务不需要时而收集您的信息,第一方收集_使用,对数据的使用
"==========
本隐私政策适用于您通过豆果美食应用程序、官方网站、供第三方网站等其他方式来访问和使用我们的产品和服务",其他通用信息,
"==========
以下为特殊情况的具体说明：
5.1 当用户注册或登录豆果美食时，豆果美食收集的部分个人信息是为用户提供尽可能多的个性化网上服务，但在此过程中，广告商绝对不会接触到用户的个人信息",与第三方共享_转让_公开,对于第三方的约束
"豆果美食不会在未经合法用户授权时，公开、编辑或透露其个人信息及保存在豆果美食中的非公开内容，除非有下列情况：
（1）有关法律规定或豆果美食合法服务程序规定",与第三方共享_转让_公开,何时与第三方共享
（2）在紧急情况下，为维护用户及公众的权益,与第三方共享_转让_公开,何时与第三方共享
（3）为维护豆果美食的商标权、专利权及其他任何合法权益,与第三方共享_转让_公开,何时与第三方共享
（4）其他需要公开、编辑或透露个人信息的情况,与第三方共享_转让_公开,何时与第三方共享
"==========
5.2在以下（包括但不限于）几种情况下，豆果美食有权使用用户的个人信息：
（1）在进行促销或抽奖时，豆果美食可能会与赞助商共享用户的个人信息，在这些情况下豆果美食会在发送用户信息之前进行提示，并且用户可以通过不参与来终止传送过程",与第三方共享_转让_公开,何时与第三方共享
（2）当用户注册成功后，为了更好的提供浏览推荐、发布菜谱等使用相关服务的体验，我们默认用户同意授权豆果美食根据您使用服务的具体功能需要，收集必要的用户信息（如申请设备信息、存储、位置等相关权限),与第三方共享_转让_公开,与第三方共享的目的
（3）如我们委托第三方向您提供产品或服务时，例如第三方支付服务，在获得您的授权或明确同意后，我们会与第三方分享您的信息，如您拒绝提供此类信息，我们将无法完成相关交付服务,与第三方共享_转让_公开,何时与第三方共享
需要您注意的是，当您注册成功后，默认您同意在豆果美食使用以下第三方提供的服务，包括但不限于微信支付、支付宝、极光登录、极光通讯等第三方平台，允许该等第三方收集您的昵称、头像、发布的内容等您公开发布、展示的信息,与第三方共享_转让_公开,第三方相关实体
（4）豆果美食可以将您授权同意的部分信息与第三方数据匹配,与第三方共享_转让_公开,与第三方共享的个人信息类型
（5）豆果美食会通过透露合计用户统计数据，向未来的合作伙伴、广告商及其他第三方以及为了其他合法目的而描述豆果美食的服务,与第三方共享_转让_公开,与第三方共享的目的
（6）用户购买在豆果美食列出的商品或服务时，豆果美食获得的信息及用户提供的信息（例如用户的信用卡号和联系信息）会提供给商家，这些商家会进行数据收集操作，但豆果美食对商家的此种操作不负任何责任,与第三方共享_转让_公开,何时与第三方共享
（7）豆果美食会向用户发送关于豆果美食不同产品和服务的信息或者豆果美食认为用户会感兴趣的其他产品和服务,与第三方共享_转让_公开,第三方对数据的使用
如果用户不希望收到这样的邮件，只需在提供个人信息时或其他任何时候告知豆果美食即可,用户访问_编辑_删除的方法,用户可以进行的操作
另外，豆果美食会竭尽全力保护用户的信息，但豆果美食不能确信或保证任何个人信息的安全性，用户须自己承担风险,其他通用信息,
"==========
6\. 关于用户在豆果美食上载或发布的内容：
  * 6.1 用户上载的内容是指用户在本网站上载或发布的菜谱或其它任何形式的内容包括文字、图片、视频、音频等",其他通用信息,
* 6.2 除非豆果美食收到相反通知，豆果美食将用户视为其在本网站上载或发布的内容的版权拥有人,其他通用信息,
用户在本网站上载或发布内容即视为其同意授予豆果美食所有上述内容的在全球范围内任何载体、设备（包括但不仅限于互联网、物联网、美食应用、智能移动终端设备、智能家居设备、各类硬件终端等）的免费、不可撤销的无限期的并且可转让的非独家使用权许可，豆果美食有权展示、散布及推广前述内容，有权对前述内容进行任何形式的复制、修改、出版、发行及以其他方式使用或者授权第三方进行复制、修改、出版、发行及以其他方式使用,其他通用信息,
* 6.3因用户进行上述内容在本网站的上载或发布，而导致任何第三方提出索赔要求或衍生的任何损害或损失，由用户承担全部责任,其他通用信息,
"==========
7\. 关于第三方链接
本网站服务可能会提供与其他国际互联网网站或资源进行链接",其他通用信息,
对于前述网站或资源是否可以利用，豆果美食承担担保责任,其他通用信息,
因使用或依赖上述网站或资源所生的损失或损害，豆果美食也不负担任何责任,其他通用信息,
"==========
8\. 豆果美食的知识产权及其他权利
  * 8.1 豆果美食对网站服务及本网站所使用的软件所包含的受知识产权或其他法律保护的资料享有相应的权利",其他通用信息,
除用户依法享有之版权之内容之外，本网站的整体内容版权归豆果美食所有,其他通用信息,
* 8.2 经由本网站传送的菜谱及其它内容，受到著作权法、商标法、专利法或其他法律的保护,其他通用信息,
除该菜谱及其它内容上载的用户所享有的版权，未经豆果美食明示授权许可，其他用户不得进行修改、出租、散布或衍生其他作品,其他通用信息,
* 8.3 用户对本网站所使用的软件有非专属性使用权，但不得自行或许可任何第三方复制、修改、出售或衍生产品,其他通用信息,
* 8.4 本网站所有设计图样以及其他图样、产品及服务名称，均为豆果美食所享有的商标、标识,其他通用信息,
任何人不得使用、复制或用作其他用途,其他通用信息,
"==========
9\. 免责声明
  * 9.1 豆果美食对于任何自本网站而获得的他人的信息、内容或者广告宣传等任何资讯（以下统称""信息""），不保证真实、准确和完整性",其他通用信息,
"如果任何单位或者个人通过上述""信息""而进行任何行为，须自行甄别真伪和谨慎预防风险，否则，无论何种原因，本网站不对任何非与本网站直接发生的交易和/或行为承担任何直接、间接、附带或衍生的损失和责任",其他通用信息,
* 9.2 豆果美食有权但无义务，改善或更正本网站任何部分之任何疏漏、错误,其他通用信息,
"* 9.3 豆果美食不保证（包括但不限于）：
(1) 本网站适合用户的使用要求",其他通用信息,
(2) 本网站不受干扰，及时、安全、可靠或不出现错误,其他通用信息,
(3) 用户经由本网站取得的任何产品、服务或其他材料符合用户的期望,其他通用信息,
* 9.4 用户使用经由本网站下载的或取得的任何资料，其风险自行负担,其他通用信息,
因该等使用导致用户电脑系统损坏或资料流失，用户应负完全责任,其他通用信息,
"* 9.5 基于以下原因而造成的利润、商业信誉、资料损失或其他有形或无形损失，豆果美食不承担任何直接、间接、附带、衍生或惩罚性的赔偿：
(1) 本网站使用或无法使用",其他通用信息,
(2) 经由本网站购买或取得的任何产品、资料或服务,其他通用信息,
(3) 用户资料遭到未授权的使用或修改,其他通用信息,
(4) 其他与本网站相关的事宜,其他通用信息,
* 9.6 用户在浏览互联网时自行判断使用本网站的搜索或检索目录,其他通用信息,
该搜索或检索目录可能会引导用户进入到被认为具有攻击性或不适当的网站，豆果美食没有义务查看检索目录所列网站的内容，因此，对其正确性、合法性、正当性不负任何责任,其他通用信息,
* 9.7 豆果美食QQ群等网友群体，均由网站用户自发组织，QQ群内的用户成员以及用户言论、行为均与豆果美食无关,其他通用信息,
"==========
10\. 第三方责任
由于用户经由本网站上载或发布内容、与本网站连线、违反本服务条款或侵害其他人的任何权利导致任何第三人提出权利主张，用户同意赔偿豆果美食及其分公司、关联公司、代理人或其他合作伙伴及员工，并使其免受损害",其他通用信息,
"==========
11\. 服务的终止
豆果美食有权在任何时候，暂时或永久地终止本网站服务（或任何一部分），无论是否通知",其他通用信息,
豆果美食对本网站服务的终止对用户和任何第三人不承担任何责任,其他通用信息,
豆果美食有权基于任何理由，终止用户的账号、密码或使用本服务，或删除、转移用户存储、发布在本服务的内容，豆果美食采取上述行为均不需通知，并且对用户和任何第三人不承担任何责任,其他通用信息,
"==========
12\. 账户注销
如您决定注销账户，您可自行在【“注销账户”】页面（“【我的】-【设置】-【账号管理】-【账号注销】”）提交账户注销申请，并根据指引完成账户注销",用户访问_编辑_删除的方法,操作的途径
需要注意的是，在您主动注销账户之后，我们将停止为您提供豆果美食的产品或服务，根据适用法律的要求删除您的个人信息，或使其匿名化处理,用户访问_编辑_删除的方法,供应商动作
您在注销账号前如果有在豆果美食上传的内容，如果不希望相关内容在豆果美食继续传播，请您自行删除,用户访问_编辑_删除的方法,用户可以进行的操作
如您未选择删除的，将视为您同意继续将上传内容授权豆果美食进行使用,用户访问_编辑_删除的方法,操作对用户造成的影响
如您选择不删除相关您上传的相关内容，在您注销账号后，该等内容在豆果美食上展示时上传人信息将做匿名或脱敏处理,用户访问_编辑_删除的方法,操作对用户造成的影响
"==========
13\. 通知
豆果美食向用户发出的通知，采用电子邮件或页面公告的形式",条款更改,告知方式
本协议条款的修改或其他事项变更时，豆果美食将会以上述某一形式进行通知,条款更改,告知方式
"==========
14\. 本协议最终解释权归豆果美食所有
本使用协议的生效、履行、解释及争议的解决均适用中华人民共和国法律，与本协议有关的争议提交由优酷服务器所在地的法院管辖",其他通用信息,
本服务条款因与中华人民共和国现行法律相抵触而导致部分无效，不影响其他部分的效力,其他通用信息,
"==========
15\. 本协议最终解释权归豆果美食所有",其他通用信息,
,,
,,
,,
,,
,,
,,
,,
,,
,,
,,
,,
,,
,,
,,
,,
,,
,,
,,
,,
,,
,,
,,
,,
,,
,,
,,
,,
,,
,,
,,
,,
,,
,,
,,
,,
,,
,,
,,
,,
,,
,,
,,
,,
,,
,,
,,
,,
,,
,,
,,
,,
,,
,,
,,
,,
,,
,,
