"at1Tcc4fi6Wp1V0zyZlN6a_D4WZO-0550_com_mhbxinyan_xsyl.txt





Apkid:com.mhbxinyan.xsyl
?==========
本隐私权保护政策适用于《秀色夜聊》互联网平台",其他通用信息,
尊重和保护用户个人隐私信息是我们我们的一贯制度，我们在做产品时会采取合理的措施保护用户的个人隐私信息,其他通用信息,
"==========
**个人信息的搜集**
当我们需要能识别您身份的信息或者通讯信息时，我们会征求您的同意",第一方收集_使用,何时采集
通常，在您注册《秀色夜聊》时，我们会请求您提供这些信息,第一方收集_使用,何时采集
我们搜集的信息通常仅限于您的性别、年龄、出生日期、兴趣爱好等,第一方收集_使用,采集的个人信息类型
"==========
**个人信息的使用**
我们的产品可能在法律要求或符合《用户协议》约定的情况下透露您的个人信息
a、根据协议得到您的许可",与第三方共享_转让_公开,何时与第三方共享
b、在产品交互中得到您的许可,与第三方共享_转让_公开,何时与第三方共享
c、根据法律规定或政府、司法机关的要求,与第三方共享_转让_公开,何时与第三方共享
d、紧急情况下，在危及公共安全、其他个人更重要与您隐私的权利受到现实危险的,与第三方共享_转让_公开,何时与第三方共享
除此之外，我们不会向外界透漏您的隐私信息,与第三方共享_转让_公开,对于第三方的约束
"==========
**帐号的安全**
您注册《秀色夜聊》的用户名、密码属于保密信息，我们将采取积极的技术措施和管理措施保护用户帐号、密码的安全",数据安全,安全措施
您尽可能按照我们提供的安全保护措施提升您帐号的安全性,数据安全,安全措施
"==========
**个人信息的安全**
请您注意勿在使用我们的服务中透露您自己的各类财产帐户、银行卡、信用卡、第三方支付账户及对应密码等重要资料",数据安全,安全措施
"==========
**Cookie** **的使用**
我们使用Cookie来帮助您实现您的联机体验的个性化",第一方收集_使用,使用的目的
Cookie是由网页服务器存放在您的硬盘中的文本文件,其他通用信息,
Cookie不能用来运行程序或将病毒递送到您的计算机中,其他通用信息,
指定给您的Cookie 是唯一的，它只能由将Cookie发布给您的域中的Web服务器读取,其他通用信息,
Cookie的主要用途之一是提供一种节约时间的实用功能,其他通用信息,
例如，如果您将网页个性化，或在《秀色夜聊》上注册，Cookie会帮助您后续访问时调用您的特定信息,第一方收集_使用,对数据的使用
这样可以简化记录您的个人信息（例如帐单寄送地址、首选电子邮件地址等）的流程,第一方收集_使用,对数据的使用
当您返回到《秀色夜聊》时，网站可以调出您以前所提供的信息，使您能够容易地使用您自定义的功能,第一方收集_使用,对数据的使用
在进行与其产品及服务相关的工作时，会使用网络beacons进入我们的网站提取Cookie,第一方收集_使用,何时采集
您可以接受或拒绝Cookie,用户访问_编辑_删除的方法,用户可以进行的操作
大多数Web浏览器会自动接受Cookie，但您通常可根据自己的需要来修改浏览器的设置以拒绝Cookie,用户访问_编辑_删除的方法,用户可以进行的操作
如果选择拒绝Cookie，那么您可能无法完全体验所访问的网站的互动功能,用户访问_编辑_删除的方法,操作对用户造成的影响
"==========
**对青少年个人信息的搜集和使用**
我们非常重视对青少年个人信息搜集和使用的安全性和保护",面向特定人群用户条款,群体类型
"我们建议，任何16岁以下的未成年人参加网上活动应事先取得家长或其法定监护人（以下简称""监护人""）的同意",面向特定人群用户条款,供应商动作
未经监护人事先同意，我们不会使用青少年的个人信息，也不会向任何第三方透露可识别的信息，除非是法律的许可或为了向青少年提供服务之必要,面向特定人群用户条款,供应商动作
经监护人同意，我们可能搜集青少年的个人信息，但监护人有权拒绝我们进一步搜集其子女或被监护人的个人信息，有权审阅或要求我们删除该青少年的个人信息,面向特定人群用户条款,供应商动作
我们保证不会要求青少年提供额外的个人资料，以作为允许其参与网上活动的条件,面向特定人群用户条款,供应商动作
"==========
**关于免责**
发生下列事项导致用户信息或隐私信息泄漏的，我们不承担责任
（1）由于法律政策的原因，或者由于政府、司法机关要求，导致您的信息被提供给相关单位",其他通用信息,
（2）由于您将用户密码告知他人或与他人共享注册帐户，由此导致的任何个人信息的泄漏,其他通用信息,
或其他因用户个人行为造成的泄漏,其他通用信息,
（3）任何由于黑客攻击、电脑病毒侵入、计算机系统崩溃造成的信息泄漏,其他通用信息,
发生前述事故，且该等事故现今的技术难以防御的,其他通用信息,
（4）紧急情况下，在危及公共安全、其他个人身体、财产安全情况下，因利益平衡做取舍时使用您的信息,其他通用信息,
若您因此权利收到损害的，您可以向收益人主张权利,其他通用信息,
（5）不可抗力事件以及其他一切非我们主观过错而导致的使用或泄漏,其他通用信息,
,,
,,
,,
,,
,,
,,
,,
,,
,,
,,
,,
,,
,,
,,
,,
,,
,,
,,
,,
,,
,,
,,
,,
,,
,,
,,
,,
,,
,,
,,
,,
,,
,,
,,
,,
,,
,,
,,
,,
,,
,,
,,
,,
,,
,,
,,
,,
,,
,,
,,
,,
,,
,,
,,
,,
,,
,,
,,
,,
,,
,,
,,
,,
,,
,,
,,
,,
,,
,,
,,
,,
,,
,,
,,
,,
,,
,,
,,
,,
,,
,,
,,
,,
,,
,,
,,
,,
,,
,,
,,
,,
,,
,,
,,
,,
,,
,,
,,
,,
,,
,,
,,
,,
,,
,,
,,
,,
,,
,,
,,
,,
,,
,,
,,
,,
,,
,,
,,
,,
,,
,,
,,
,,
,,
,,
,,
,,
,,
