"aYASNbCUFncfZrgZQGXGkgGJ7RR8-0552_com_dz_mfxsqj.txt





Apkid:com.dz.mfxsqj
==========
隐私政策
本隐私政策（简称本政策）于 2015 年 1 月 1 日起发布并生效，于2020年5月29日最新修订，本政策仅适用于本公司（简称“我们”）的产品软件平台",其他通用信息,
"==========
本政策将帮助您了解以下内容：
1、我们如何收集和使用您的个人信息
2、我们如何使用Cookie和同类技术
3、我们如何共享、转让、公开披露您的个人信息
4、我们如何保护您的个人信息
5、您的权利
6、我们如何处理儿童的个人信息
7、您的个人信息如何在全球范围转移
8、本政策如何更新
9、本政策的适用
10、争议解决
11、联系我们
==========
本公司非常重视个人信息的保护",其他通用信息,
用户（简称“您”）在使用我们的产品或服务时，我们可能会收集和使用您的相关信息,第一方收集_使用,何时采集
一旦您选择使用我们的产品或服务，即表示您认可并接受本条款现有内容及其可能随时更新的内容,第一方收集_使用,用户选择所造成的影响
如果您不同意，应当终止使用本产品的服务,用户访问_编辑_删除的方法,用户可以进行的操作
请您在使用我们的产品前，仔细阅读并了解本《隐私政策》,用户访问_编辑_删除的方法,用户可以进行的操作
"==========
一、我们如何收集和使用您的个人信息
个人信息是指以电子或者其他方式记录的能够单独或者与其他信息结合识别特定自然人身份或者反映特定自然人活动情况的各种信息",其他通用信息,
"本公司仅会出于本政策所述的以下目的、方式、范围在为您提供阅读服务时收集和使用您的个人信息：
1、应用功能一：成为注册用户
您在申请成为本产品注册用户时，您需提供以下信息：您的手机号、创建的用户名和密码",第一方收集_使用,何时采集
您也可以使用第三方帐号（如微信、QQ）登录本产品,用户访问_编辑_删除的方法,用户可以进行的操作
您提供的上述信息，授权我们在为您使用本服务期间持续使用,用户访问_编辑_删除的方法,操作对用户造成的影响
在您注销账号时，我们将停止使用并删除上述信息,用户访问_编辑_删除的方法,供应商动作
"2、应用功能二：个性化推荐
您使用我们服务时，本产品会记录您的操作日志，包括搜索关键字、累计阅读或使用时长、读过的书籍和章节、创建和收藏的书单、参与的活动等",第一方收集_使用,何时采集
我们会基于前述信息对您的偏好、阅读习惯、使用产品的特征进行分析和用户画像，以便为您提供个性化、定制化的服务，如向您展现或推荐相关程度更高的服务,第一方收集_使用,对数据的使用
如您不提供前述信息，不影响您使用本软件的其他功能,第一方收集_使用,用户选择所造成的影响
"3、应用功能三：订购与支付
您使用本产品时，订购VIP会员、电子书付费章节等服务时产生的记录，包括订购记录、消费记录，这些信息会存储于我们的服务器中",第一方收集_使用,何时采集
以上信息为软件功能必须的信息，如您不同意我们记录前述信息，我们将无法为您提供书籍购买和阅读服务,第一方收集_使用,用户选择所造成的影响
"4、应用功能四：与其他用户沟通交流
您通过我们的服务分享的内容所包含的信息，如您的评论、笔记、想法、分享的照片，您的这些信息会存储于我们的服务器中",第一方收集_使用,采集的个人信息类型
您可以随时删除以上信息，删除以上信息不会影响您正常使用本软件,用户访问_编辑_删除的方法,用户可以进行的操作
"5、应用功能五：安全服务
为向您提供安全稳定的服务、保障您的账户财产安全、预防冒名登陆，为了正常使用本产品功能及服务，当您使用我们的产品或服务时，我们可能会自动记录某些信息，包括：设备或软件信息，例如您的移动设备、网页浏览器或用于接入我们服务的其他程序所提供的配置信息、您的IP地址和移动设备所用的版本和设备识别码（IMEI）、手机串号识别码（MAC）等信息",第一方收集_使用,何时采集
如果您不同意我们记录前述信息，可能无法完成风控流程而无法使用我们的软件,第一方收集_使用,用户选择所造成的影响
"==========
6、应用功能六：权限启用
我们承诺决不超范围、超频次搜集您的个人信息，决不搜集与使用本产品服务非必需或无合理应用场景的信息",第一方收集_使用,对数据的使用
"您在使用本软件时，为提供给您服务之目的，本软件可能在您使用该应用某些场景下向您申请终端设备的如下权限，当然您可以拒绝开启以下权限，或在手机的设置中关闭本软件的以下权限，关闭以下权限不会影响您对本软件其他功能的使用：
访问相机：您可以使用摄像头进行扫一扫、拍摄并上传图片或分享图片",第一方收集_使用,何时采集
访问本地存储：通过开启本地存储权限，将本软件内的书籍下载到您的手机存储，以及通过手机存储将您的本地书籍上传到本软件,第一方收集_使用,何时采集
访问照片：您可以直接选择手机内的照片或图片进行上传或与客服沟通时提供证明,第一方收集_使用,何时采集
访问日历：使参与定时活动的用户，可以主动开启或取消提醒，开启提醒的用户，将会收到日历提醒通知,第一方收集_使用,何时采集
可通过“系统设置”->“日历提醒”关闭所有已开启的日历提醒服务,用户访问_编辑_删除的方法,操作的途径
开启推送：您可以通过开启推送权限来接收本软件推送的消息，你也可以关闭该权限,第一方收集_使用,何时采集
开启无线数据：您可以通过连接无线网络或蜂窝网络来实现本软件需要的联网功能,第一方收集_使用,何时采集
访问安装程序列表：通过获取您的安装程序列表我们可以确认您是否安装了我们所推广的软件，以便我们及时向您发放相应奖励,第一方收集_使用,何时采集
开启Siri与搜索：您可以通过开启Siri与搜索功能直接检索到本软件的内容,第一方收集_使用,何时采集
开启麦克风和语音识别：您可以通过语音来控制本软件的语音朗读功能及语音控制功能,第一方收集_使用,何时采集
开启后台应用刷新：开启后可以实现听书、语音朗读不受APP切换到后台的影响而暂停播放,第一方收集_使用,何时采集
开启护眼模式：您在开启护眼模式后会添加护眼模式的悬浮窗，并需要获取您的进程列表保证悬浮窗的状态,第一方收集_使用,何时采集
"==========
7、第三方SDK接入服务所需开通的权限",其他通用信息,
我们的产品和服务可能包括第三方的产品和服务，以及第三方网站的链接,其他通用信息,
当您使用这些产品或服务时，也可能收集您的信息,第三方搜集_使用,第三方何时采集
"在第三方向您提供产品和服务时，可能会获取到以下权限：
安卓端
第三方SDK“广点通、穿山甲、Sigmob、inmobi”为优化播放视频体验，需获取使用到屏幕保持唤醒权限",第三方搜集_使用,第三方相关实体
第三方SDK“支付宝、微信、新浪微博、广点通、穿山甲、友盟、Sigmob、inmobi、QQ钱包、易联支付、腾讯QQ、秒针”为判断设备唯一性，风控验证和安全，需要获取使用手机IMEI、IMSI、MAC权限,第三方搜集_使用,第三方相关实体
第三方SDK“友盟push”为推送消息时实现震动提醒之目的，需获取使用振动器权限,第三方搜集_使用,第三方相关实体
第三方SDK“新浪微博、广点通、穿山甲、友盟push”为优化体验，缓存数据，需获取使用访问SD卡权限,第三方搜集_使用,第三方相关实体
第三方SDK“支付宝、微信、新浪微博、广点通、穿山甲、友盟、Sigmob、inmobi、QQ钱包、易联支付、腾讯QQ”为根据用户网络状态提供相应服务，需获取使用访问网络状态权限,第三方搜集_使用,第三方相关实体
第三方SDK“广点通、穿山甲、Sigmob、inmobi”为给用户提供下载安装APP服务，需获取使用安装外部APP权限,第三方搜集_使用,第三方相关实体
IOS端 为允许应用获取网络链接之目的获取设备的网络权限,第三方搜集_使用,第三方相关实体
为使用词典，百科，语音朗读之目的获取设备网络权限,第三方搜集_使用,采集的目的
为使用联合会员账号之目的获取您的注册信息,第三方搜集_使用,采集的目的
"==========
二、我们如何使用Cookie和同类技术
Cookie和同类技术是互联网中的通用常用技术",其他通用信息,
为确保本平台正常运转、使您获得更轻松的访问体验、向您推荐您可能感兴趣的内容或广告等，我们可能会在您的移动设备上存储名为Cookie的小数据文件,第一方收集_使用,使用的目的
Cookie通常包含标识符、站点名称以及一些号码和字符,其他通用信息,
借助于Cookie我们将记录您的登陆信息及在本软件APP中的操作信息，以便我们存储您的偏好及使用习惯，帮您省去重复输入注册信息的步骤，并帮助判断您的账户安全状态，以为您提供更轻松的用户体验和服务,其他通用信息,
我们不会将Cookie用于本政策所述目的之外的任何用途,第一方收集_使用,对数据的使用
您可根据自己的偏好管理或停用Cookie,用户访问_编辑_删除的方法,用户可以进行的操作
有关详情，请参AboutCookies.org,其他通用信息,
如果停用Cookie，您有可能无法享受最佳的服务体验，我们的推荐内容与您的相关性也会降低,用户访问_编辑_删除的方法,操作对用户造成的影响
"==========
三、我们如何共享、转让、公开披露您的个人信息 
(一)共享
我们不会将您的个人信息向本公司及关联公司以外的任何公司、组织和个人共享，但以下情况除外：
1、在获取明确同意的情况下共享：在获得您的明确同意后，我们会与其他方共享您的个人信息",与第三方共享_转让_公开,何时与第三方共享
2、我们可能会根据法律法规规定，或按政府主管部门的强制性规定，对外共享您的个人信息,与第三方共享_转让_公开,何时与第三方共享
3、与授权合作伙伴共享：仅为实现本政策中声明的目的，我们的某些服务将由授权合作伙伴提供,与第三方共享_转让_公开,与第三方共享的目的
我们可能会与合作伙伴共享您的某些个人信息，以提供更好的客户服务和用户体验,与第三方共享_转让_公开,与第三方共享的目的
我们仅会出于合法、正当、必要、特定、明确的目的共享您的个人信息，并且只会共享提供服务所必要的个人信息,与第三方共享_转让_公开,与第三方共享的目的
我们的合作伙伴无权将共享的个人信息用于任何其他用途,与第三方共享_转让_公开,对于第三方的约束
"目前，我们的授权合作伙伴包括以下几大类型：
1)广告、分析服务类的授权合作伙伴",与第三方共享_转让_公开,第三方相关实体
除非得到您的许可，否则我们不会将您的个人身份信息(指可以识别您身份的信息，通过这些信息可以联系到您或识别您的身份)与提供广告、分析服务的合作伙伴分享,与第三方共享_转让_公开,对于第三方的约束
但我们可能会将您的匿名化的用户画像与广告、分析服务类的授权合作伙伴共享，以帮助其在不识别您的个人的前提下提升广告有效触达率,与第三方共享_转让_公开,与第三方共享的个人信息类型
2)供应商、服务提供商和其他合作伙伴,与第三方共享_转让_公开,第三方相关实体
我们将信息发送给在全球范围内支持我们业务的供应商、服务提供商和其他合作伙伴，这些支持包括提供技术基础设施服务、分析我们服务的使用方式、衡量广告和服务的有效性、提供客户服务、支付便利或进行学术研究和调查,与第三方共享_转让_公开,第三方对数据的使用
3）联合会员合作伙伴,与第三方共享_转让_公开,第三方相关实体
在您同意成为本平台联合会员的情况下，我们会将您的账号与本平台联合会员的合作平台账号关联，以便您通过本产品账号享受合作平台的联合会员服务,与第三方共享_转让_公开,与第三方共享的目的
在您选择不开通本服务时，我们将不会将您的本平台账号与本公司合作伙伴共享,与第三方共享_转让_公开,对于第三方的约束
当然，不开通联合会员服务不会对您使用本产品产生任何影响,与第三方共享_转让_公开,用户选择所造成的影响
4）推送服务供应商：由浙江每日互动网络科技股份有限公司提供推送技术服务，我们可能会将您的设备平台、设备厂商、设备品牌、设备识别码（如IMEI、MAC、IDFA等）等设备信息，应用列表信息、网络信息（如IP地址、WIFI信息等）以及位置相关信息提供给浙江每日互动网络科技股份有限公司，用于为您提供推送技术服务，详细内容请访问《个推隐私政策》,与第三方共享_转让_公开,第三方相关实体
"==========
(二)转让
我们不会将您的个人信息转让给任何公司、组织和个人，但以下情况除外：
1、在获取明确同意的情况下转让：获得您的明确同意后，我们会向其他方转让您的个人信息",与第三方共享_转让_公开,何时与第三方共享
2、在涉及合并、收购或破产清算时，如涉及到个人信息转让，我们会在要求新的持有您个人信息的公司、组织继续受此隐私政策的约束，否则我们将要求该公司、组织重新向您征求授权同意,与第三方共享_转让_公开,何时与第三方共享
"==========
(三)公开披露 我们仅会在以下情况下，公开披露您的个人信息：
1、获得您明确同意后",与第三方共享_转让_公开,何时与第三方共享
2、基于法律的披露：在法律、法律程序、诉讼或政府主管部门强制性要求的情况下，我们可能会公开披露您的个人信息,与第三方共享_转让_公开,何时与第三方共享
"==========
(四)对外共享可能涉及的个人信息类型：设备识别码、软件版本信息",与第三方共享_转让_公开,与第三方共享的个人信息类型
对外公开披露可能涉及的个人信息类型：阅读书籍、阅读时长、发表评论/想法、书籍评分,与第三方共享_转让_公开,与第三方共享的个人信息类型
我们已知晓对外共享、转让、公开披露个人信息所承担的相应法律责任，并将采取合理措施保障个人信息安全,数据安全,安全措施
"==========
四、我们如何保护和保存您的个人信息
（一）技术保护措施
我们非常重视您个人信息的安全，将努力采取各种符合业界标准的合理的安全措施来保护您的信息，使您的信息不会被泄漏、毁损或者丢失，包括但不限于SSL、隐私信息加密存储、数据中心的访问控制",数据安全,安全措施
我们会使用加密技术提高个人信息的安全性,数据安全,安全措施
我们会使用受信赖的保护机制防止个人信息遭到恶意攻击,数据安全,安全措施
我们会部署访问控制机制，尽力确保只有授权人员才可访问个人信息,数据安全,安全措施
"（二）安全管理体系
我们有行业先进的以数据为核心，围绕数据生命周期进行的数据安全管理体系，从组织建设、制度设计、人员管理、产品技术、个人信息安全影响评估等方面多维度提升整个系统的安全性",数据安全,安全措施
我们对可能接触到您的信息的员工或外包人员也采取了严格管理，包括但不限于根据岗位的不同采取不同的权限控制，与他们签署保密协议，监控他们的操作情况等措施,数据安全,安全措施
"（三）账号保护
您的账户均有安全保护功能，请妥善保管您的账户及密码信息",数据安全,安全措施
如果您发现账号被盗用或个人信息泄露，请及时联系我们，以便我们采取相应措施,数据安全,安全措施
"（四）信息安全事件处理
尽管有前述安全措施，但同时也请您理解在信息网络上不存在“完善的安全措施”",数据安全,发生安全事故的处理方式
如不幸发生个人信息安全事件后，我们将按照法律法规的要求向您告知：安全事件的基本情况和可能的影响、我们已采取或将要采取的处置措施、您可自主防范和降低风险的建议、对您的补救措施等,数据安全,发生安全事故的处理方式
事件相关情况我们将以电话、推送通知等可行的方式告知您，难以逐一告知个人信息主体时，我们会采取合理、有效的方式发布公告,数据安全,发生安全事故的处理方式
同时，我们还将按照监管部门要求，上报个人信息安全事件的处置情况,数据安全,发生安全事故的处理方式
"==========
（五）保存期限：我们仅在中国大陆地区存放您的个人信息",数据安全,数据存储期限
我们会采取一切合理可行的措施，确保未收集无关的个人信息,数据安全,数据存储期限
我们只会在达成本政策所述目的所需的且法律规定的最短期限内保留您的个人信息，除非需要延长保留期或受到法律的允许,数据安全,数据存储期限
在您的个人信息超出保留期间后，我们会根据法律法规的要求删除您的个人信息、或使其匿名化处理,数据安全,数据存储期限
"==========
五、您的权利
按照中国相关的法律、法规、标准，我们保障您对自己的个人信息行使以下权利：
(一)访问您的个人信息
您有权通过用户中心自行访问您的个人信息，法律法规规定的例外情况除外",用户访问_编辑_删除的方法,用户可以进行的操作
"(二)更正您的个人信息
当您发现我们处理的关于您的个人信息有错误时，您有权要求我们做出更正",用户访问_编辑_删除的方法,用户可以进行的操作
"(三)删除您的个人信息 在下述情形中，您可以向我们提出删除个人信息的请求：
1、我们处理个人信息的行为违反法律法规",用户访问_编辑_删除的方法,用户可以进行的操作
2、我们收集、使用您的个人信息，却未征得您的同意,其他通用信息,
3、我们处理个人信息的行为违反了与您的约定,其他通用信息,
4、您不再使用我们的产品或服务，或您注销了账号,其他通用信息,
5、我们不再为您提供产品或服务,其他通用信息,
若我们决定遵循您的请求，我们还将同时通知从我们获得您的个人信息的实体要求其及时删除，除非法律法规另有规定，或这些实体获得您的独立授权,用户访问_编辑_删除的方法,供应商动作
当您从我们的服务中删除信息后，我们可能不会立即在备份系统中删除相应的信息，但会在备份更新时删除这些信息,用户访问_编辑_删除的方法,供应商动作
"==========
(四)撤回同意、关闭使用功能
您可以通过关闭设备功能改变您授权我们继续收集个人信息的范围或撤回您的授权",用户访问_编辑_删除的方法,用户可以进行的操作
您还可以通过注销账户的方式，撤回我们继续收集您个人信息的全部授权,用户访问_编辑_删除的方法,用户可以进行的操作
"==========
(五)注销账户 您随时可注销此前注册的账户，详见《注销须知》",用户访问_编辑_删除的方法,用户可以进行的操作
在注销账户之后，我们将停止为您提供产品或服务，并依据您的要求，删除您的个人信息，法律法规另有规定的除外,用户访问_编辑_删除的方法,供应商动作
"在以下情形中，按照法律法规要求，我们将无法遵循您的个人信息删除请求：
1、与国家安全、国防安全直接相关的",其他通用信息,
2、与公共安全、公共卫生、重大公共利益直接相关的,其他通用信息,
3、与犯罪侦查、起诉、审判和判决执行等直接相关的,其他通用信息,
4、有充分证据表明您存在主观恶意或滥用权利的,其他通用信息,
5、响应您的请求将导致您或其他个人、组织的合法权益受到严重损害的,其他通用信息,
6、涉及商业秘密的,其他通用信息,
"(六)响应您的上述请求
为保障安全，您可能需要提供书面请求，或以其他方式证明您的身份",用户访问_编辑_删除的方法,用户可以进行的操作
我们可能会先要求您验证自己的身份，然后再处理您的请求,用户访问_编辑_删除的方法,供应商动作
我们将在三十天内作出答复,用户访问_编辑_删除的方法,供应商动作
如您不满意，还可以通过与客服联系进行申诉,用户访问_编辑_删除的方法,用户可以进行的操作
"==========
六、我们如何处理儿童的个人信息
我们的产品、网站和服务主要面向成人",面向特定人群用户条款,群体类型
我们重视儿童等未成年人的个人信息保护，如您为未满18周岁的未成年人，在您使用本平台相关服务之前，您应在您的父母或者其他监护人的监护、指导下共同阅读并同意本隐私政策，并在征得您的监护人同意的前提下使用我们的服务或向我们提供信息,面向特定人群用户条款,供应商动作
对于经父母或监护人同意使用我们的产品或服务而收集未成年人个人信息的情况，我们只会在法律法规允许、父母或监护人明确同意或者保护未成年人所必要的情况下使用、共享、转让或披露此信息,面向特定人群用户条款,供应商动作
如果我们发现在未事先获得可证实的父母同意的情况下收集了未成年人的个人信息，则会尽快删除相关信息,面向特定人群用户条款,供应商动作
"==========
七、您的个人信息如何在全球范围转移
目前我们不会跨境传输或存储您的个人信息",数据安全,跨境传输
将来如需跨境传输或存储的，我们会向您告知信息出境的目的、接收方、安全保障措施和安全风险，并征得您的同意,数据安全,跨境传输
"==========
八、本政策如何更新
本隐私政策更新后，本平台会在您登录及版本更新时以推送通知、弹窗、在网站公告等形式向您展示变更后的隐私政策与内容，以便您及时了解本隐私政策的最新版本",条款更改,告知方式
我们将严格遵循向您披露的隐私政策等收集使用规则开展个人信息处理活动，如个人信息使用目的发生变化时会再次征得您的同意，如您继续使用我们的服务，表示同意接受修订后的本政策的内容,条款更改,用户选择
"==========
九、本政策的适用 本软件的所有服务均适用本政策",其他通用信息,
当您在首次登陆本软件时，我们会提示您进行阅读本政策，并征得您的同意,其他通用信息,
除非另有约定或者法律规定，本隐私政策不适用于本公司链接到其他第三方的产品或服务，您使用这些第三方服务（包括您向这些第三方提供的任何个人信息），将受这些第三方的服务条款及隐私政策约束（而非本隐私政策），具体规定请您仔细阅读第三方的条款,其他通用信息,
请您妥善保护自己的个人信息，仅在必要的情况下向第三方提供,其他通用信息,
"==========
十、争议管辖
本隐私政策的成立、生效、履行、解释及纠纷解决，适用中华人民共和国大陆地区法律",其他通用信息,
若您和我们发生任何纠纷或争议，首先应友好协商解决,其他通用信息,
协商不成的，均提请北京仲裁委员会按照其仲裁规则进行仲裁,其他通用信息,
仲裁裁决是终局的，对双方均有约束力,其他通用信息,
"==========
十一、联系我们
公司名称：
注册地址：
个人信息保护相关负责人联系方式： 客服电子邮件：shengming@dianzhong.com
客服电话：400-118-0066
您在软件使用的过程中及对本隐私政策有任何疑问、意见和建议的，均可通过以上联系方式与我们联系",其他通用信息,
