"a5oYhVyE24ErbknEIxWaSJZKhlkm-0560_com_comic_manhuatai.txt





Apkid:com.comic.manhuatai
==========
# 小明太极漫画平台隐私政策
小明太极（以下称“我们”）深知个人信息对用户（以下称“您”）的重要性，并非常重视保护您的个人信息",其他通用信息,
我们将严格按照本隐私政策的规定处理和保护您的个人信息，因此我们希望您能够仔细阅读、充分理解本隐私政策的全文，并在需要时，按照本隐私政策的指引，作出您认为适当的选择,其他通用信息,
您承诺在您开始使用本产品（或服务）时是成年人,其他通用信息,
如您是未成年人，则需要您的监护人同意您使用本应用并同意相关应用服务条款及本隐私政策,面向特定人群用户条款,群体类型
请您知悉并理解，当您在启动弹窗处勾选后并点击【确定】时，即表示您已理解本隐私政策，并同意我们按照本隐私政策对您的信息进行处理和保护,其他通用信息,
"==========
### 一、小明太极如何收集和使用您的个人信息
个人信息：是指以电子或者其他方式记录的能够单独或者与其他信息结合识别特定自然人身份或者反映特定自然人活动情况的各种信息",其他通用信息,
个人敏感信息包括：身份证号码、个人生物识别信息、手机号码、银行账号及密码、财产信息与交易信息、邮箱地址及密码、系统账号及密码、行踪轨迹、14岁以下（含）儿童的个人信息等,其他通用信息,
在您使用本产品（或服务）的过程中，我们会严格按照以下规定收集和使用您的个人信息,其他通用信息,
您有权拒绝向我们提供这些信息，或者撤回您对这些信息的授权同意,其他通用信息,
"请您知悉并理解，拒绝或撤回授权同意，将导致您无法使用相关的特定功能：
==========
（一）为您提供以下核心功能服务时，我们将有限度且合理地收集您的部分必要信息：
#### 1、注册、登录及充值功能
为创建和登录您的个人账户，在您申请注册或登录本产品（或服务）的账号时，我们会收集您提交的以下信息：手机（电话）号码、手机验证码匹配结果、或电子邮箱",第一方收集_使用,采集的目的
若您以第三方账号（例如QQ、微信、微博、华为等）关联登录小明太极漫画平台，我们会向第三方请求接入您的个人信息,与第三方共享_转让_公开,何时与第三方共享
当您进行付费、使用会员充值功能时，我们会收集您的余额、充值和使用情况、第三方交易凭证信息,第一方收集_使用,何时采集
"#### 2、漫画展示及浏览功能
为保证小明太极漫画平台软件最核心的漫画展示和浏览功能的正常运行，在您登录和使用本产品（或服务）时，您的以下信息将被我们收集和使用：
（1）登录设备信息及制造商、软硬件信息（包括设备屏幕信息、设备唯一标识符、语言设置、操作系统和应用程序版本）、浏览器类型和设置信息",第一方收集_使用,采集的个人信息类型
（2）登录的IP地址、接入网络的方式、网络的状态、移动互联网运营商信息、以及访问日期和时间,第一方收集_使用,采集的个人信息类型
（3）用户ID、以及漫画浏览的相关信息和图库,第一方收集_使用,采集的个人信息类型
以上信息的收集和使用是为了向您提供小明太极漫画平台软件最核心的漫画展示和浏览功能，如您拒绝提供可能导致您无法使用我们的软件与服务,第一方收集_使用,用户选择所造成的影响
我们会用收集到的您的个人信息，在首页、漫画详情页、漫画阅读页、社区圈子页进行漫画和帖子的个性化展示、推荐或者用于您的用户画像，以向您推荐您感兴趣的内容,第一方收集_使用,对数据的使用
这些信息，我们不会用于其他用途，且我们对收集到的您的个人信息已进行加密处理，因此不会对您的个人信息安全产生影响,第一方收集_使用,对数据的使用
如您想要清除这些信息，您可以通过点击【我的】-【设置】-【帐号设置】-【注销帐号】来对该帐号及信息进行清除操作,用户访问_编辑_删除的方法,操作的途径
"#### 3、社区建圈子、建话题、发贴、帖子评论与漫画评论功能
为了实现内容发布和互动交流，在您通过圈子、评论区等社区功能主动发布文字、图片等信息时，我们将收集您发布的文字、图片等信息，并展示您的昵称、头像、发布内容等信息",第一方收集_使用,何时采集
您发布图片等信息时，我们将请求您授权硬件的相机、媒体库、存储卡修改或删除等敏感权限，您如果拒绝提供以上授权，将无法使用我们相应服务或功能,第一方收集_使用,何时采集
您上传的文字、照片、评论、点赞、转发等信息会存储在我们的服务器中，因为存储是实现上述功能所必需的，您可以随时删除上述信息,第一方收集_使用,采集的个人信息类型
在浏览帖子，或者在帖子详情页时，如需保存图片，需要调取您读写储存卡中内容的权限,第一方收集_使用,何时采集
如您拒绝提供可能导致图片无法保存,第一方收集_使用,用户选择所造成的影响
"#### 4、意见反馈功能
为实现您在线反馈小明漫画平台软件的服务问题，我们需要收集您的以下信息：应用和设备的日志信息（包括但不限于产品版本信息、设备型号、屏幕分辨率、操作系统等）、您反馈的意见、联系方式（例如手机号、QQ号码、邮箱信息等）和问题描述、问题现象图片",第一方收集_使用,采集的目的
收集此类信息的目的是分析和定位问题原因，并为了后续回访，了解问题是否完全解决，或者与您联系，希望您补充必要的其他信息,第一方收集_使用,采集的目的
"#### 5、定向推送功能
为了向您提供个性化的内容推荐服务，在您选择使用小明太极漫画平台软件的该相关功能时，我们可能会收集您的设备信息和服务信息，提取您的偏好特征，从而更便捷、更准确地向您展示、推送符合您的兴趣爱好的相关信息",第一方收集_使用,何时采集
如您想要关闭我们为您提供的推送消息，您可以通过点击【我的】-【设置】-【消息设置】来进行关闭操作,用户访问_编辑_删除的方法,用户可以进行的操作
"#### 6、编辑头像、封面、昵称、性别、生日功能
您可以在注册账号时或后续使用过程中主动补充填写您的性别、生日、昵称、头像",用户访问_编辑_删除的方法,用户可以进行的操作
在您使用编辑头像、编辑封面功能时，我们将申请调取您的硬件设备的相机权限，如您拒绝提供，您将无法使用上述功能,第一方收集_使用,何时采集
当您更换头像时，我们会申请调取您的存储卡的权限，如您拒绝提供，您将无法使用上述功能,第一方收集_使用,何时采集
"#### 7、广告功能
当您使用广告功能时，我们需要收集您的设备标识、浏览内容、浏览广告的次数以及与它们互动的次数信息",第一方收集_使用,何时采集
"我们收集这些信息是为了向您推荐更优质、您可能
更感兴趣的广告内容",第一方收集_使用,采集的目的
如果你拒绝提供对应的权限，您依然会看到广告，但这些广告不会依据您的兴趣展示,第一方收集_使用,用户选择所造成的影响
"#### 8、网络测试功能
当您的网络出现故障时，你可以在【我的】-【设置】-【网络测试】使用此功能",用户访问_编辑_删除的方法,操作的途径
我们会调用产品版本信息、用户ID、设备型号与制造商、设备唯一标识符、浏览器类型和设置操作系统和应用程序版本、接入网络的方式、网络状态、运营商类型、本地DNS网关信息、本机IP等，依据这些信息为您分析故障可能的原因,第一方收集_使用,对数据的使用
如果你拒绝提供对应的权限，可能将会影响到分析结果的准确度,第一方收集_使用,用户选择所造成的影响
"#### 9、缓存下载功能
当您进行图片（或其他内容）下载时，我们需要写入并读取您的存储卡权限，以保证您成功下载该图片（或其他内容）",第一方收集_使用,何时采集
如您拒绝提供相应的权限，将会使您无法使用上述功能,第一方收集_使用,用户选择所造成的影响
当您查看大图页面进行图片下载时，我们需要修改或者删除您的存储卡中的内容,第一方收集_使用,何时采集
如您拒绝提供相应的权限，会使您无法实现上述功能,第一方收集_使用,用户选择所造成的影响
"#### 10、搜索功能
当您使用搜索功能时，我们需要收集您使用的搜索词、用户ID信息",第一方收集_使用,何时采集
我们收集这些信息是为了向您提供您所需要的内容和可能更感兴趣的服务，同时亦可以改进我们向您提供的服务,第一方收集_使用,采集的目的
"#### 11、Android崩溃上报功能
为了更好地优化APP，修复APP存在的问题",第一方收集_使用,采集的目的
"当APP崩溃时，我们会收集主板信息、CPU指令集信息、显示屏参数、支持的ABIS、硬件识别码、手机制造商、修订版本列表、编译类型、硬件序列号、构建日期、设置参数、版本、系统定制商、设备DPI、内存大小、SD
存储大小，以及崩溃日志，用以修复对应的问题",第一方收集_使用,何时采集
"#### 12、推广邀请功能
当您使用推广邀请功能时，我们需要调用您的支付宝账号与姓名",第一方收集_使用,何时采集
我们调用这些信息是用于校验账号安全性，如您拒绝提供相应的信息，将会使您无法使用此部分功能,第一方收集_使用,用户选择所造成的影响
"==========
（二）经过您的授权许可后，我们将有限度且合理地收集您的部分必要信息收集您的个人信息：
1、当您使用第三方平台账号登录小明太极漫画平台，或者将第三方平台账号与小明太极漫画平台进行绑定时，经过您的明示同意，我们会收集该第三方账号的昵称、头像等信息",第一方收集_使用,何时采集
2、您因为使用我们产品或服务而被我们收集的信息（例如在其他用户发布的评论、留言、图文文件等内容中可能涉及到的您的信息）,第一方收集_使用,采集的个人信息类型
"==========
（三）我们将仅为实现以下目的使用我们收集到的您的个人信息：
1、保证为您所提供的产品（或服务）功能的正常实现，并帮助我们维护和改进我们的产品（或服务），提升用户体验",第一方收集_使用,使用的目的
2、实现对您的个性化推荐功能，了解您如何接入和使用我们的产品（或服务），从而针对性地回应您的个性化需求，向您提供个性化的服务，例如根据您的阅读习惯为您推荐漫画作品，为您推送您关注的漫画作品的信息等,第一方收集_使用,使用的目的
如您想要关闭我们为您提供的推送消息，您可以通过点击【我的】-【设置】-【消息设置】来进行关闭操作,用户访问_编辑_删除的方法,操作的途径
3、在我们提供服务时，用于身份验证、客户服务、安全防范、诈骗监测、存档和备份用途，确保我们向您提供的产品（或服务）的安全性,第一方收集_使用,对数据的使用
4、开展内部审计、数据分析和研究，分析业务运营效率并衡量市场份额，改善小明太极漫画平台服务,第一方收集_使用,对数据的使用
同时，我们可能会与公众分享这些统计信息，以展示我们服务的整体使用趋势，但这些统计信息不会包含您个人的任何身份识别信息,第一方收集_使用,对数据的使用
5、根据国家法律法规和相关政策的要求，为预防违法行为的发生，或配合有关部门对违法行为进行查处，或根据主管部门的指令对用户账号进行查封，以保护您和其他用户及利益方的合法权益,第一方收集_使用,对数据的使用
"==========
### 二、小明太极如何共享、转让、公开披露您的个人信息
（一）共享
根据法律法规等相关规定，我们仅会在以下一种或多种情况下，与第三方共享您的个人信息：
1、获得您的明确同意后，我们会向您指定的第三方共享您授权范围内的信息",与第三方共享_转让_公开,何时与第三方共享
2、我们可能会根据法律法规规定、诉讼争议解决需要，或按行政、司法机关依法提出的要求，对外共享您的个人信息,与第三方共享_转让_公开,何时与第三方共享
3、我们可能会为保护您、小明太极、其他用户的权利及财产安全或社会公共利益使其免遭损害，与相关第三方或社会公众共享您的个人信息,与第三方共享_转让_公开,何时与第三方共享
4、您的信息可能会在小明太极的关联公司内共享,与第三方共享_转让_公开,何时与第三方共享
我们仅会出于特定、明确而合法的目的在小明太极的关联公司内共享您的信息，并且只会共享提供服务所必要的信息,与第三方共享_转让_公开,对于第三方的约束
我们会与共享您的信息的小明太极的关联公司签署严格的保密协议，要求其遵循本隐私政策并采取相关的保密和安全措施来处理您的信息,与第三方共享_转让_公开,对于第三方的约束
5、与部分业务合作伙伴的必要共享：您理解并知悉，为了保证为您提供的服务顺利完成，我们可能会向服务提供商、业务合作伙伴等第三方共享您的信息（详情见第九条关于“第三方SDK信息公示”内容）,与第三方共享_转让_公开,与第三方共享的目的
但我们仅会出于特定、明确而合法的目的共享您的个人信息，并且只会共享提供服务所必要的个人信息,与第三方共享_转让_公开,对于第三方的约束
同时，我们会与共享您的信息的第三方签署严格的保密协议，要求其遵循本隐私政策并采取相关的保密和安全措施来处理您的信息,与第三方共享_转让_公开,对于第三方的约束
"==========
（二）转让
根据法律法规等相关规定，我们仅会在以下一种或多种情况下，向第三方转让您的个人信息：
1、获得您的明确同意后，我们会向其他方转让您的个人信息",与第三方共享_转让_公开,何时与第三方共享
2、在涉及合并、收购或破产清算时，如涉及到个人信息转让，我们会在要求新的持有您个人信息的公司、组织继续受本隐私政策的约束，否则我们将要求该公司、组织重新向您征求授权同意,与第三方共享_转让_公开,何时与第三方共享
"==========
（三）公开披露
根据法律法规等相关规定，我们仅会在以下情况下，公开披露您的个人信息：
1、获得您的明确同意后",与第三方共享_转让_公开,何时与第三方共享
2、基于法律或合理依据的公开披露：在法律、法律程序、诉讼或公共和政府主管部门有要求的情况下，我们可能会公开披露您的信息,与第三方共享_转让_公开,何时与第三方共享
"==========
（四）例外情形
在以下一种或多种情形中，共享、转让、公开披露您的个人信息无需事先征得您的授权同意：
1、与国家安全、国防安全直接相关的",其他通用信息,
2、与公共安全、公共卫生、重大公共利益直接相关的,其他通用信息,
3、与犯罪侦查、起诉、审判和判决执行等直接相关的,其他通用信息,
4、出于维护您或他人的生命财产等重大合法权益但又很难得到本人同意的,其他通用信息,
5、您自行向社会公众公开的个人信息,其他通用信息,
6、从合法公开披露的信息中收集的个人信息，如合法的新闻报道、政府信息公开等渠道,其他通用信息,
7、根据与您签订和履行的相关协议或其他书面文件所必需的,其他通用信息,
8、对收集的个人信息已经进行匿名化或去标识化处理的,其他通用信息,
9、为合法的新闻报道所必需的,其他通用信息,
10、做学术研究用途，例如为科研机构开展统计或学术研究之必要,其他通用信息,
11、其他法律法规等规定的情形,其他通用信息,
"==========
### 三、小明太极如何保护您的个人信息
我们十分重视对您的个人信息的保护",数据安全,安全措施
您的个人信息是我们为您提供服务的重要依据和组成部分，对于您的个人信息，我们仅在本隐私政策所述目的和范围内进行收集和使用，并严格保密,数据安全,安全措施
"同时，我们采取业内标准做法来保护您的个人信息，防止造成未经您的授权同意的访问、披露、使用、修改损坏或丢失，主要保护方式如下：
（一）我们采取一切合理可行的措施，确保个人信息收集的最小化，未收集与产品（或服务）目的无关的个人信息",数据安全,安全措施
（二）我们会使用加密技术确保数据传输和存储的机密性,数据安全,安全措施
我们会使用受信赖的保护机制防止数据和存储数据的服务器遭到恶意攻击,数据安全,安全措施
（三）我们已建立访问控制机制，确保只有授权人员才可访问个人信息,数据安全,安全措施
（四）除本隐私政策规定情形外，未经您的授权同意，我们不会向任何无关第三方授权使用您的个人信息,数据安全,安全措施
若依据您的授权须向第三方披露您的信息以便于实现您所需要的服务的，在该服务结束后，我们将阻断该第三方继续访问您的个人信息,数据安全,安全措施
请您知悉并理解，我们会尽力保护您的个人信息,数据安全,安全措施
尽管如此，任何措施都无法做到无懈可击，也没有任何产品与服务、网站、数据传输、计算机系统是绝对安全的,数据安全,安全措施
我们强烈建议您通过安全方式、使用复杂密码等手段协助我们保证您的账号安全,数据安全,安全措施
如您发现自己的个人信息发生泄露，尤其是您的账号或密码发生泄露，请您立即根据本隐私政策提供的联系方式联系我们，以便我们及时采取相应措施来保护您的个人信息安全,数据安全,安全措施
若不幸发生个人信息安全事件，我们将按照法律法规的要求向您告知：安全事件的基本情况和可能的影响、我们已采取或将要采取的处置措施、您可自主防范和降低风险的建议、对您的补救措施等,数据安全,发生安全事故的处理方式
"我们将以公告、邮件、推送通知等方式告
知您事件相关情况",数据安全,发生安全事故的处理方式
同时，我们还将按照监管部门要求，上报个人信息安全事件的处置情况,数据安全,发生安全事故的处理方式
"==========
### 四、您的数据主体权利
为使您在本产品（或服务）期间更加便捷地访问、更正和删除您的个人信息，同时保障您有权撤回对个人信息的使用许可，我们在产品设计中为您提供了相应的操作设置，您可以参考下面的指引进行操作",用户访问_编辑_删除的方法,用户可以进行的操作
"（一）访问个人信息
当您完成小明太极漫画平台的账号注册、登录并进行合理和必要的身份验证后，您可以查阅、修改、删除您提交给小明太极漫画平台软件及相关服务的个人信息（包括删除您已经发布的评论、音频，修改昵称、头像等）",用户访问_编辑_删除的方法,用户可以进行的操作
"（二）修改/删除个人信息
您可以通过使用相关服务页面（如社区发帖页面）的编辑/删除功能、使用设置页面的清理缓存功能、卸载小明太极漫画平台应用、联系我们的客服人员等途径来修改您的个人信息、清除小明太极漫画平台应用本地存储的数据等",用户访问_编辑_删除的方法,用户可以进行的操作
"（三）访问隐私政策
您可以在注册页面，或者在“我的-设置-页面底端或关于”页面查看本隐私政策",用户访问_编辑_删除的方法,操作的途径
"==========
（四）撤销您的授权
如您想更改相关权限的授权（例如：位置、相机、相册、麦克风），您可以通过您的硬件设备进行修改，或在本产品（或服务）中的相关功能设置界面进行操作处理",用户访问_编辑_删除的方法,用户可以进行的操作
您也可以通过注销您的账号的方式，永久撤回我们继续收集和使用您的个人信息的全部授权,用户访问_编辑_删除的方法,用户可以进行的操作
"==========
（五）注销您的账号
您可以登录本产品（或服务）的客户端，通过“我的-设置-账号设置-
注销账号”提交账号注销申请",用户访问_编辑_删除的方法,操作的途径
关于您注销账号的方式以及您应满足的条件，请详见《[小明太极账号注销协议](tj_zxzh.html)》,用户访问_编辑_删除的方法,用户可以进行的操作
在您注销您的账号之前，我们将验证您的身份信息（如注册手机验证方式等），以确保您是账号的有权使用人,用户访问_编辑_删除的方法,供应商动作
在您主动注销账号之后，我们将停止为您提供产品或服务，根据适用法律的要求删除您的一切个人隐私信息，非个人信息平台统一进行匿名化处理,用户访问_编辑_删除的方法,供应商动作
"==========
（六）帮助反馈
若您在使用本产品（或服务）的过程中存在任何技术上的疑问，烦请随时与我们的客服人员联系，客服邮箱：[kefu@xiaomingtaiji.com](mailto:kefu@xiaomingtaiji.com)",其他通用信息,
联系时间：工作日的上午9:00-下午6:00,其他通用信息,
"==========
### 五、数据存储地点及期限
（一）数据存储地点
我们在本产品（或服务）项下收集和产生的个人信息，将存储在中华人民共和国境内",数据安全,跨境传输
当需要在境外访问或向境外传输、存储和展示个人信息时，我们将按照法律法规和相关监管部门的规定执行,数据安全,跨境传输
"（二）数据存储期限
我们仅在为实现目的所必需的时间内保留您的个人信息（保留时间不少于6个月，最长不超过20年），并在超出前述保留时间后删除或匿名化处理您的个人信息，但法律法规另有要求的除外",数据安全,数据存储期限
"在小明太极漫画平台，您的个人数据具体留存时间如下：
1、对于存储在小明太极漫画平台应用本地的数据，当您卸载明太极漫画平台应用或者清除明太极漫画平台应用数据时，所有存储的数据将会被立即删除",数据安全,数据存储期限
2、对于存储在服务器上的业务日志、统计数据和历史记录，我们会在不定期清理服务器数据时删除,数据安全,数据存储期限
此外，当我们的产品或服务发生停止运营的情形时，我们将以推送通知、公告等形式通知您，并在合理的期限内删除您的个人信息或进行匿名化处理,数据安全,数据存储期限
"==========
### 六、未成年人信息保护的特别注意事项
我们期望监护人指导未成年人使用我们的服务",面向特定人群用户条款,群体类型
我们将根据国家相关法律法规的规定保护未成年人的个人信息的保密性及安全性,面向特定人群用户条款,供应商动作
如果我们发现未成年人在未事先获得监护人同意的情况下使用本产品（或服务），我们会尽最大努力与其监护人取得联系，并在其监护人的要求下尽快删除相关未成年人的个人信息,面向特定人群用户条款,供应商动作
如您为未成年人，我们建议您在您的监护人的陪同下阅读本隐私政策，并在征得您的监护人同意后使用本产品（或服务）,面向特定人群用户条款,供应商动作
对于征得您的监护人同意后收集到的您的信息，我们只会在受到法律允许、您的监护人明确同意或者为保护您的合法权益所必要的情况下，使用或公开披露您的信息,面向特定人群用户条款,供应商动作
如您的监护人不同意您按照本隐私政策使用本产品（或服务），请您立即终止使用本产品（或服务）并及时通知我们，以便我们采取相应的措施来处理您的信息,面向特定人群用户条款,供应商动作
如您为未成年人的监护人，我们希望您能积极地教育和引导您所监护的未成年人增强个人信息保护意识和能力，保护未成年人个人信息安全,面向特定人群用户条款,供应商动作
当您对您所监护的未成年人的个人信息处理存在疑问时，您可以通过邮箱[kefu@xiaomingtaiji.com](mailto:kefu@xiaomingtaiji.com)联系我们,用户访问_编辑_删除的方法,用户可以进行的操作
"==========
### 七、 Cookies 的使用
在通常情形下，小明太极漫画平台软件及相关服务在您的计算机或设备上通过 Cookies的方式实现",第一方收集_使用,使用的目的
建议您使用 Cookies 以获取更为便捷的服务体验,第一方收集_使用,使用的目的
您也可以选择禁止使用Cookie,用户访问_编辑_删除的方法,用户可以进行的操作
当您选择禁止使用 Cookies时，小明太极漫画平台软件及相关服务的可能无法正常使用或存在安全性隐患,第一方收集_使用,用户选择所造成的影响
小明太极漫画平台软件及相关服务所列明的 Cookies有关信息，将适用本隐私政策,其他通用信息,
"==========
### 八、本隐私政策如何更新
我们会对隐私政策进行定期审核，为反映我们信息的变更，我们可能会更新本隐私政策",条款更改,更改原因
如果我们对本隐私政策进行重大变更，我们将通过更新APP或在APP中通知您，这样您可以了解我们收集的信息以及我们如何使用这些信息,条款更改,告知方式
我们建议您定期查阅本网页获取我们隐私权实践的最新信息,条款更改,告知方式
在我们需要向您手机更多的个人信息，或我们希望因为新的目的而收集和使用您的个人信息时，我们会再次征得您的同意,用户访问_编辑_删除的方法,供应商动作
本隐私政策自更新之日起生效,条款更改,告知方式
请您知悉并理解，如您继续使用小明太极漫画平台软件及相关服务，将被视为接受更新后的隐私政策,条款更改,用户选择
我们会在平台显著位置提醒隐私政策有更新，如您不同意更新后的隐私政策，您应不使用或立即停止使用小明太极漫画平台软件及相关服务,条款更改,用户选择
"==========
### 九、第三方SDK信息公示
以下为我们接入的第三方SDK名称及其隐私协议链接或权限开启说明，便于您更清楚的了解您的个人信息使用、保护情况：
支付宝支付
https://render.alipay.com/p/c/k2cx0tg8
新浪微博
https://passport.sinaimg.cn/html/sso/privacyclause.html
QQ支付、QQ登录分享Android SDK
https://privacy.qq.com/
腾讯TBS
https://www.tencent.com/zh-cn/privacy-policy.html
腾讯Bugly
https://www.qq.com/contract.shtml
极光认证
https://www.jiguang.cn/license/privacy
七牛云对象存储
https://www.qiniu.com/privacy-right
友盟移动统计
https://www.umeng.com/policy
极光推送
https://www.jiguang.cn/license/privacy
小米推送
https://static.account.xiaomi.com/html/privacy/account/zh_CN.html
华为推送
https://consumer.huawei.com/cn/privacy/privacy-policy/
魅族推送
https://www.meizu.com/legal.html
oppo推送
https://push.oppo.com/
vivo推送
https://dev.vivo.com.cn/openAbility/pushNews
腾讯Bugly崩溃分析
https://www.qq.com/contract.shtml
Zxing二维码生成
注：未开启您的任何权限，也不会收集您的个人信息
友盟统计分析组件SDK
https://www.umeng.com/policy
View视图注解工具
注：未开启您的任何权限，也不会收集您的个人信息
腾讯Bugly系统日志上报 分析SDK
https://www.qq.com/contract.shtml
JSON解析库SDK
注：未开启您的任何权限，也不会收集您的个人信息
微信登录分享、支付
https://www.tenpay.com/v3/helpcenter/low/privacy.shtml
https://privacy.qq.com/
今日头条穿山甲广告SDK
https://ad.oceanengine.com/union/media/privacy
腾讯优量汇广告SDK
https://e.qq.com/optout.html
神策数据统计SDK
https://www.sensorsdata.cn/about/aboutus.html#callme
阿里云httpdns、阿里云oss
https://terms.aliyun.com/legal-
agreement/terms/suit_bu1_ali_cloud/suit_bu1_ali_cloud201710161525_98396.html
paypal支付
https://www.paypal.com/c2/webapps/mpp/ua/privacy-full?locale.x=zh_C2
==========
### 十、其他
本隐私政策作为我们与您《用户协议》的一部分，与该《用户协议》具有同等法律效力",第三方搜集_使用,第三方相关实体
当您因为本隐私政策与我们产生任何争议或纠纷时，双方应首先友好协商解决,其他通用信息,
若不能协商解决的，双方均有权就产生的争议或纠纷向鄂州市葛店开发区有管辖权人民法院提起诉讼,其他通用信息,
如果您对本隐私政策有任何疑问以及有任何问题需要反馈，您可以通过邮箱[kefu@xiaomingtaiji.com](mailto:kefu@xiaomingtaiji.com)与我们进行联系，我们会及时回复和解决您的问题,其他通用信息,
在您使用编辑头像、编辑封面功能时，我们将申请调取您的硬件设备的相机权限，如您拒绝提供，您将无法使用上述功能,第一方收集_使用,用户选择所造成的影响
当您更换头像时，我们会申请调取您的存储卡的权限，如您拒绝提供，您将无法使用上述功能,第一方收集_使用,用户选择所造成的影响
