"a_xOeb_R_jNSdRqtQWgJJyxgqPUG-0564_com_jiaming_companyqm.txt





Apkid:com.jiaming.companyqm
==========
## 服务条款
==========
        尊敬的用户，欢迎您阅读本协议：
    	我们依据本协议的规定提供服务，本协议具有合同效力",其他通用信息,
您必须完全同意以下所有条款，才能保证销售到更好的服务,其他通用信息,
本公司提醒您认真阅读并充分理解本协议各条款（未成年人应在监护人陪同下阅读），特�e是免除或限制本公司的责任、限制您的权利、争议解决方式和法律适用的相关条款,其他通用信息,
您使用本服务的行为将枧为对本协议的接受，并同意接受本协议各项条款的约束,其他通用信息,
不得以任何理由包括但不限于未能认真阅读本协议等作为纠纷抗辩理由若您不同意本协议或对本协议条款存在任何疑问，请您立即停止使用本服务,其他通用信息,
"==========
    一．	账号使用须知
    1.1用户在注册账号或使用本服务的过程中，需要填写一些必要的个人信息，为您提供注册登录服务或进行用户身份识别，需获取包括但不限于填写手机号码，用户身份识别，需获取包括但不限于填写手机号码，或系统获取微信号/昵称、微信头像等",第一方收集_使用,采集的目的
为了更好的为用户服务，请保证提供这些个人信息的真实、准确、合法、有效并注意及时更新，若因填写的信息不完整或不准确，则可能无法使用本服务或在使用过程中受到限制,第一方收集_使用,用户选择所造成的影响
如因用户提供的个人资料不实或不准确，给用户自身造成任何性质的损失，均由用户自行承担,第一方收集_使用,用户选择所造成的影响
1.2用户的帐号在丢失或遗忘密码后，可以通过绑定过帐号的手机帐号进行登录密码重置,用户访问_编辑_删除的方法,用户可以进行的操作
本软件只负责核对验证信息是否与帐号相关信息一致，而不对信息提供者身份进行证实，不对冒名验证行为承担任何责任,其他通用信息,
同时，本应用不承诺通过帐号相关的个人信息进行验证一定能找回帐号,其他通用信息,
1.3本应用体系下相关应用为同一用户体系,其他通用信息,
用户手动注销（注销操作有多次确定操作的前提下）进行注销行为,其他通用信息,
导致帐号下所有信息销毁并不可恢复，对此造成的任何损失，本应用不承担任何责任,其他通用信息,
1.4用户不应将其帐号转让、出借、销售或以任何脱离用户控制的形式交由他人使用,其他通用信息,
因黑客行为或用户的保管疏忽导致帐号遭他人非法使用，本应用不承担任何责任,其他通用信息,
1.5本应用的帐号所有权归本应用，用户完成注册申请手续后，获得帐号的使用权，用户不得违反本协议约定将帐户用于其他目的,其他通用信息,
否则本应用有权随时单方限制、中止或终止向用户提供本服务,其他通用信息,
"==========
    二、用户须知
    2.1用户在本服务上所传送分享的任何内容并不反映本应用的观点或政策，本应用对此不承担任何责任",其他通用信息,
2.2用户须对在本服务所传送分享信息的真实性、合法性、无害性、有效性等全权负责，与用户所传播的信息相关的任何法律责任由用户自行承担，与本应用无关,其他通用信息,
"2.3用户不得利用本服务制作、上传、复制、发送任何包括但不限于以下的违反法规的内容：
    a. 反对宪法所确定的基本原则的",其他通用信息,
b. 危害国家安全，泄露国家秘密，颠覆国家政权，破坏国家统一的,其他通用信息,
c. 损害国家荣誉和利益的,其他通用信息,
d. 煽动民族仇恨、民族歧视，破坏民族团结的,其他通用信息,
e. 破坏国家宗教政策，宣扬邪教和封建迷信的,其他通用信息,
f. 散布谣言，扰乱社会秩序，破坏社会稳定的,其他通用信息,
g. 散布淫秽、色情、赌博、暴力、凶杀、恐怖或者教唆犯罪的,其他通用信息,
h. 侮辱或者诽谤他人，侵害他人合法权益的,其他通用信息,
i. 含有法律、行政法规禁止的其他内容的信息,其他通用信息,
2.5为避免用户的终端信息丢失、更好的服务用户的目的，本应用将向注册用户提供数据备份服务、将储存于用户终端的数据库中的数据资料上传至本应用的服务器,用户访问_编辑_删除的方法,供应商动作
若是您自行删除已添加的生辰信息或已付费的生辰信息，相应的备份在数据库中所有有关的信息也将无法恢复,用户访问_编辑_删除的方法,操作对用户造成的影响
本应用会有明确的提示您是否确定删除，对此造成的任何损失，您自行承担,用户访问_编辑_删除的方法,操作对用户造成的影响
"==========
    三、关于本服务
    3.1本服务内容为，通过您设定的生辰信息，提供个性化信息内容服务",其他通用信息,
本软件内提供的服务分为免费服务和收费服务,其他通用信息,
收费服务，您可以通过付费方式购买收费服务,用户访问_编辑_删除的方法,用户可以进行的操作
本应用会在相关界面上做出提示,其他通用信息,
如您拒绝支付收费服务内容，则不能使用该服务,用户访问_编辑_删除的方法,操作对用户造成的影响
对于本软件中的服务内您自行加以判断是否接纳，并承担因使用内容引起的所有风险和法律责任,其他通用信息,
本应用不对用户行为而导致的损失承担责任,其他通用信息,
3.2本应用可能根据实际需要对收费服务的收费标准、方式进行修改、变更，前述修改、变更前，如果用户不同意上述修改、变更，则应停止使用相应服务，否则，用户的任何使用行为，即视为同意上述修改、变更,其他通用信息,
3.3用户在使用本软件某一特定服务时，该服务可能会另有单独的协议、相关业务规则等，用户在使用该项服务前请阅读并同意相关的单独协议,其他通用信息,
用户使用前述特定服务，即视为您接受相关单独协议,其他通用信息,
"==========
    四、隐私保护说明
    4.1 用户在注册帐号或使用本服务的过程中，需要提供一些必要的信息：
    4.1.1 提供宝宝起名，姓名打分，重名查询等名字类的的参考内容，需填写姓名、生辰（出生日期），出生地点等信息",第一方收集_使用,采集的个人信息类型
4.1.2 对于大师起名功能，需填写姓名、生辰（出生日期）信息、以及父母信息和起名愿望信息等,第一方收集_使用,采集的个人信息类型
4.1.3 为用户提供注册登录服务或进行用户身份识别，包括填写手机号码、系统获取微信号、QQ号、微博号、对应的昵称、第三方头像、手机设备号的获取,第一方收集_使用,采集的个人信息类型
4.1.4 保存图片需获取用户的手机的储存权限,第一方收集_使用,何时采集
4.1.5 若国家法律法规或国家政策有特殊规定的，用户需提供真实的身份信息,其他通用信息,
如提供的信息不完整，则无法使用本服务或使用过程中受到限制,第一方收集_使用,用户选择所造成的影响
"==========
    4.2保护用户个人信息是本应用的一项基本原则，本应用运用各种安全技术和程序建立完善的管理制度来保护用户的个人信息，以免遭受未经授权的访问、使用或披露",数据安全,安全措施
未经用户许可本应用不会向第三方（本应用控股或关联、运营合作单位除外）公开、透露用户个人信息，但由于政府要求、法律政策需要等原因除外,数据安全,安全措施
4.3在用户发送信息的过程中和本服务收到信息后，本应用将遵守行业通用的标准来保护用户的私人信息,数据安全,安全措施
但是任何通过因特网发送的信息或电子版本的存储方式都无法确保100%的安全性,数据安全,安全措施
因此，本公司会尽力使用商业上可接受的方式来保护用户的个人信息，但不对用户信息的安全作任何担保,数据安全,安全措施
"==========
    4.4本应用仅在提供本应用服务之目的所需的期间内保留用户的个人信息（昵称、头像、出生时间、性别、工作状况、婚姻状况、用户档案信息、账号下关联的所有订单信息），在用户未删除或未注销账号期间，本应用会保留相关信息",数据安全,数据存储期限
"==========
    4.5此外，用户已知悉并同意：在现行法律法规允许的范围内，本应用可能会使用用户的个人电话号码用于市场营销，使用方式包括：
    4.5.1在网页、app平台中向您展示或提供广告和促销资料，向用户通告或推荐服务或产品信息",第一方收集_使用,对数据的使用
4.5.2向您的电子邮件、短信的联系渠道推送，根据您使用本应用服务或产品的情况所认为您可能会感兴趣的信息,第一方收集_使用,对数据的使用
如果上述行为令您感到不适，您可以通过者电话400-960-6728或电子邮件jiamingqm@126.com联系本应用,用户访问_编辑_删除的方法,用户可以进行的操作
"==========
    4.6在不透露单个用户隐私资料的前提下，本应用有权对整个用户数据库进行分析并对用户数据进行商业的使用，使用场景包括：
    4.6.1市场调研报告需用户画像分析，便于提供更优质的服务和体验，用户画像分析的数据提取，数据分析仅对应特定的、无法直接关联用户身份的编码，无法也绝不会与您的真实身份相关联，并不会泄露用户隐私",第一方收集_使用,对数据的使用
"==========
    4.7本应用不会向第三方共享、转让您的个人信息信息",与第三方共享_转让_公开,对于第三方的约束
"在下列情况下经过您的自主选择同意本应用会共享您的个人信息：
    4.7.1 为实现相关功能或服务与关联方共享，当使用大师咨询服务的情况下，需把个人信息（出生时间、性别、出生地址）提供给大师进行测算服务",与第三方共享_转让_公开,何时与第三方共享
4.7.2 当您参加营销活动时，根据活动需要您提供姓名、通信地址、联系方式等信息，经过您的同意，本应用会将上述信息进行共享，以便能及时向您提供活动奖品,与第三方共享_转让_公开,何时与第三方共享
4.7.3 当软件服务提供商、智能设备提供商或系统服务提供商与本应用联合为您提供服务时，例如您需要使用地理位置功能时，为实现这一功能，本应用可能会收集您的位置信息及相关设备信息（例如硬件型号、操作系统版本号、国际移动设备身份识别码（IMEI）、网络设备硬件地址（MAC））经过去标识化后并提供给前述提供商,与第三方共享_转让_公开,何时与第三方共享
"4.7.4 本应用为了更好地了解本应用及相关服务的运行情况，以便确保运行与提供服务的安全，本应用可能记录网络日志信息，以及使用软件及相关服务的频率、崩溃数据、总体安装、使用情况、性能数据等信息
==========
    4.8您可改变或撤回敏感信息权限，更改隐私设置以及在设置本身操作系统中关闭地理位置、通讯录、摄像头、麦克风的等权限改变同意范围或撤回您的授权",用户访问_编辑_删除的方法,用户可以进行的操作
"==========
    4.9您可在本应用的八字紫微模块找到用户管理界面，对用户信息进行删除操作",用户访问_编辑_删除的方法,用户可以进行的操作
"==========
    5.0您可通过设置修改帐号信息，包括：昵称、头像、出生时间、性别、工作状况、婚姻状况、密码修改",用户访问_编辑_删除的方法,用户可以进行的操作
5.1您可在设置进行注销账号，注销账号后，删除账号所有信息，包括昵称、头像、出生时间、性别、工作状况、婚姻状况、用户档案信息、账号下关联的所有订单信息,用户访问_编辑_删除的方法,用户可以进行的操作
"==========
    本公司有权在必要时修改本协议，本协议一旦发生变动，将会在本应用的重要页面上提示修改内容或向您发送电子邮件或以其他方式通知您，用户如不同意新的修改内容，须立即停止使用本协议约定的服务，否则视为用户完全同意并接受新的修改内容",条款更改,告知方式
根据客观情况及经营方针的变化，本公司有中断或停止服务的权利，用户对此表示理解并完全认同,其他通用信息,
"==========
    本协议适用中华人民共和国大陆地区法律，不包括其冲突法",其他通用信息,
因本公司与您就本协议的签订、履行或解释等任何事宜发生争议，双方应友好协商解决,其他通用信息,
如协商不成，双方一致同意交由本公司住所地有管辖权的法院诉讼解决,其他通用信息,
"==========
    在本协议中未声明的其他一切权利，仍归本应用所有",其他通用信息,
本应用保留对本协议的最终解释权利,其他通用信息,
如果您还有其他问题和建议，可以通过电子邮件jiamingqm@126.com或者电话400-960-6728联系本应用,其他通用信息,
==========,其他通用信息,
,,
,,
,,
,,
,,
,,
,,
,,
,,
,,
,,
,,
,,
,,
,,
,,
,,
,,
,,
,,
,,
,,
,,
,,
,,
,,
,,
,,
,,
,,
,,
,,
,,
,,
,,
,,
,,
,,
,,
,,
,,
,,
,,
,,
,,
