"ahIefvBRMJtS84Pda9A3Joonmm.K-0565_com_glodon_drawingexplorer.txt





Apkid:com.glodon.drawingexplorer
==========
CAD快速看图隐私政策  
本政策仅适用于北京广联达云图梦想科技有限公司（以下简称云图）的CAD快速看图APP产品或服务
最近更新日期：2019年11月28日
如果您有任何疑问、意见或建议，请通过以下联系方式与我们联系：
电子邮件:app@kuaicad.com
客服电话:010-56403073
==========
**本隐私政策将帮助您了解以下内容:**
一、我们如何收集和使用您的个人信息
二、我们如何使用 Cookie和同类技术
三、我们如何共享、转让、公开披露您的个人信息
四、我们如何保护和保存您的个人信息
五、您的权利
六、我们针对未成年人的政策
七、本政策如何更新
八、适用法律与争议解决
九、如何联系我们
==========
本隐私政策与您所使用的CAD快速看图APP服务以及该服务所包括的各种业务功能（以下统称“我们的产品与/或服务”）息息相关，希望您在使用我们的产品与/或服务前仔细阅读并确认您已经充分理解本隐私政策所写明的内容，并让您可以按照本隐私政策的指引做出您认为适当的选择",其他通用信息,
本隐私政策中涉及的相关术语，我们尽量以简明扼要的表述，并提供进一步说明的链接，以便您更好地理解,其他通用信息,
您使用或在我们更新本隐私政策后（我们会及时提示您更新的情况）继续使用我们的产品与/或服务，即意味着您同意本隐私政策(含更新版本)内容，并且同意我们按照本隐私政策收集、使用、保存和共享您的相关信息,其他通用信息,
如对本隐私政策或相关事宜有任何问题，您可随时发送邮件至app@kuaicad.com或拨打我们的客服电话010-56403073与我们联系,其他通用信息,
"**1.我们如何收集和使用您的信息**
个人信息是指以电子邮箱，手机号或者其他方式记录的能够单独或者与其他信息结合识别特定自然人身份或者反映特定自然人活动情况的各种信息",其他通用信息,
本隐私政策中涉及的个人信息包括：基本信息（个人电话号码、电子邮箱）、个人常用设备信息（手机型号、版本号）,其他通用信息,
个人敏感信息是指一旦泄露、非法提供或滥用可能危害人身和财产安全，极易导致个人名誉、身心健康受到损害或歧视性待遇等的个人信息，本产品/服务不收集个人敏感信息,其他通用信息,
"我们仅会出于以下目的，收集和使用您的个人信息：
==========
（一）您须授权我们收集和使用您个人信息的情形
我们可能会收集、保存和使用下列与您有关的信息，如果您不提供相关信息，您将无法享受我们提供的产品与/或服务所对应的功能",第一方收集_使用,何时采集
"这些功能包括：
1、实现注册、登录的功能
**(1) 用户注册**
当您注册个人账号时，您需要向我们提供您准备使用的手机号和密码,我们将通过发送短信验证码来验证您的身份是否有效",第一方收集_使用,何时采集
"**(2) 登录功能**
当您登录本APP账号时，您需要使用您的账户名及密码用来验证和识别您的身份,也可以直接发送短信验证登录",第一方收集_使用,何时采集
"2、实现查看图纸的功能
_您在使用CAD快速看图移动端时，我们需要开启您的存储权限，以正常打开图纸",第一方收集_使用,何时采集
其他权限(例如相册，麦克风)，只有经过您的明示授权才会在APP中实现功能或提供服务时使用，不会在功能或服务不需要时收集个人信息,第一方收集_使用,对数据的使用
当您在查看图纸的过程中，如果想添加照片标注，则需要您手动授权相册使用权限,用户访问_编辑_删除的方法,用户可以进行的操作
同样如果您想添加语音标注，那么就需要您手动授权麦克风使用权限，这些权限旨在更好的让您体验我们的产品功能和享受更好的服务,第一方收集_使用,采集的目的
"_
您可以在弹窗提醒时选择是否授权",用户访问_编辑_删除的方法,用户可以进行的操作
您也可以在手机系统的权限管理页面开启或撤销针对当前APP的授权,用户访问_编辑_删除的方法,用户可以进行的操作
您可以在您的设备系统中检查上述权限状态，并决定将这些权限随时的开启或关闭，请您注意，您开启这些权限即代表您授权我们可以收集和使用这些个人信息来实现上述的功能，您关闭权限即代表您取消了这些授权，则我们将不再继续收集和使用您的这些个人信息，也无法为您提供上述与这些授权所对应的功能,用户访问_编辑_删除的方法,用户可以进行的操作
您关闭权限的决定不会影响此前基于您的授权所进行的个人信息的处理,用户访问_编辑_删除的方法,操作对用户造成的影响
"==========
（二）您须授权我们收集和使用您个人信息的情形
（1）与国家安全、国防安全有关的",其他通用信息,
（2）与公共安全、公共卫生、重大公共利益有关的,其他通用信息,
（3）与犯罪侦查、起诉、审判和判决执行等有关的,其他通用信息,
（4）出于维护个人信息主体或其他个人的生命、财产等重大合法权益但又很难得到本人同意的,其他通用信息,
（5）所收集的个人信息是个人信息主体或监护人自行向社会公众公开的,其他通用信息,
（6）从合法公开披露的信息中收集的您的个人信息的，如合法的新闻报道、政府信息公开等渠道,其他通用信息,
（7）根据您的要求签订合同所必需的,其他通用信息,
（8）用于维护所提供的产品与/或服务的安全稳定运行所必需的，例如发现、处置产品与/或服务的故障,其他通用信息,
（9）为合法的新闻报道所必需的,其他通用信息,
（10）学术研究机构基于公共利益开展统计或学术研究所必要，且对外提供学术研究或描述的结果时，对结果中所包含的个人信息进行去标识化处理的,其他通用信息,
（11）法律法规规定的其他情形,其他通用信息,
"==========
（三）我们在您使用产品及服务过程中收集的信息
我们会收集关于您使用我们产品或服务以及使用方式的信息，这些信息包括：
设备信息：我们会根据您在软件安装及/或使用中授予的具体权限，接收并记录您所使用的设备相关信息（设备型号、操作系统版本、设备环境等软硬件特征信息）",第一方收集_使用,采集的个人信息类型
服务日志信息：当您使用我们的网站或客户端提供的产品或服务时，我们会自动收集您对我们服务的详细使用情况，作为有关网络日志保存,第一方收集_使用,采集的个人信息类型
包括搜索查询内容、浏览器的类型、使用的语言、访问日期和时间及您访问的网页记录等,第一方收集_使用,采集的个人信息类型
请您理解，单独的设备信息、日志信息等是无法识别特定自然人身份的信息,第一方收集_使用,采集的个人信息类型
除非将这类非个人信息与其他信息结合用于识别特定自然人身份，或者将其与个人信息结合使用，那么在结合使用期间，这类非个人信息将被视为个人信息，我们会将该类个人信息做匿名化、去标识化处理（取得您的授权或法律法规另有规定的情况除外）,第一方收集_使用,对数据的使用
当您与我们联系时，为验证您的身份，帮助您解决问题，我们可能会记录您与我们的对话并收集其他为解决问题所需的必要信息,第一方收集_使用,何时采集
"==========
（四）您个人信息使用的规则
1、我们会根据本隐私政策的约定并为实现我们的产品与/或服务功能对所收集的个人信息进行使用",第一方收集_使用,对数据的使用
2、在收集您的个人信息后，我们将通过技术手段对数据进行去标识化处理，去标识化处理的信息将无法识别主体,第一方收集_使用,对数据的使用
请您了解并同意，在此情况下我们有权使用已经去标识化的信息,第一方收集_使用,对数据的使用
并在不透露您个人信息的前提下，我们有权对用户数据库进行分析并予以商业化的利用,第一方收集_使用,对数据的使用
3、请您注意，您在使用我们的产品与/或服务时所提供的所有个人信息，除非您删除或通过系统设置拒绝我们收集，否则将在您使用我们的产品与/或服务期间持续授权我们使用,第一方收集_使用,用户选择所造成的影响
在您注销账号时，我们将停止使用并删除您的个人信息,第一方收集_使用,对数据的使用
4、我们会对我们的产品与/或服务使用情况进行统计，并可能会与公众或第三方共享这些统计信息，以展示我们的产品与/或服务的整体使用趋势,第一方收集_使用,对数据的使用
但这些统计信息不包含您的任何身份识别信息,第一方收集_使用,对数据的使用
5、当我们展示您的个人信息时，我们会采用包括内容替换、匿名处理方式对您的信息进行脱敏，以保护您的信息安全,第一方收集_使用,对数据的使用
6、当我们要将您的个人信息用于本隐私政策未载明的其它用途时，或基于特定目的收集而来的信息用于其他目的时，会通过您主动做出勾选的形式事先征求您的同意,第一方收集_使用,是否有交互
"==========
**二、我们如何使用 Cookie和同类技术**
1、为了您能获得更轻松的访问体验、向您推荐您可能感兴趣的内容，我们会在您的计算机或移动设备上存储名为 Cookie的小数据文件",第一方收集_使用,使用的目的
"Cookie
通常包含标识符、站点名称以及一些号码和字符",其他通用信息,
借助于Cookie，我们能够存储您的偏好,第一方收集_使用,采集的个人信息类型
2、我们不会将 Cookie 用于本隐私政策所述目的之外的任何用途,第一方收集_使用,对数据的使用
"您可根据自己的偏好管理或删除
Cookies",用户访问_编辑_删除的方法,用户可以进行的操作
删除方式包含：卸载本APP,用户访问_编辑_删除的方法,操作的途径
手机设置的应用管理中找到本APP，并在“存储”相关选项中，删除缓存,用户访问_编辑_删除的方法,操作的途径
"==========
**三、我们如何共享,转让和公开披露您的个人信息**
**共享**
**1、我们不会与云图以外的任何公司、组织和个人共享您的个人信息，但以下情况及下述第2条情形除外：**
（1）事先获得您明确的同意或授权",其他通用信息,
（2）根据适用的法律法规、法律程序的要求、强制性的行政或司法要求所必须的情况下进行提供,其他通用信息,
（3）在法律法规允许的范围内，为维护云图的关联方或合作伙伴、或社会公众利益、财产或安全免遭损害而有必要提供,其他通用信息,
（4）只有共享您的个人信息，才能实现我们的产品与/或服务的核心功能或提供您需要的服务,其他通用信息,
（5）应您需求为您处理您与他人的纠纷或争议,其他通用信息,
（6）符合与您或您所在企业签署的相关协议（包括相应的平台规则）或其他的法律文件约定所提供,其他通用信息,
（7）基于学术研究而使用,其他通用信息,
（8）基于符合法律法规的社会公共利益而使用,其他通用信息,
**2、我们可能会将您的个人信息与我们的关联方共享,与第三方共享_转让_公开,何时与第三方共享
但我们只会共享必要的个人信息，且受本隐私政策中所声明目的的约束,与第三方共享_转让_公开,对于第三方的约束
我们的关联方如要改变个人信息的处理目的，将再次征求您的授权同意,与第三方共享_转让_公开,是否有交互
"**
（1）未经您事先同意,我们不会向第三方透漏您的个人信息;
==========
**（二）转让**
**我们不会将您的个人信息转让给任何公司、组织和个人，但以下情况除外：**
1、事先获得您明确的同意或授权",与第三方共享_转让_公开,何时与第三方共享
2、根据适用的法律法规、法律程序的要求、强制性的行政或司法要求所必须的情况进行提供,与第三方共享_转让_公开,何时与第三方共享
3、符合与您或您所在企业签署的相关协议（包括相应的平台规则）或其他的法律文件约定所提供,与第三方共享_转让_公开,何时与第三方共享
4、在涉及合并、收购、资产转让或类似的交易时，如涉及到个人信息转让，我们会要求新的持有您个人信息的公司、组织继续受本隐私政策的约束，否则，我们将要求该公司、组织重新向您征求授权同意,与第三方共享_转让_公开,何时与第三方共享
"==========
**四、我们如何保护个人信息的安全**
（一）我们保护您个人信息的技术与措施
我们会采用符合业界标准的安全防护措施，包括建立合理的制度规范、安全技术来防止您的个人信息遭到未经授权的访问使用、修改，避免数据的损坏或丢失",数据安全,安全措施
云图采取加密技术对用户个人信息进行加密保存，并通过隔离技术进行隔离,数据安全,安全措施
通过建立数据分类制度、数据安全管理规范、数据安全开发规范来管理规范个人信息的存储和使用,数据安全,安全措施
云图通过信息接触者保密协议、监控和审计机制来对数据进行全面安全控制,数据安全,安全措施
我们在某些服务中采用加密技术（如SSL）来保护您所提供的个人信息,数据安全,安全措施
注册账户及使用我们产品和服务过程中包含的个人信息，我们仅允许有必要知晓这些信息的云图及其附属公司的员工、合作伙伴访问，基于其工作产生的合理的处理需求进行处理,数据安全,安全措施
我们同时要求可能接触到您个人信息的所有人员履行相应的保密义务,数据安全,安全措施
如果未能履行这些义务，可能会被追究法律责任或被中止与云图的合作关系,数据安全,安全措施
我们会采取一切合理可行的措施，确保未收集无关的个人信息,数据安全,安全措施
我们只会在达成本隐私政策所述目的所需的期限内保留您的个人信息，除非需要延长保留期或受到法律的允许,数据安全,数据存储期限
"==========
**（二）您个人信息的保存**
1、您的个人信息将存储于中华人民共和国境内",数据安全,跨境传输
目前我们不会跨境传输或存储您的个人信息,数据安全,跨境传输
"将来如需跨境传输或存储的，我们会向您告知信息出境的目的、接收方、安全保证措施和安全风险，并征得您的同意
2、当您成功申请注销账户后，我们将在您提出申请的两个工作日内完成对您的账户注销审核，审核通过后，我们将对您的个人信息进行删除或匿名化处理",第一方收集_使用,对数据的使用
3、如果我们终止服务或运营，我们会至少提前三十日向您通知，并在终止服务或运营后对您的个人信息进行删除或匿名化处理,第一方收集_使用,是否有交互
"==========
**五、您的权利**
根据相关数据保护法律规定，就我们所使用的您的信息，您享有以下权利：
1、您有权请求访问您的信息",用户访问_编辑_删除的方法,用户可以进行的操作
2、如果信息不准确或不完整，您有权请求更新或修改您的信息,用户访问_编辑_删除的方法,用户可以进行的操作
3、因与您有关的特定理由，您有权反对您的信息的某些使用（包括直接营销，数据画像，基于合法利益的处理，以及用于科学或历史研究和统计的处理）,用户访问_编辑_删除的方法,用户可以进行的操作
"4、在某些情况下，您有权要求删除您的信息或限制信息的使用：
（1）如果我们处理个人信息的行为违反法律法规
（2）如果我们收集、使用您的个人信息，却未征得您的同意",用户访问_编辑_删除的方法,用户可以进行的操作
（3）如果我们处理个人信息的行为违反了与您的约定,其他通用信息,
（4）如果我们终止服务及运营,其他通用信息,
若我们决定响应您的删除请求，我们还将同时通知从我们获得您的个人信息的实体，要求其及时删除，除非法律法规另有规定，或这些实体获得您的独立授权,用户访问_编辑_删除的方法,供应商动作
若我们响应您的删除请求，我们不能保证立即从备份系统中删除相应的信息，但会在备份系统更新时删除这些信息,用户访问_编辑_删除的方法,供应商动作
"5、改变您授权同意的范围或撤回您的授权：
请您理解，每个业务功能需要一些基本的个人信息才能得以完成，当您撤回同意或授权后，我们无法继续为您提供撤回同意或授权所对应的服务，也不再处理您相应的个人信息",用户访问_编辑_删除的方法,用户可以进行的操作
但您撤回同意或授权的决定，不会影响此前基于您的授权而开展的个人信息处理,用户访问_编辑_删除的方法,操作对用户造成的影响
"6、设备权限调用
在提供服务过程中，云图会调用您的一些设备权限，您可以在设备的设置功能中选择关闭部分或全部权限，从而拒绝云图收集与使用相应的个人信息",用户访问_编辑_删除的方法,用户可以进行的操作
在不同设备中，权限显示方式及关闭方式有所不同，请您参照设备或系统开发说明与指引,其他通用信息,
您的设备系统可能会在必要信息授权的同时开放其他权限，云图自身无法通过手动或自动设置关闭授权,其他通用信息,
"7、注销账户
您可以申请注销账户",用户访问_编辑_删除的方法,用户可以进行的操作
您注销账户后，我们将停止为您提供产品与/或服务，并依据您的要求，除法律法规另有规定外，我们将删除您的个人信息,用户访问_编辑_删除的方法,供应商动作
账户一旦被注销将不可恢复，请您在操作之前自行备份账户相关的所有信息和数据,用户访问_编辑_删除的方法,操作对用户造成的影响
注销账户后，您将无法再使用本账户，也将无法找回您账户中及与账户相关的任何内容或信息,用户访问_编辑_删除的方法,操作对用户造成的影响
您可以与我们联系行使您的权利，或者可以通过您的应用和产品行使访问、更新和删除信息、注销账户的权利，我们将协助您行使您的权利,用户访问_编辑_删除的方法,用户可以进行的操作
如果您对这些权利有任何疑问或者希望行使这些权利，请发送电子邮件至[app@kuaicad.com],用户访问_编辑_删除的方法,用户可以进行的操作
为了保障安全，我们可能需要您提供书面请求，或提供您的身份证明文件，我们将在收到您反馈并验证您的身份后的15天内答复您的请求,用户访问_编辑_删除的方法,供应商动作
对于您合理的请求，我们原则上不收取费用，但对多次重复、超出合理限度的请求，我们将视情况收取一定成本费用,用户访问_编辑_删除的方法,供应商动作
对于那些无端重复、需要过多技术手段（例如，需要开发新系统或从根本上改变现行惯例）、给他人合法权益带来风险或者非常不切实际（例如，涉及备份磁带上存放的信息）的请求，我们可能会予以拒绝,用户访问_编辑_删除的方法,供应商动作
"==========
**六、未成年人使用条款**
我们不对18岁以下的未成年人提供服务，并且我们不会故意或在明确知道的情况下收集未成年的个人数据",面向特定人群用户条款,供应商动作
如果您是未成年人，除非您的父母提供明确同意且该等同意可被证实，否则您将不被允许使用和安装我们的产品或创建属于您的账号,面向特定人群用户条款,供应商动作
"==========
**七、本政策如何更新**
1、为给您提供更好的服务以及随着业务的发展，本隐私政策也会随之更新",条款更改,更改原因
但未经您明确同意，我们不会削减您依据本隐私政策所应享有的权利,条款更改,
我们会通过产品移动端上发出更新版本并在生效前通过网站公告或以其他适当方式提醒您相关内容的更新，也请您访问以便及时了解最新的隐私政策,条款更改,告知方式
2、对于重大变更，我们还会提供更为显著的通知（我们会通过包括但不限于邮件、短信或在浏览页面做特别提示等方式，说明隐私政策的具体变更内容）,条款更改,告知方式
"本隐私政策所指的重大变更包括但不限于：
（1）我们的服务模式发生重大变化",其他通用信息,
如处理个人信息的目的、处理的个人信息类型、个人信息的使用方式等,其他通用信息,
（2）个人信息共享、转让或公开披露的主要对象发生变化,其他通用信息,
（3）您参与个人信息处理方面的权利及其行使方式发生重大变化,其他通用信息,
（4）我们负责个人信息处理的联络方式及投诉渠道发生变化时,其他通用信息,
"==========
**八、适用法律与争议解决**
**1、适用法律**
本政策的执行、解释及争议的解决均适用中华人民共和国法律，且不考虑任何冲突法",其他通用信息,
"**2、争议解决**
您和我们的产品与/或服务就本政策内容或其执行发生任何争议的，双方应友好协商解决",其他通用信息,
如双方无法协商解决争议时，双方同意应将争议提交至被告住所地人民法院裁决,其他通用信息,
"==========
**九、如何联系我们**
如果您对本隐私政策或我们的隐私措施有任何疑问，请通过以下方式与我们联系：
公司全名:北京广联达云图梦想科技有限公司
邮箱地址:app@kuaicad.com
客服电话：010-56403073
邮寄地址:北京市海淀区东北旺西路8号院甲18号楼2层210室
云图深知个人信息对您的重要性，并会尽全力保护您的个人信息安全可靠",其他通用信息,
我们致力于维持您对我们的信任，恪守以下原则，保护您的个人信息：权责一致原则、目的明确原则、选择同意原则、最小必要原则、确保安全原则、主体参与原则、公开透明原则等,其他通用信息,
同时，我们承诺，我们将按业界成熟的安全标准，采取相应的安全保护措施来保护您的个人信息,其他通用信息,
请在使用我们的产品（或服务）前，仔细阅读并了解本《隐私政策》,其他通用信息,
,,
,,
,,
,,
,,
,,
,,
,,
,,
,,
,,
,,
,,
,,
,,
,,
,,
,,
,,
,,
,,
,,
,,
,,
,,
,,
,,
,,
,,
,,
,,
,,
,,
,,
,,
,,
,,
,,
,,
,,
,,
,,
,,
,,
,,
,,
,,
,,
,,
,,
,,
,,
,,
,,
,,
,,
,,
,,
,,
,,
,,
,,
,,
,,
