"ablKq7gi98SbtQqj9cgEe39oxqCa-0570_com_galasports_basketball_huawei.txt





Apkid:com.galasports.basketball.huawei
![](./img/logo1.png)
[英文](./privacypolicyEn.html)
隐私政策
==========
前言
深圳市望尘科技有限公司及关联公司（以下统称“望尘”或“我们”）一向庄严承诺保护使用望尘的产品和服务（以下统称“我们的服务”）之用户（以下统称“用户”或“您”）的隐私",其他通用信息,
您在使用我们的服务时，我们可能会收集和使用您的相关信息,第一方收集_使用,何时采集
我们希望通过本《隐私政策》向您说明，在使用我们的服务时，我们如何收集、使用、储存和分享这些信息，以及我们为您提供的访问、更新、控制和保护这些信息的方式,其他通用信息,
本《隐私政策》与您所使用的我们的服务息息相关，希望您仔细阅读，在需要时，按照本《隐私政策》的指引，作出您认为适当的选择,其他通用信息,
本《隐私政策》中涉及的相关技术词汇，我们尽量以简明扼要的表述，并提供进一步说明的链接，以便您的理解,其他通用信息,
请注意我们不时地会检查我们的政策，因此有关的措施会随之变化,其他通用信息,
我们恳请您定期光顾本页面，以确保对我们《隐私政策》最新版本始终保持了解,其他通用信息,
在阅读完本政策之后，如您对本《隐私政策》或与本《隐私政策》相关的事宜有任何问题，请与service@galasports.net联系,其他通用信息,
您使用或继续使用我们的服务，即意味着同意我们按照本《隐私政策》收集、使用、储存和分享您的相关信息,其他通用信息,
"==========
目录
一、我们可能收集的信息
二、我们如何收集和使用信息
三、我们可能分享、转让和披露的信息
四、我们如何保留、储存和保护信息
五、如何管理您的信息
六、广告服务
七、第三方服务
八、年龄限制
九、通知和修订
十、如何联系我们
==========
一、我们可能收集的信息
我们提供服务时，可能会收集、储存和使用下列与您有关的信息",其他通用信息,
如果您不提供相关信息，可能无法注册成为我们的用户或无法享受我们提供的某些服务，或者无法达到相关服务拟达到的效果,第一方收集_使用,用户选择所造成的影响
"（一）与个人身份无关的信息：
当您使用我们的服务时，我们可能收集和汇总诸如用户的来源途径、访问顺序等信息，例如记录使用我们的服务的每个用户的来源途径、浏览器软件等",第一方收集_使用,何时采集
"（二）有关个人身份的信息：
当您使用我们的服务时，我们可能收集和汇总或要求您提供有关个人身份的信息，例如个人身份证明（包括身份证、护照、驾驶证等）",第一方收集_使用,何时采集
生日、籍贯、性别、兴趣爱好、个人电话号码、面部特征,第一方收集_使用,采集的个人信息类型
网络身份标识信息（包括系统账号、IP地址、电子邮箱地址及与前述有关的密码、口令、口令保护答案等）,第一方收集_使用,采集的个人信息类型
个人财产信息（交易记录、余额、优惠券、游戏类兑换码、银行卡信息等）,第一方收集_使用,采集的个人信息类型
通讯信息,第一方收集_使用,采集的个人信息类型
个人上网记录和日志信息（包括网站浏览记录、软件使用记录、点击记录、操作日志等）,第一方收集_使用,采集的个人信息类型
设备信息（包括设备型号、设备MAC地址、操作系统类型、设备设置）,第一方收集_使用,采集的个人信息类型
软件列表唯一设备识别码（如IMEI/android ID/IDFA/OPENUDID/GUID、SIM卡IMSI信息等在内的描述个人常用设备基本情况的信息）,第一方收集_使用,采集的个人信息类型
位置信息（包括行程信息、精准定位信息、住宿信息、经纬度等）,第一方收集_使用,采集的个人信息类型
"==========
二、我们如何收集和使用信息
1、您提供的信息：
（1）您在注册账户或使用我们的服务时，向我们提供的相关个人信息，例如电话号码、电子邮件或银行卡号等",第一方收集_使用,何时采集
（2）您通过我们的服务向其他方提供的共享信息，以及您使用我们的服务时所储存的信息,第一方收集_使用,何时采集
2、其他方分享的您的信息,第一方收集_使用,何时采集
其他方使用我们的服务时所提供有关您的共享信息,第一方收集_使用,何时采集
3、我们获取的您的信息,第一方收集_使用,何时采集
您在使用我们的服务时，我们收集、汇总、记录的信息，例如日志信息、位置信息、设备信息等,第一方收集_使用,何时采集
"==========
（二）我们会出于以下目的，收集和使用您的信息：
1、帮助您完成注册
为便于我们为您提供服务，您需要提供基本注册信息，例如手机号码、电子邮箱地址等，并创建您的用户名和密码",第一方收集_使用,采集的目的
"2、向您提供服务
我们所收集和使用的信息是为您提供服务的必要条件，如缺少相关信息，我们将无法为您提供服务的核心内容，例如：当您与我们联系时，我们可能会保存您的通信/通话记录和内容或您留下的联系方式等信息，以便与您联系或帮助您解决问题，或记录相关问题的处理方案及结果",第一方收集_使用,采集的目的
"3、向您推送信息
（1）邮件和信息推送",第一方收集_使用,采集的目的
您在使用我们的服务时，我们可能使用您的信息向您的设备发送电子邮件、新闻或推送通知,第一方收集_使用,对数据的使用
如您不希望收到这些信息，可以按照相关提示，在设备上选择取消订阅,用户访问_编辑_删除的方法,用户可以进行的操作
（2）与服务有关的公告,第一方收集_使用,对数据的使用
我们可能在必要时（例如因系统维护而暂停某一项服务时）向您发出与服务有关的公告,第一方收集_使用,对数据的使用
您可能无法取消这些与服务有关、性质不属于推广的公告,第一方收集_使用,对数据的使用
"4、为您提供安全保障
为确保您身份真实性、向您提供更好的安全保障，您可以向我们提供身份证明、面部特征等生物识别信息等个人敏感信息以完成实名认证",第一方收集_使用,采集的目的
除身份验证外，我们可能将您的信息用于客户服务、安全防范、诈骗监测、存档和备份等用途，确保我们向您提供的服务的安全性,第一方收集_使用,对数据的使用
我们可能使用或整合我们所收集的您的信息，以及我们的合作伙伴取得您授权或依据法律共享的信息，来综合判断您账户及交易风险、进行身份验证、检测及防范安全事件，并依法采取必要的记录、审计、分析、处置措施,第一方收集_使用,对数据的使用
"5、改进我们的服务
我们可能让您参与有关我们的服务的调查，帮助我们改善现有服务或设计新服务",第一方收集_使用,对数据的使用
同时，我们可能将您的信息用于软件更新,第一方收集_使用,对数据的使用
您了解并同意，在收集您的信息后，我们将通过技术手段对数据进行去标识化处理，去标识化处理的信息将无法识别您的身份，在此情况下我们有权使用已经去标识化的信息，对用户数据库进行分析并予以商业化的利用,第一方收集_使用,对数据的使用
如果我们将您的信息用于本《隐私政策》中未载明的其他用途，会事先征求您同意,第一方收集_使用,是否有交互
"6、征得授权同意的例外
（1）与国家安全、国防安全有关的",其他通用信息,
（2）与公共安全、公共卫生、重大公共利益有关的,其他通用信息,
（3）与犯罪侦查、起诉、审判和判决执行等有关的,其他通用信息,
（4）出于维护信息主体或其他个人的生命、财产等重大合法权益但又很难得到您本人同意的,其他通用信息,
（5）所收集的信息是您自行向社会公众公开的,其他通用信息,
（6）从合法公开披露的信息中收集信息的，如合法的新闻报道、政府信息公开等渠道,其他通用信息,
（7）根据您的要求签订合同所必需的,其他通用信息,
（8）用于维护我们的服务的安全稳定运行所必需的，例如发现、处置产品或服务的故障,其他通用信息,
（9）为合法的新闻报道所必需的,其他通用信息,
（10）学术研究机构基于公共利益开展统计或学术研究所必要，且对外提供学术研究或描述的结果时，对结果中所包含的信息进行去标识化处理的,其他通用信息,
（11）法律法规规定的其他情形,其他通用信息,
"==========
三、我们可能分享、转让或披露的信息
（一）分享
除以下情形外，未经您同意，我们以及我们的关联公司不会与任何第三方分享您的个人信息：
1、向您提供我们的服务",与第三方共享_转让_公开,与第三方共享的目的
我们可能向合作伙伴及其他第三方分享您的信息，以实现您需要的核心功能或提供您需要的服务,与第三方共享_转让_公开,与第三方共享的目的
2、维护和改善我们的服务,与第三方共享_转让_公开,与第三方共享的目的
我们可能向合作伙伴及其他第三方分享您的信息，以帮助我们为您提供更有针对性、更完善的服务,与第三方共享_转让_公开,与第三方共享的目的
3、实现本《隐私政策》第二条“我们如何收集和使用信息”部分所述目的,与第三方共享_转让_公开,与第三方共享的目的
4、履行我们在本《隐私政策》或我们与您达成的其他协议中的义务和行使我们的权利,与第三方共享_转让_公开,与第三方共享的目的
5、在法律法规允许的范围内，为了遵守法律、维护我们及我们的关联方或合作伙伴、您或其他用户或社会公众利益、财产或安全免遭损害，比如为防止欺诈等违法活动和减少信用风险，我们可能与其他公司和组织交换信息,与第三方共享_转让_公开,与第三方共享的目的
"不过,这并不包括违反本《隐私政策》中所作的承诺而为获利目的出售、出租、共享或以其它方式披露的信息",与第三方共享_转让_公开,与第三方共享的目的
6、应您合法需求，协助处理您与他人的纠纷或争议,与第三方共享_转让_公开,与第三方共享的目的
"7、应您的监护人合法要求而提供您的信息
8、基于符合法律法规的社会公共利益而提供
我们仅会出于合法、正当、必要、特定、明确的目的共享您的信息",与第三方共享_转让_公开,何时与第三方共享
对我们与之共享信息的公司、组织和个人，我们会与其签署严格的保密协定，要求他们按照我们的说明、本《隐私政策》以及其他任何相关的保密和安全措施来处理信息,与第三方共享_转让_公开,对于第三方的约束
"==========
（二）转让
1、随着我们业务的持续发展，我们有可能进行合并、收购、资产转让或类似的交易，而您的信息有可能作为此类交易的一部分而被转移",与第三方共享_转让_公开,何时与第三方共享
"我们会要求新的持有您信息的公司、组织继续受本《隐私政策》的约束，否则,我们将要求该公司、组织重新向您征求授权同意",与第三方共享_转让_公开,对于第三方的约束
2、在获得您的明确同意后，我们会向其他方转让您的信息,与第三方共享_转让_公开,对于第三方的约束
"==========
（三）披露
我们或我们的关联公司仅会在以下情况下，且采取符合业界标准的安全防护措施的前提下，才会披露您的信息：
1、根据您的需求，在您明确同意的披露方式下披露您所指定的信息",与第三方共享_转让_公开,何时与第三方共享
2、基于法律的披露：在法律、法律程序、诉讼或政府主管部门强制性要求的情况下，我们可能会公开披露您的个人信息,与第三方共享_转让_公开,何时与第三方共享
"==========
3、为遵守适用的法律法规、维护社会公共利益，或保护我们的客户、我们或我们的关联公司、其他用户或雇员的人身和财产安全或合法权益所合理必需的用途",与第三方共享_转让_公开,何时与第三方共享
"四、我们如何保留、储存和保护信息
（一）我们已使用符合业界标准的安全防护措施保护您提供的个人信息，防止数据遭到未经授权访问、公开披露、使用、修改、损坏或丢失",数据安全,安全措施
我们会采取一切合理可行的措施，保护您的个人信息,数据安全,安全措施
例如，在您的浏览器与“服务”之间交换数据（如信用卡信息）时受SSL加密保护,数据安全,安全措施
我们会使用加密技术确保数据的保密性,数据安全,安全措施
我们会使用受信赖的保护机制防止数据遭到恶意攻击,数据安全,安全措施
我们会部署访问控制机制，确保只有授权人员才可访问个人信息,数据安全,安全措施
（二）我们会采取一切合理可行的措施，确保未收集无关的个人信息,数据安全,安全措施
我们只会在达成本政策所述目的所需的期限内保留您的个人信息，除非需要延长保留期或受到法律的允许,数据安全,安全措施
（三）互联网并非绝对安全的环境，而且电子邮件、即时通讯等用户的交流方式并未加密，我们强烈建议您不要通过此类方式发送个人信息,数据安全,安全措施
请使用复杂密码，协助我们保护您的账户安全,数据安全,安全措施
（四）互联网环境并非百分之百安全，我们将尽力确保或担保您发送给我们的任何信息的安全性,数据安全,安全措施
如果我们的物理、技术、或管理防护设施遭到破坏，导致信息被非授权访问、公开披露、篡改、或损坏，导致您的合法权益受损，我们将承担相应的法律责任,数据安全,安全措施
"（五）安全事件处置
在不幸发生个人信息安全事件后，我们将按照法律法规的要求，及时向您告知：安全事件的基本情况和可能的影响、我们已采取或将要采取的处置措施、您可自主防范和降低风险的建议、对您的补救措施等",数据安全,发生安全事故的处理方式
我们将及时将事件相关情况以邮件、信函、电话、推送通知等方式告知您，难以逐一告知个人信息主体时，我们会采取合理、有效的方式发布公告,数据安全,发生安全事故的处理方式
请您理解，由于技术的限制以及风险防范的局限，即便我们已经尽量加强安全措施，也无法始终保证信息百分之百的安全,数据安全,发生安全事故的处理方式
您需要了解，您使用我们的服务所用的系统和通讯网络，有可能因我们可控范围外的情况而发生问题,数据安全,发生安全事故的处理方式
"==========
五、如何管理您的信息
（一）访问、更新和删除
我们鼓励您更新和修改您的信息以使其更准确有效",用户访问_编辑_删除的方法,用户可以进行的操作
您能通过我们的服务访问您的信息，并根据对应信息的管理方式自行完成或要求我们进行修改、补充和删除,用户访问_编辑_删除的方法,用户可以进行的操作
我们将采取适当的技术手段，尽可能保证您可以访问、更新和更正自己的信息或使用服务时提供的其他信息,用户访问_编辑_删除的方法,供应商动作
"（二）公开与分享
我们的多项服务，可让您不仅与自己的社交网络，也与使用该服务的所有用户公开分享您的相关信息，例如，您在我们的服务中所上传或发布的信息（包括您公开的个人信息、您建立的名单）、您对其他人上传或发布的信息作出的回应，以及包括与这些信息有关的位置数据和日志信息",用户访问_编辑_删除的方法,用户可以进行的操作
使用我们服务的其他用户也有可能分享与您有关的信息（包括位置数据和日志信息）,用户访问_编辑_删除的方法,用户可以进行的操作
只要您不删除共享信息，有关信息会一直留存在公共领域,其他通用信息,
即使您删除共享信息，有关信息仍可能由其他用户或不受我们控制的非关联第三方独立地缓存、复制或储存，或由其他用户或该等第三方在公共领域保存,其他通用信息,
如您将信息通过上述渠道公开或共享，由此造成您的信息泄露，我们不承担责任,其他通用信息,
因此，我们提醒并请您慎重考虑是否通过上述渠道公开或共享您的信息,用户访问_编辑_删除的方法,供应商动作
"（三）注销
您随时可注销此前注册的账户，在注销账户后，我们将停止为您提供服务，并依据您的要求，删除您的个人信息，法律法规另有规定的除外",用户访问_编辑_删除的方法,用户可以进行的操作
"==========
（四）改变您授权同意的范围
您总是可以选择是否披露信息",用户访问_编辑_删除的方法,用户可以进行的操作
有些信息是使用我们的服务所必需的，但大多数其他信息的提供是由您决定的,其他通用信息,
您可以通过删除信息、关闭设备功能等方式改变您授权我们继续收集信息的范围或撤回您的授权,用户访问_编辑_删除的方法,用户可以进行的操作
当您撤回授权后，我们无法继续为您提供撤回授权所对应的服务，也不再处理您相应的信息,用户访问_编辑_删除的方法,供应商动作
但您撤回授权的决定，不会影响此前基于您的授权而开展的信息处理,用户访问_编辑_删除的方法,操作对用户造成的影响
"==========
（五）有关敏感信息的提示
某些信息因其特殊性可能被认为是敏感信息，例如您的种族、宗教、个人健康和医疗信息等，以及身份证明文件、个人生物识别信息、财产信息、行踪轨迹、交易信息、未成年人的信息等",其他通用信息,
请注意，您在我们的服务中所提供、上传或发布的内容和信息（例如有关您社交活动的照片或信息），可能会泄露您的敏感信息,其他通用信息,
您需要谨慎地考虑，是否使用我们的服务披露您的敏感信息,其他通用信息,
您同意您的敏感信息按本《隐私政策》所述的目的和方式来处理,其他通用信息,
"==========
六、广告服务
1、我们可能使用您的相关信息，向您提供与您更加相关的广告",第一方收集_使用,对数据的使用
"2、我们也可能使用您的信息，通过我们的服务、电子邮件或其他方式向您发送营销信息，提供或推广我们或第三方的如下商品和服务：
（1） 我们的商品或服务，我们的关联公司和合作伙伴的商品或服务，（统称“互联网服务”）",第一方收集_使用,对数据的使用
（2）第三方供应商，以及与下列有关的第三方商品或服务：食物和餐饮、体育、音乐、电影、电视、现场表演及其他艺术和娱乐、书册、杂志和其他刊物、服装和配饰、珠宝、化妆品、个人健康和卫生、电子、收藏品、家用器皿、电器、家居装饰和摆设、宠物、汽车、酒店、交通和旅游、银行、保险及其他金融服务、会员积分和奖励计划，以及我们认为可能与您相关的其他商品或服务,第三方搜集_使用,第三方相关实体
如您不希望我们将您的个人信息用作前述广告用途，您可以通过我们在广告中提供的相关提示，或在特定服务中提供的指引，要求我们停止为上述用途使用您的个人信息,用户访问_编辑_删除的方法,用户可以进行的操作
"==========
七、第三方服务
我们的服务可能包括或链接至第三方提供的社交媒体或其他服务（包括网站）",其他通用信息,
"例如：
（1）您利用
“分享”键将某些内容分享到我们的服务，或您利用第三方连线服务登录我们的服务",其他通用信息,
这些功能可能会收集您的相关信息（包括您的日志信息），并可能在您的电脑装置cookies，从而正常运行上述功能,其他通用信息,
（2）我们通过广告或我们服务的其他方式向您提供链接，使您可以接入第三方的服务或网站,其他通用信息,
（3）其他接入第三方服务的情形,其他通用信息,
该等第三方社交媒体或其他服务由相关的第三方,其他通用信息,
您使用该等第三方的社交媒体服务或其他服务（包括您向该等第三方提供的任何个人信息），须受该第三方的服务条款及隐私政策（而非本《隐私政策》）约束，您需要仔细阅读其条款,其他通用信息,
本《隐私政策》仅适用于我们所收集的信息，并不适用于任何第三方提供的服务或第三方的信息使用规则，我们对任何第三方使用由您提供的信息不承担任何责任,其他通用信息,
"==========
八、年龄限制
我们鼓励父母或监护人指导未满十八岁的未成年人使用我们的服务",面向特定人群用户条款,供应商动作
我们建议未成年人鼓励他们的父母或监护人阅读本《隐私政策》，并建议未成年人在提交的个人信息之前寻求父母或监护人的同意和指导,面向特定人群用户条款,供应商动作
"==========
九、通知和修订
我们可能适时修订本《隐私政策》的条款，该等修订构成本《隐私政策》的一部分",条款更改,
如该等修订造成您在本《隐私政策》下权利的实质减少，我们将在修订生效前通过在主页上显著位置提示或向您发送电子邮件或以其他方式通知您,条款更改,告知方式
在该种情况下，若您继续使用我们的服务，即表示同意受经修订的本《隐私政策》的约束,条款更改,用户选择
"==========
十、如何联系我们
如您有关于网络信息安全的投诉和举报，或您对本《隐私政策》、您的信息的相关事宜有任何问题、意见或建议，以及有关本声明或我们的隐私措施的问题请与我们联系",其他通用信息,
地址是service@galasports.net,其他通用信息,
"深圳市望尘科技有限公司
二��一八年七月
==========",其他通用信息,
