"aYm1_UxrF7CRERARfpKW33MO77UC-0571_com_huaxiaozhu_rider.txt





Apkid:com.huaxiaozhu.rider
==========
个人信息保护及隐私政策
 **                       个人信息保护及隐私政策**  
2020年12月22日版本
2020年12月29日生效  
==========
花小猪打车（由滴滴出行科技有限公司运营，以下简称“花小猪”或“我们”）非常重视您的个人信息的保护",其他通用信息,
本政策适用于花小猪产品及服务,其他通用信息,
请您务必认真阅读本政策，在确认充分了解并同意后使用我们产品及服务,其他通用信息,
如果您/您的监护人不同意本政策的任何内容，您应该立即停止使用,其他通用信息,
"==========
本政策主要包括以下内容：  
1\.
本政策将根据花小猪的具体业务功能，向您说明我们可能收集的个人信息范围、收集目的、收集方式",其他通用信息,
我们将严格遵循合法、正当、必要的原则，收集、使用您的信息，您拒绝提供非必要信息或者附加功能所需信息时，仍然能够使用花小猪核心功能,其他通用信息,
"2\.
本政策向您说明为保护您的个人信息安全，我们所采用的安全制度及技术措施，如设立信息安全委员会、制定相应规范制度、敏感数据加密存储、加密传输、全员签署保密协议、严格控制访问权限等，来确保您的个人信息不丢失、泄露、毁损或被未经授权的访问、使用",其他通用信息,
"3\.
本政策向您说明我们与其他第三方共享您的个人信息的情况，包括与我们关联公司共享您的个人信息的详细情况",其他通用信息,
我们将严格按照本政策说明的场景使用或者共享您的个人信息，如果超出本政策说明的范围，我们会再次向您告知并征得您的明示同意,其他通用信息,
"==========
您可以通过以下索引了解本政策的具体约定：
1\. 我们如何收集您的个人信息",其他通用信息,
2\. 设备权限调用,其他通用信息,
3\. 我们如何使用Cookie和同类技术,其他通用信息,
4\. 我们如何使用您的个人信息,其他通用信息,
5\. 我们如何保存和保护您的个人信息,其他通用信息,
6\. 我们如何共享、转让、公开披露您的个人信息以及所接入的第三方,其他通用信息,
7. 您的用户权利,其他通用信息,
8\. 未成年人的个人信息保护,其他通用信息,
9\. 隐私政策更新,其他通用信息,
10\. 如何联系我们,其他通用信息,
"==========
 **1\. 我们如何收集您的个人信息   **
本政策下，个人信息是指以电子或者其他方式记录的能够单独或者与其他信息结合识别自然人个人身份的各种信息",其他通用信息,
个人敏感信息，是指一旦泄露、非法提供或滥用可能危害人身和财产安全，极易导致个人名誉、身心健康受到损害或歧视性待遇等的个人信息,其他通用信息,
我们收集的个人信息包括您提供给我们的信息、您使用服务时我们记录的信息以及来自我们的合作伙伴和关联公司等其他来源的信息,其他通用信息,
我们收集的信息范围取决于您实际使用的产品和服务功能,其他通用信息,
1.1您需要向我们提供您的手机号码，并设置您的密码,第一方收集_使用,采集的个人信息类型
当您注册账户及您在使用我们提供的相关服务时，我们以此识别您的身份，并为您提供服务,第一方收集_使用,何时采集
如果您选择使用“微信登录”或“支付宝登录”，我们还需要获取微信或支付宝的OpenID，用于我们识别您的网络身份，如果您拒绝提供手机号码，将无法为您创建账号并提供服务,第一方收集_使用,用户选择所造成的影响
1.2 您可以设置昵称，以完善您的个人资料,用户访问_编辑_删除的方法,用户可以进行的操作
1.3您可以选择是否提供常用地址（包括家庭地址和工作单位地址），设置后您可以更便捷地填入行程起终点信息,用户访问_编辑_删除的方法,用户可以进行的操作
如果您拒绝设置常用地址，则需要您手动输入行程起终点信息,用户访问_编辑_删除的方法,操作对用户造成的影响
1.4 您可以添加紧急联系人,用户访问_编辑_删除的方法,用户可以进行的操作
"添加紧急联系人时，您可手动输入紧急联系人的姓名、 **手机号**
，也可以通过授权我们通过读取通讯录的方式直接上传紧急联系人信息",第一方收集_使用,何时采集
如您拒绝提供紧急联系人信息，将无法实时分享您的行程以达到保护自身安全的目的,第一方收集_使用,用户选择所造成的影响
1.5 **行程信息，** 我们将通过记录用户行为收集您的 **出发地、到达地、行踪轨迹、时长及里程数信息**,第一方收集_使用,采集的个人信息类型
我们收集上述信息，是基于法律法规要求以及保护您的人身财产安全、依照用户规则处理用户纠纷之需要,第一方收集_使用,采集的目的
如果您拒绝提供出发地、到达地，将导致我们无法为您提供服务,第一方收集_使用,用户选择所造成的影响
如果您拒绝我们获取您的行踪轨迹，可能导致我们无法获得您的实际行使路线、无法更好地保护您的权益,第一方收集_使用,用户选择所造成的影响
"1.6 **录音信息，**
为更好地处理司乘纠纷、提升我们的安全能力，我们将录取您每一次行程的车内环境声音信息（包括您及车上人员交谈或肢体动作产生的声音）",第一方收集_使用,对数据的使用
录音起始时间、保存规则等，以我们与您另行达成的具体协议约定为准,第一方收集_使用,对数据的使用
1.7位置信息，我们将收集您的位置信息，以便为您推荐上下车点、规划导航路线,第一方收集_使用,对数据的使用
在您首次使用服务前，我们会提示您选择是否允许我们获取以及何种情况下可以获取您的位置信息,第一方收集_使用,对数据的使用
在您使用过程中，您可以随时通过您的设备设置功能，选择是否允许我们获取以及何种情况下可以获取您的位置信息,第一方收集_使用,用户的选择
"获得您的允许后，我们会通过IP地址、GPS以及能够提供相关信息的其他传感器（如附近设备、Wi-
Fi接入点和基站信息）来获取您的位置信息",第一方收集_使用,对数据的使用
如果您拒绝我们获取位置信息，将需要手动定位您的位置,第一方收集_使用,用户选择所造成的影响
1.8 **订单信息及交易状态,第一方收集_使用,采集的个人信息类型
"**
我们将记录您的订单信息及交易状态，我们收集上述信息是基于法律法规要求以及保护您的人身财产安全、依照用户规则处理用户纠纷之需要",第一方收集_使用,何时采集
1.9您在进行交易支付时，如果您使用第三方支付功能，我们将获取您的支付工具、支付状态，以及充值信息,第一方收集_使用,何时采集
我们收集和记录上述信息是基于法律法规要求以及保护您的人身财产安全、按照用户规则处理用户纠纷的需要,第一方收集_使用,何时采集
1.10当您需要开具发票时，我们需要收集您的邮箱、微信平台或支付宝平台的OpenID、您的账号、uid、pid、开票信息、订单信息，并将开票信息和开票金额共享给第三方，从第三方处获取您的发票,第一方收集_使用,何时采集
1.11 您通过我们的产品接打电话、发送信息时，我们会收集您的 **通话内容、通话时长、主被叫手机号码信息** ，以及**您通过我们的产品发送的文字信息内容**,第一方收集_使用,何时采集
1.12 您在进行级别或文字评价的过程中，也可能会包含或者关联到您的个人信息，您可以匿名评价，在此过程中，请勿留存个人信息,第一方收集_使用,何时采集
1.13 当您与客服团队联系时，我们会以通话录音及人工录入的方式记录您的 **通话信息** 、您提出的意见或建议、您提供的姓名、 **联系方式**，以便我们处理您的问题,第一方收集_使用,何时采集
1.14 您参加我们的营销活动时，我们需要您提供 **联系方式**，以便我们对活动结果进行公示，对活动进行后续宣传，与您取得联系,第一方收集_使用,何时采集
如果您拒绝提供，可能导致无法参加相应活动，但不会影响您使用基础的打车功能,第一方收集_使用,用户选择所造成的影响
1.15为了防控运营风险，保障您的账号安全，满足法律法规要求，开展数据分析、更好改善服务，我们会收集您的设备信息（包括设备型号、操作系统版本、设备设置、MAC地址及 IMEI、IDFA、OAID及其他设备标识符、SIM 卡 IMSI 信息、SIM卡归属地、设备环境、移动应用列表及其他软硬件特征信息）及日志信息（包括浏览记录、检索内容、点击查看记录、交易记录以及 IP地址、浏览器类型、电信运营商、使用语言、访问日期和时间）,第一方收集_使用,采集的个人信息类型
"==========
 **2\. 设备权限调用**  
在您使用花小猪相关功能的过程中，我们可能会调用您的一些设备权限",第一方收集_使用,何时采集
您同意本政策后，相应手机权限并不会默认开启，当涉及重要或敏感的手机权限时，我们会在您使用到相应功能时，另行弹窗再次征得您的同意后开启,用户访问_编辑_删除的方法,用户可以进行的操作
权限开启后，您还可以随时通过设备设置权限关闭,用户访问_编辑_删除的方法,用户可以进行的操作
"==========
 **3\. 我们如何使用Cookie和同类技术  **  
3.1Cookie是支持服务器端（或者脚本）在客户端上存储和检索信息的一种机制",第一方收集_使用,
当您使用我们的产品或服务时，为使您获得更轻松安全的访问体验，我们可能会使用Cookie或同类技术来收集和存储信息，在此过程中可能会向您的设备发送一个或多个Cookie或匿名标识符,第一方收集_使用,使用的目的
这么做是为了收取您的信息，用于了解您的偏好，进行咨询或数据分析，改善产品服务及用户体验，或及时发现并防范安全风险，为您提供更好的服务,第一方收集_使用,采集的个人信息类型
我们不会将Cookie用于本政策所述目的之外的任何用途，您可根据自己的偏好留存或删除Cookie,用户访问_编辑_删除的方法,用户可以进行的操作
您可清除软件内保存的所有Cookie，当您手动清除后您的相关信息即已删除,用户访问_编辑_删除的方法,用户可以进行的操作
3.2我们的产品上还可能包含一些电子图像（以下简称“单像素GIF文件”或“网络Beacon”），使用网络Beacon可以计算浏览网页的用户或访问某些Cookie，我们会通过网络Beacon收集您浏览网页活动的信息，例如：Internet协议(IP)地址，浏览器类型，Internet服务提供商（ISP），参考/退出页面，操作系统，日期/时间戳，和点击数据流等,其他通用信息,
"==========
 **4\. 我们如何使用您的个人信息  **
4.1 您的个人信息会被用于“我们如何收集您的个人信息”条款明确列明的使用场景",第一方收集_使用,对数据的使用
"4.2 您的个人信息可能被用于以下与“个人信息的收集”条款所声称的目的具有直接或合理关联的场景：
 1)我们可能将您使用花小猪服务时收集的信息与您使用滴滴其他平台服务时提供的个人信息以及我们的关联公司、业务合作伙伴取得您授权或者依法共享的信息结合起来，进行综合统计、分析以形成用户画像，以为您提供更加个性化、便捷的服务",第一方收集_使用,对数据的使用
我们承诺在使用用户画像的过程中，不会侵害公民、法人和其他组织的合法权益，不会危害国家安全、荣誉和利益,第一方收集_使用,对数据的使用
2) 我们可能对用户个人信息进行去标识化处理后，以统计数据为基础设计、开发、推广全新的产品及服务,第一方收集_使用,对数据的使用
3) 我们会对我们的服务使用情况进行统计，并可能会与公众或第三方分享这些统计信息，但这些统计信息不包含您的任何身份识别信息,第一方收集_使用,对数据的使用
4)我们会向您发送信息和通知，包括但不限于为保证服务完成所必需的验证码、使用产品或服务时所必要的推送通知、关于花小猪服务的新闻以及市场活动及优惠促销信息、花小猪合作第三方的推广信息，或其他您可能感兴趣的内容,第一方收集_使用,对数据的使用
如您不希望继续接收上述信息，可以根据信息中提供的退订方式予以退订,用户访问_编辑_删除的方法,用户可以进行的操作
4.3 凡是超出与“我们如何收集您的个人信息”条款声称目的具有直接或合理关联的范围使用您的个人信息，我们会再次向您告知并征得您的明示同意,第一方收集_使用,是否有交互
"4.4 另外，根据相关法律法规及国家标准，以下情形中，我们可能会收集、使用您的相关个人信息无需征求您的授权同意：  
1) 与国家安全、国防安全直接相关的",其他通用信息,
2) 与公共安全、公共卫生、重大公共利益直接相关的,其他通用信息,
3) 与犯罪侦查、起诉、审判和判决执行等直接相关的,其他通用信息,
4) 出于维护个人信息主体或其他个人的生命、财产等重大合法权益但又很难得到本人同意的,其他通用信息,
5) 所收集的个人信息是个人信息主体自行向社会公众公开的,其他通用信息,
6) 从合法公开披露的信息中收集个人信息的，如合法的新闻报道、政府信息公开等渠道,其他通用信息,
7) 根据个人信息主体要求签订和履行合同所必需的,其他通用信息,
8) 用于维护所提供的产品或服务的安全稳定运行所必需的，例如发现、处置产品或服务的故障,其他通用信息,
9) 其他法律法规等规定的情形,其他通用信息,
"==========
 **5\. 我们如何保存和保护您的个人信息**  
5.1 信息的保存 **  
**
1)我们收集的您的个人信息，将在中国内地存储和使用",数据安全,跨境传输
如涉及向境外传输个人信息，我们会按照法律法规和相关监管部门的规定，向您说明个人信息出境的相关情况并征得您的同意,数据安全,跨境传输
2) 您使用花小猪服务期间，我们会持续保存您的个人信息,数据安全,数据存储期限
3)您自主删除个人信息或注销账号，我们将按照法律、法规规定的最短期限保留您的现有个人信息,数据安全,数据存储期限
在法律法规要求的最短保存期限内，我们将不再对您的个人信息进行商业化使用，当您的个人信息超出上述保存期限，我们将会对其进行匿名化处理,数据安全,数据存储期限
a)为配合人民检察院、公安机关、国家安全机关侦查用户使用花小猪服务过程中产生的犯罪行为，更好保护其他用户生命财产安全，当您主删除个人信息或注销账号，我们将在刑法规定的犯罪追诉时效期间内，加密隔离存档您的个人信息,数据安全,数据存储期限
4) 花小猪与您另行签署的具体的个人信息保护政策就某类信息的保存期限做特殊约定的，从其约定,数据安全,数据存储期限
"==========
5.2 信息的保护  
1) 我们将采用严格的安全制度以及行业通行的安全技术和程序来确保您的个人信息不丢失、泄露、毁损或被未经授权的访问、使用",数据安全,安全措施
"2) 花小猪采取以下安全技术措施保护您的个人信息：
 a) 用户个人敏感信息被加密储存在服务器中，并通过数据隔离技术进行存储",数据安全,安全措施
b) 数据传输过程中使用加密传输协议,数据安全,安全措施
c) 严格控制数据访问权限，设立完善的敏感数据访问权限申请、审批制度,数据安全,安全措施
d) 建立数据安全监控和审计制度，进行全面数据安全控制,数据安全,安全措施
"3) 花小猪同时采取其他安全措施保护您的个人信息：  
a) 建立公司信息安全委员会，统一协调管理数据安全工作，并下设数据安全小组，推动各项数据安全活动",数据安全,安全措施
b) 公司内部颁布实施数据安全管理规范，明确对用户数据（包括用户个人信息）的保护标准和要求,数据安全,安全措施
c) 新项目、新系统上线前对数据安全（包括用户个人信息数据）进行项目风险评估,数据安全,安全措施
d) 与全体员工及服务外包人员签署保密协议，并严格按照工作职责分配数据访问权限,数据安全,安全措施
e) 定期开展面向公司全体员工及外包服务人员的信息安全教育及培训,数据安全,安全措施
"5.3 安全事件处置  
1)为应对个人信息泄露、毁损、丢失等可能出现的安全风险，我们已经在公司范围内颁布多项制度，明确了安全事故、安全漏洞的分类分级标准，以及针对上述安全事故和漏洞，内部处理流程（包括应急响应流程）和补救措施",数据安全,发生安全事故的处理方式
2)尽管我们会尽力采取商业可行的方式来保护您的个人信息，但我们不能保证其绝对安全,数据安全,发生安全事故的处理方式
如若我们控制下的任何个人信息因发生安全事件而被泄露，我们将根据适用法律法规，通知个人信息可能被泄露的数据主体,数据安全,发生安全事故的处理方式
当难以逐一告知用户时我们将通过发布公告的方式发布警示信息,数据安全,发生安全事故的处理方式
"5.4 停止运营
1) 如花小猪停止运营，我们将至少提前30日在花小猪发布公告，并及时停止收集个人信息",第一方收集_使用,对数据的使用
2) 停止运营后，我们将停止对个人信息的商业化使用，并在满足法律法规规定的最短保存期后，对收集的个人信息进行匿名化处理,第一方收集_使用,对数据的使用
停止运营且无承接方的，我们将对收集的个人信息进行删除处理,第一方收集_使用,对数据的使用
"==========
 **  6\. 我们如何共享、转让、公开披露您的个人信息以及所接入的第三方 **  
6.1 共享是指花小猪向其他个人信息控制者提供个人信息，且双方分别对个人信息拥有独立控制权的过程",与第三方共享_转让_公开,
"花小猪不会对外共享您的个人信息，但下列情况除外： **  
**
1) 在获取明确同意情况下的共享：获得您的明确同意后，我们会向您指定的第三方共享您授权范围内的信息",与第三方共享_转让_公开,何时与第三方共享
2) 在法定情形下的共享：我们可能会根据法律法规规定、诉讼争议解决需要，或按行政、司法机关依法提出的要求，对外共享您的个人信息,与第三方共享_转让_公开,何时与第三方共享
3)共享给业务合作伙伴：花小猪可能会向合作伙伴等第三方共享您的个人信息，以保障为您提供的服务顺利完成,与第三方共享_转让_公开,何时与第三方共享
但我们仅会出于合法、正当、必要、特定、明确的目的共享您的个人信息，并且只会共享提供服务所必要的个人信息,与第三方共享_转让_公开,对于第三方的约束
"我们的合作伙伴包括：  
a.您通过花小猪使用某些由第三方提供的服务时，我们会根据第三方的要求与其共享您的某些个人信息",与第三方共享_转让_公开,何时与第三方共享
我们只会基于您对使用第三方服务的确认和第三方的要求，共享您使用该服务所必需的个人信息,与第三方共享_转让_公开,与第三方共享的个人信息类型
b.广告、分析服务类的授权合作伙伴,与第三方共享_转让_公开,第三方相关实体
我们会委托这些合作伙伴处理与广告覆盖面和有效性相关的信息，但不会提供您的个人身份信息，或者我们将这些信息进行去标识化处理，以便它不会识别您个人,与第三方共享_转让_公开,第三方对数据的使用
这类合作伙伴可能将上述信息与他们合法获取的其他数据相结合，以执行我们委托的广告服务或决策建议,与第三方共享_转让_公开,第三方对数据的使用
"c. 如果您通过花小猪参加第三方举办或者花小猪与第三方联合举办的营销、推广活动，花小猪需要与第三方共享您的姓名、手机号码、 **收货地址**
或者其他必要的信息，以方便第三方统计活动参与情况、获奖情况，为您绑定您获取的优惠券、发放权益、邮寄您获取的奖品等",与第三方共享_转让_公开,与第三方共享的个人信息类型
d.供应商、服务提供商或其他合作伙伴,与第三方共享_转让_公开,第三方相关实体
我们可能会将您的个人信息共享给支持我们功能的第三方，包括为我们提供基础设施技术服务及其他身份验证服务支付服务的第三方,与第三方共享_转让_公开,第三方对数据的使用
我们共享这些信息的目的是为实现产品及服务的功能，包括我们需要将您的订单号和订单金额与第三方支付机构共享以实现其确认您的支付指令并完成支付,与第三方共享_转让_公开,第三方对数据的使用
e. 我们会与共享个人信息的公司、组织和个人签署严格的保密协议，要求他们严格按照本政策声明的目的使用个人信息以及采取相关的保密和安全措施来处理个人信息,与第三方共享_转让_公开,对于第三方的约束
4）为维护用户合法权益，在协助处理与您有关的交易纠纷或争议时，我们可能向您的交易相对方或存在利害关系的第三方提供解决交易纠纷或争议所必需的信息,与第三方共享_转让_公开,何时与第三方共享
6.2 我们将遵守相关法律法规，对您的个人信息予以保密,与第三方共享_转让_公开,对于第三方的约束
除非事先获得您的明确同意或授权，或依照法律规定所必须，我们不会公开披露您的个人信息,与第三方共享_转让_公开,对于第三方的约束
"6.3 另外，根据相关法律法规及国家标准，以下情形中，我们可能会共享、转让、公开披露个人信息无需事先征得个人信息主体的授权同意：  
1) 与国家安全、国防安全直接相关的",其他通用信息,
2) 与公共安全、公共卫生、重大公共利益直接相关的,其他通用信息,
3) 与犯罪侦查、起诉、审判和判决执行等直接相关的,其他通用信息,
4) 出于维护个人信息主体或其他个人的生命、财产等重大合法权益但又很难得到本人同意的,其他通用信息,
5) 个人信息主体自行向社会公众公开的个人信息,其他通用信息,
6) 从合法公开披露的信息中收集个人信息的，如合法的新闻报道、政府信息公开等渠道,其他通用信息,
6.4如发生收购、兼并、重组等变更，我们会要求变更后的主体依然遵守本政策约定，履行原有义务，承担原有责任,与第三方共享_转让_公开,何时与第三方共享
如变更后的主体需变更个人信息使用目的，我们会要求其事先获得您的明示同意,与第三方共享_转让_公开,是否有交互
对内而言，在之前的收购、兼并活动中，对于被收购、被兼并对象管理的数据均采用与花小猪自有数据相同的标准和要求进行处理和保护,与第三方共享_转让_公开,第三方对数据的使用
"6.5 我们所接入的第三方软件开发工具包（SDK）  
为保障花小猪APP相关功能的实现与应用的稳定运行，我们可能会接入由第三方提供的软件开发包（SDK）以实现相关目的",与第三方共享_转让_公开,与第三方共享的目的
关于第三方如何收集、使用您的个人信息，建议您参考第三方SDK的相关服务协议及个人信息保护政策,其他通用信息,
如果您希望进一步了解我们所接入的第三方SDK情况，[请您阅读第三方SDK情况说明](https://kfpub.hongyibo.com.cn/static/kfpub/c03b13ebedc00c94bd8289dae21584c6/index.html),其他通用信息,
"==========
 **7\. 您的用户权利**
您对您的个人信息享有以下权利：  
7.1 访问您的个人信息",用户访问_编辑_删除的方法,用户可以进行的操作
"您可以通过以下方式访问您的个人信息：  
a. 昵称，点击侧边栏即可查看用户昵称",用户访问_编辑_删除的方法,操作的途径
b. 订单，点击侧边栏，通过我的行程查看订单信息和交易状态,用户访问_编辑_删除的方法,操作的途径
c. 手机号，点击侧边栏，在设置-账号与安全中查看您的手机号码,用户访问_编辑_删除的方法,操作的途径
7.2 修改您的个人信息,用户访问_编辑_删除的方法,用户可以进行的操作
"您可以通过以下方式修改您的个人信息：  
a. 昵称，点击侧边栏即可修改昵称",用户访问_编辑_删除的方法,操作的途径
b. 设置，您可以通过设置功能更改用户手机号、注销账号、修改手机密码,用户访问_编辑_删除的方法,操作的途径
"==========
7.3 撤回您的同意",用户访问_编辑_删除的方法,用户可以进行的操作
"我们将通过以下方式保障您撤回同意的权利：  
a. 我们发送的商业广告信息中，会说明退订方式，您可以按照说明的退订方式撤回同意",用户访问_编辑_删除的方法,操作的途径
b. 您可以通过设备的设置功能，关闭相应设备权限（包括位置、通讯录、照片、麦克风、相机、通知等），撤回对我们获取您个人信息的授权,用户访问_编辑_删除的方法,操作的途径
c.您还可以通过解除银行卡绑定等方式撤回部分授权,用户访问_编辑_删除的方法,操作的途径
当您撤回同意或授权后，可能导致我们无法为您继续提供撤回授权部分对应的服务,用户访问_编辑_删除的方法,操作对用户造成的影响
但您撤回同意或授权，不影响撤回前基于您的同意开展的个人信息处理,用户访问_编辑_删除的方法,操作对用户造成的影响
"==========
7.4注销账号",用户访问_编辑_删除的方法,用户可以进行的操作
您可以通过设置功能注销您的账号,用户访问_编辑_删除的方法,用户可以进行的操作
除法律法规另有规定外，注销账号之后我们将停止为您提供服务，并根据本协议约定期限保存您的个人信息，保存期限届满后我们将对您的个人信息进行匿名化处理,用户访问_编辑_删除的方法,操作对用户造成的影响
"**  
**
7.5 联系客服团队  
如您无法通过上述方式访问、更正、删除个人信息，撤回同意或注销账号，您可以电话与花小猪上的客服团队取得联系",用户访问_编辑_删除的方法,用户可以进行的操作
花小猪上的客服团队可能需要验证您的身份，并在验证您的身份后15日内作出答复或合理解释,用户访问_编辑_删除的方法,供应商动作
"==========
 **8\. 未成年人的个人信息保护**  
8.1我们非常重视对未成年人信息的保护",面向特定人群用户条款,群体类型
如果您是未满18周岁的未成年人，您或您的监护人需要仔细阅读本政策，并同意依照本政策使用花小猪,面向特定人群用户条款,群体类型
如果您是未满14周岁的未成年人（以下称“儿童”），您的监护人需要仔细阅读本政策并同意您依照本政策使用花小猪,面向特定人群用户条款,群体类型
8.2 如果您/您的监护人不同意本政策的任何内容，您应该立即停止使用花小猪,面向特定人群用户条款,用户选择
8.3我们指定了专人负责儿童个人信息的保护,面向特定人群用户条款,供应商动作
您应当理解，当且仅当我们通过您提交的信息或者您的声明或陈述，判断您为儿童用户时，我们通过您账号收集的个人信息才被视为儿童个人信息,面向特定人群用户条款,供应商动作
8.4 我们将按照本政策的约定处理儿童个人信息，当本政策约定的处理目的、方式、范围，存储事项，安全保障措施等发生了实质性变化，我们将再次征得监护人的同意,面向特定人群用户条款,供应商动作
8.5儿童个人信息的收集、使用,面向特定人群用户条款,群体类型
我们收集、使用儿童个人信息的目的、方式与范围，不会超过我们在本政策中列明的内容,面向特定人群用户条款,供应商动作
如果我们发现在未事先获得可证实的监护人同意的情况下收集了儿童的个人信息，则会设法尽快删除相关信息,面向特定人群用户条款,供应商动作
8.6儿童个人信息的共享、转让、公开披露,面向特定人群用户条款,供应商动作
一般情况下，我们不会向第三方共享、转让、公开披露儿童的个人信息,面向特定人群用户条款,供应商动作
我们仅在监护人同意的情况下，才可能与第三方共享、转移、披露儿童的个人信息,面向特定人群用户条款,供应商动作
如需向第三方共享、转让儿童个人信息，我们将自行或者委托第三方机构进行安全评估,面向特定人群用户条款,供应商动作
8.7儿童个人信息的委托处理,面向特定人群用户条款,供应商动作
一般我们不会委托第三方处理儿童个人信息，如确需委托第三方处理的，我们都会根据法律、行政法规的规定进行合规措施，包括但不限于对第三方进行安全评估,面向特定人群用户条款,供应商动作
8.8 儿童个人信息的存储,面向特定人群用户条款,供应商动作
我们会按照本政策的约定存储儿童个人信息,面向特定人群用户条款,供应商动作
8.9 儿童个人信息的更正、删除,面向特定人群用户条款,供应商动作
8.9.1 监护人或者儿童本人可以按照本政策提供的方式更正、删除个人信息,面向特定人群用户条款,供应商动作
8.9.2如果儿童或其监护人发现我们违反法律、行政法规的规定或者本政策处理儿童个人信息，或者儿童监护人撤回同意，儿童或者其监护人或通过注销等方式终止使用服务的，可以联系我们对相关儿童个人信息进行删除,面向特定人群用户条款,供应商动作
8.10儿童个人信息的内部管理,面向特定人群用户条款,供应商动作
我们对其工作人员以最小授权为原则，严格设定了信息访问权限，控制儿童个人信息知悉范围,面向特定人群用户条款,供应商动作
工作人员访问儿童个人信息需经过审批，我们采取了技术措施记录访问情况，避免违法复制、下载儿童个人信息,面向特定人群用户条款,供应商动作
8.11 儿童个人信息的安全事件应急处置和报告,面向特定人群用户条款,供应商动作
8.11.1 我们发现儿童个人信息发生或者可能发生泄露、毁损、丢失的，将立即启动应急预案，采取补救措施,面向特定人群用户条款,供应商动作
8.11.2一旦发生安全事件，我们将及时向儿童监护人告知：安全事件的内容和影响,面向特定人群用户条款,供应商动作
我们已采取或将要采取的处置措施,面向特定人群用户条款,供应商动作
关于儿童或其监护人自主防范和降低风险的建议,面向特定人群用户条款,供应商动作
我们针对儿童个人信息主体提供的补救措施,面向特定人群用户条款,供应商动作
8.11.3 如果我们判断儿童信息安全事件已经造成或者可能造成严重后果，我们将立即向有关主管部门报告,面向特定人群用户条款,供应商动作
"==========
 **  9\. 隐私政策更新 **  
9.1 如花小猪发生以下变化，我们会及时对本政策进行相应的修订：  
1) 我们的基本情况发生变化，例如：兼并、收购、重组引起的所有者变更",条款更改,更改原因
2) 收集、保存、使用、共享、公开披露个人信息的范围、目的、规则发生重大变化,条款更改,更改原因
3) 您访问和管理个人信息的方式发生重大变化,条款更改,更改原因
4) 我们的联络方式、投诉的渠道和机制发生重大变化,条款更改,更改原因
5) 其他可能对用户个人信息权益产生重大影响的变化,条款更改,更改原因
9.2我们将以App推送通知、发送邮件/短信息、公示等方式来通知相关政策更新，以便用户及时了解最新版本的政策,条款更改,告知方式
同时，我们建议您定期查阅我们的政策，以及时了解更新状况,条款更改,告知方式
如果您在本政策更新后继续使用花小猪服务，即表示您已充分阅读、理解并接受更新后的政策，并愿意受更新后的政策约束,条款更改,用户选择
"==========
 **10\. 如何联系我们  **  
10.1 您可以通过手机客户端的“客服”功能在线或者电话与我们的客服团队取得联系，反馈您的意见或投诉",其他通用信息,
10.2如果您对我们的政策或做法有任何问题或疑虑，请通过以下邮箱地址联系我们的个人信息保护负责人，我们将在15天内核实并处理您反馈的问题,其他通用信息,
电子邮箱：gerenxinxibaohu@didiglobal.com,其他通用信息,
10.3 如果您对我们的回复不满意，特别是您认为我们的个人信息处理行为损害了您的合法权益，您还可以通过向被告住所地有管辖权的法院提起诉讼来寻求解决方案,其他通用信息,
