"aSdMnDW8J5K.1o8TuGBc28KRjyaC-0574_com_huawei_bone.txt





Apkid:com.huawei.bone

==========
最近更新日期：2016 年 9 月",其他通用信息,
"如果您有任何疑问、意见或建议，请发送电子邮件至
[consumer_privacy@huawei.com](mailto:consumer_privacy@huawei.com)
[与我们联系](http://consumer.huawei.com/cn/contact-us/index.htm?tag=email)",其他通用信息,
"尊敬的用户：  
华为终端有限公司及其全球的企业附属公司（下文简称“华为”“我们”和“我们的”）深知隐私对您的重要性，并会尽全力保护您的隐私",其他通用信息,
请在向华为提交个人或隐私数据之前，阅读、了解并同意本《隐私政策》（下文简称“本政策”）,其他通用信息,
"==========
我们制定本政策的目的在于帮助您了解以下内容：  
**1.华为会如何使用您的个人数据**  
**2.华为会如何使用 Cookie 和同类技术**  
**3.华为会如何披露您的个人数据**  
**4.如何访问或修改您的个人数据**  
**5.华为会如何保护您的个人数据**  
**6.华为会如何处理儿童的个人数据**  
**7.华为的第三方提供商及其服务**  
**8.您的个人数据如何在全球范围转移**  
**9.本政策如何更新**  
**10.海外用户**  
**11.如何联系华为**  
==========
请注意，本政策仅适用于华为的消费类电子产品，包括显示或提及本政策的功能手机、智能手机、平板电脑、家用设备、数据卡、计算机应用程序、工具、软件、网站以及服务",其他通用信息,
本政策阐述了华为如何处理您的个人和隐私数据，并申明了华为对保护隐私的承诺,其他通用信息,
本政策不涉及所有可能的数据处理情境,其他通用信息,
有关收集产品或服务特定数据的信息由华为在补充政策中发布,其他通用信息,
建议您阅读本政策和任何补充政策，充分了解华为特定产品或服务的隐私政策,其他通用信息,
"==========
**1\. 华为会如何使用您的个人数据**  
个人数据是指在单独使用或结合其他信息使用时能够确定个人身份的信息",其他通用信息,
此类数据会在您使用华为产品或服务时被收集，包括姓名、出生日期、地址、身份证号码、电话号码、帐号、照片以及访问产品或服务的位置和日期,其他通用信息,
华为仅会出于本政策所述目的收集和使用您的个人数据,其他通用信息,
"下文举例说明了我们可能收集的个人数据以及我们如何使用此类数据：  
1.1 华为收集的个人数据  
我们会收集某些个人数据，包括姓名、个人资料照片、电话号码、电子邮件地址、年龄和位置",第一方收集_使用,采集的个人信息类型
下文举例说明了我们会收集的个人数据类型,其他通用信息,
(a)您直接提交的数据：华为的很多服务会让您创建帐户或个人资料,第一方收集_使用,采集的个人信息类型
您可能需要提供帐户信息，例如电子邮件地址、收货地址、电话号码、产品信息、购买时间和付款方式,第一方收集_使用,采集的个人信息类型
如果您使用华为服务与朋友共享内容，我们可能需要您提供朋友的联系信息，包括姓名、个人资料照片、电话号码和电子邮件地址,第一方收集_使用,采集的个人信息类型
华为的某些服务可让您与他人通信并共享信息,第一方收集_使用,采集的个人信息类型
所有此类通信都是安全的,第一方收集_使用,采集的个人信息类型
如果您在使用华为设备或应用程序时遇到任何错误，可选择向华为发送错误详情,用户访问_编辑_删除的方法,用户可以进行的操作
(b)服务使用数据：我们会从您的设备收集系统和应用程序数据，包括设备名称、系统和应用程序版本、地区和语言设置、设备版本、设备识别码（IMEI、ESN、MEID 和SN）、地理位置（例如设备定位所在区域 ID）、服务提供商网络 ID (PLMN)、使用习惯和 IP地址,第一方收集_使用,采集的个人信息类型
我们还会记录服务访问时间、搜索查询词条以及设备上的 Cookie 所保存的数据,第一方收集_使用,采集的个人信息类型
(c) 第三方数据：在法律允许的情况下，我们还会从公用和商用来源获取有关您的数据,第一方收集_使用,采集的个人信息类型
我们还会从第三方社交网络服务获取有关您的数据，例如您何时使用Facebook 或 Twitter 帐户登录我们的网站,第一方收集_使用,采集的个人信息类型
"1.2 华为会如何使用您的个人数据  
我们会将您的个人数据用于以下目的：  
(a) 履行订单",第一方收集_使用,对数据的使用
交付、激活或验证产品或服务,第一方收集_使用,对数据的使用
应您的要求进行变更,第一方收集_使用,对数据的使用
以及提供技术支持,第一方收集_使用,对数据的使用
(b)在您明确同意的情况下，与您联系,第一方收集_使用,对数据的使用
向您发送有关您可能感兴趣的产品和服务的信息,第一方收集_使用,对数据的使用
邀请您参与华为促销活动和市场调查,第一方收集_使用,对数据的使用
或向您发送营销信息,第一方收集_使用,对数据的使用
如果您不想接收此类信息，则可以随时退订,用户访问_编辑_删除的方法,用户可以进行的操作
(c) 向您发送操作系统或应用程序更新和安装的通知,第一方收集_使用,对数据的使用
(d) 为您提供个性化用户体验和个性化内容，并激活售后服务,第一方收集_使用,对数据的使用
(e) 开展内部审计、数据分析和研究，改善我们的产品和服务,第一方收集_使用,对数据的使用
(f) 分析业务运营效率并衡量市场份额,第一方收集_使用,对数据的使用
(g) 改善客户通信并确保为客户提供安全优质的服务,第一方收集_使用,对数据的使用
(h) 在您选择向我们发送错误详情的情况下排查错误,第一方收集_使用,对数据的使用
(i) 同步、共享和存储您上传或下载的数据以及执行上传和下载所需的数据,第一方收集_使用,对数据的使用
(j) 改善我们的防损和反欺诈计划,第一方收集_使用,对数据的使用
"1.3 基于位置的服务  
在访问某些基于位置的服务时（例如执行搜索、使用导航软件或查看某个位置的天气），华为会收集、使用并处理您设备的准确位置或模糊位置",第一方收集_使用,何时采集
华为需要这些位置信息才能提供上述服务,第一方收集_使用,采集的目的
华为会收集您设备的识别码（IMEI、ESN、MEID和 SN）、设备类型、型号和实时位置数据（通过 GPS、WLAN 和服务提供商的网络 ID获取）,第一方收集_使用,采集的个人信息类型
华为收集位置数据的目的在于提供和改善基于位置的产品和服务,第一方收集_使用,对数据的使用
我们会询问您要为哪些应用程序启用基于位置的服务,第一方收集_使用,是否有交互
您可选择关闭设备上基于位置的服务，拒绝共享您的位置数据,用户访问_编辑_删除的方法,用户可以进行的操作
如需详细了解如何禁用基于位置的服务，请联系您的网络运营商,用户访问_编辑_删除的方法,用户可以进行的操作
"1.4 收集和使用非识别性数据  
非识别性数据是指无法用于确定个人身份的数据",其他通用信息,
例如，华为会收集汇总的统计数据，例如网站访问量,其他通用信息,
华为收集此数据的目的在于了解用户如何使用自己的网站、产品和服务,其他通用信息,
借此，华为可以改善自己的服务，更好地满足客户需求,其他通用信息,
华为可能会自行决定出于其他目的收集、使用、处理、转移或披露非识别性数据,其他通用信息,
我们会尽力隔离您的个人数据和非识别性数据，并单独使用这两种数据,其他通用信息,
如果个人数据掺杂了非识别性数据，依旧会被视作个人数据处理,其他通用信息,
"==========
**2\. 华为会如何使用 Cookie 和同类技术**  
2.1 Cookie  
为确保网站正常运转，我们有时会在计算机或移动设备上存储名为 Cookie 的小数据文件",第一方收集_使用,使用的目的
Cookie是一种网络服务器存储在计算机或移动设备上的纯文本文件,其他通用信息,
Cookie 的内容只能由创建它的服务器检索或读取,其他通用信息,
每个 Cookie对您的网络浏览器或移动应用程序都是唯一的,其他通用信息,
Cookie 通常包含标识符、站点名称以及一些号码和字符,其他通用信息,
借助于Cookie，网站能够存储用户偏好或购物篮内的商品等数据,第一方收集_使用,采集的个人信息类型
大多数大型网站或互联网服务提供商启用 Cookie 的目的在于改善用户体验,第一方收集_使用,使用的目的
借助于 Cookie，网站能够记住用户的单次访问（使用会话Cookie）或多次访问（使用永久 Cookie）,第一方收集_使用,对数据的使用
借助于Cookie，网站能够保存设置，例如计算机或移动设备的语言、字体大小和其他浏览偏好,第一方收集_使用,对数据的使用
这意味着，用户无需在每次访问时重新配置用户偏好设置,第一方收集_使用,对数据的使用
如果某个网站不使用Cookie，那么在用户每一次打开网页时，该网站都会将其视为新访客,第一方收集_使用,用户选择所造成的影响
例如，如果您登录某个网站后转到另一个网页，该网站就不会识别出您，而您会被再次注销,第一方收集_使用,对数据的使用
华为不会将 Cookie 用于本政策所述目的之外的任何用途,第一方收集_使用,对数据的使用
您可根据自己的偏好管理或删除 Cookie,用户访问_编辑_删除的方法,用户可以进行的操作
有关详情，请参见_[AboutCookies.org](http://aboutcookies.org/)_,其他通用信息,
您可以清除计算机上保存的所有Cookie，大部分网络浏览器都设有阻止 Cookie的功能,用户访问_编辑_删除的方法,用户可以进行的操作
但如果您这么做，则需要在每一次访问我们的网站时亲自更改用户设置,用户访问_编辑_删除的方法,操作对用户造成的影响
"如需详细了解如何更改浏览器设置，请访问以下链接：< _[Internet
Explorer](http://windows.microsoft.com/en-gb/internet-explorer/delete-manage-cookies)>、<[Google Chrome](https://support.google.com/chrome/answer/95647)>、<[Mozilla
Firefox](http://support.mozilla.org/en-US/kb/Cookies)>、<[Safari](https://support.apple.com/kb/PH19214)>_ 和 <_[Opera](http://www.opera.com/help/tutorials/security/privacy/)>",其他通用信息,
"_  
2.2 网站信标和像素标签  
除 Cookie 外，我们还会在网站上使用网站信标和像素标签等其他同类技术",第一方收集_使用,
例如，华为向您发送的电子邮件可能含有链接至华为网站内容的点击URL,第一方收集_使用,是否有交互
如果您点击该链接，华为则会跟踪此次点击，帮助我们了解您的产品和服务偏好并改善客户服务,第一方收集_使用,采集的渠道
网站信标通常是一种嵌入到网站或电子邮件中的透明图像,其他通用信息,
借助于电子邮件中的像素标签，我们能够获知电子邮件是否被打开,第一方收集_使用,采集的渠道
如果您不希望自己的活动以这种方式被追踪，则可以随时从华为的寄信名单中退订,用户访问_编辑_删除的方法,用户可以进行的操作
"2.3 Do Not Track（请勿追踪）  
很多网络浏览器均设有 Do Not Track 功能，该功能可向网站发布 Do Not Track请求",其他通用信息,
目前，主要互联网标准组织尚未设立相关政策来规定网站应如何应对此类请求,其他通用信息,
"但如果您的浏览器启用了 [Do Not Track](http://donottrack.us/ ""链接在新窗口中打开"")，那么华为的所有网站都会尊重您的选择",其他通用信息,
"==========
**3\. 华为会如何披露您的个人数据**  
华为不会将您的个人数据出售给第三方",与第三方共享_转让_公开,对于第三方的约束
"但是，华为会在以下情况下披露您的个人数据：  
3.1 在获取明确同意的情况下披露：获得您的明确同意后，华为会与其他方共享您的个人数据",与第三方共享_转让_公开,何时与第三方共享
3.2 披露给华为的附属公司：您的个人数据可能会与华为的附属公司共享,与第三方共享_转让_公开,何时与第三方共享
作为一项政策，我们只会披露必要的数据,与第三方共享_转让_公开,何时与第三方共享
3.3披露给授权合作伙伴（下文简称“我们的合作伙伴”）：华为的某些服务由我们的合作伙伴提供,与第三方共享_转让_公开,何时与第三方共享
华为可能会与合作伙伴共享您的某些个人数据，以提供更好的客户服务和用户体验,与第三方共享_转让_公开,与第三方共享的目的
例如，在您上网购买华为产品时，华为必须与物流服务提供商共享您的个人数据才能安排送货，或者安排合作伙伴提供服务,与第三方共享_转让_公开,第三方对数据的使用
我们仅会出于特定、明确而合法的目的处理您的个人数据，并且只会披露提供服务所必要的数据,与第三方共享_转让_公开,与第三方共享的目的
华为的子公司或合作伙伴无权将共享的个人数据用于任何其他用途,与第三方共享_转让_公开,对于第三方的约束
3.4基于法律或合理依据的披露：在法律、法律程序、诉讼或公共和政府主管部门有要求的情况下，华为可能会披露您的个人数据,与第三方共享_转让_公开,何时与第三方共享
在某些管辖区，如果华为牵涉到重组、合并或破产和清理诉讼，那么您的个人数据还会披露给交易方,与第三方共享_转让_公开,何时与第三方共享
华为还会在存在合理需求的情况下披露您的数据，例如出于执行条款与条件以及保护客户的目的,与第三方共享_转让_公开,何时与第三方共享
"==========
**4 如何访问或修改您的个人数据**  
根据华为的条款与条件，您可以随时管理自己的个人数据，例如您的帐户信息",用户访问_编辑_删除的方法,用户可以进行的操作
您应确保提交的所有个人数据都准确无误,用户访问_编辑_删除的方法,用户可以进行的操作
华为会尽力维护个人数据的准确和完整，并及时更新这些数据,用户访问_编辑_删除的方法,供应商动作
您有权访问自己的个人数据，某些法律例外情况除外,其他通用信息,
如果某些管辖区的隐私和信息法有所不同，我们则会遵守这些法律,其他通用信息,
"如果您想行使数据访问权，请发送电子邮件至[consumer_privacy@huawei.com](mailto:consumer_privacy@huawei.com)
通知我们",用户访问_编辑_删除的方法,操作的途径
为保障安全，您可能需要提供书面请求,用户访问_编辑_删除的方法,用户可以进行的操作
您还有权删除或修改我们保管的关于您的任何个人信息,用户访问_编辑_删除的方法,用户可以进行的操作
华为会应您的要求删除或修改此类信息,用户访问_编辑_删除的方法,供应商动作
"要提出此类请求，请发送电子邮件至[consumer_privacy@huawei.com](mailto:consumer_privacy@huawei.com)
与我们联系",用户访问_编辑_删除的方法,操作的途径
如果我们有合理依据认为这些请求存在欺骗性、无法实行或者如果当地法律未规定访问权，我们则会拒绝处理请求,用户访问_编辑_删除的方法,供应商动作
"==========
**5 华为会如何保护您的个人数据**  
华为重视个人数据的安全",数据安全,安全措施
我们采取业内标准做法来保护您的个人数据，防止数据遭到未经授权访问、披露、使用、修改、损坏或丢失,数据安全,安全措施
我们会采取一切合理可行的措施，保护您的个人数据,数据安全,安全措施
例如，我们会使用加密技术确保数据的机密性,数据安全,安全措施
我们会使用受信赖的保护机制防止数据遭到恶意攻击,数据安全,安全措施
我们会部署访问控制机制，确保只有授权人员才可访问个人数据,数据安全,安全措施
以及我们会举办安全和隐私保护培训课程，加强员工对于保护个人数据重要性的认识,数据安全,安全措施
我们会采取一切合理可行的措施，确保未收集无关的个人数据,数据安全,安全措施
我们只会在达成本政策所述目的所需的期限内保留您的个人数据，除非需要延长保留期或受到法律的允许,数据安全,安全措施
我们会尽力保护您的个人数据，但是请注意任何安全措施都无法做到无懈可击,数据安全,安全措施
"==========
**6 华为会如何处理儿童的个人数据**  
我们的产品、网站和服务主要面向成人",面向特定人群用户条款,群体类型
如果没有父母或监护人的同意，儿童不得创建自己的用户帐户,面向特定人群用户条款,供应商动作
对于经父母同意而收集儿童个人数据的情况，我们只会在受到法律允许、父母或监护人明确同意或者保护儿童所必要的情况下使用或披露此数据,面向特定人群用户条款,供应商动作
"尽管当地法律和习俗对儿童的定义不同，但我们将不满
13 周岁的任何人均视为儿童",面向特定人群用户条款,群体类型
如果华为发现自己在未事先获得可证实的父母同意的情况下收集了儿童的个人数据，则会设法尽快删除相关数据,面向特定人群用户条款,供应商动作
"==========
**7 第三方提供商及其服务**  
为确保流畅的浏览体验，您可能会收到来自华为及其合作伙伴外部的第三方（下文简称“第三方”）提供的内容或网络链接",第三方搜集_使用,
华为对此类第三方无控制权,第三方搜集_使用,
您可选择是否访问第三方提供的链接、内容、产品和服务,第三方搜集_使用,
华为无法控制第三方的隐私和数据保护政策，此类第三方不受到本政策的约束,第三方搜集_使用,对于第三方的约束
在向第三方提交个人信息之前，请参见这些第三方的隐私保护政策,第三方搜集_使用,对于第三方的约束
"==========
**8 您的个人数据如何在全球范围转移**  
华为通过遍布全球的资源和服务器提供产品和服务",其他通用信息,
这意味着，您的个人数据可能会被转移到您使用产品或服务所在国家/地区境外的其他管辖区，或者受到来自这些管辖区的访问,数据安全,跨境传输
此类管辖区可能设有不同的数据保护法，甚至未设立相关法律,数据安全,跨境传输
在此类情况下，华为会确保您的数据得到所有适用法律和法规要求的足够同等保护,数据安全,跨境传输
例如，华为会请求您对跨境转移个人数据的同意，或者在跨境数据转移之前实施数据匿名等安全举措,数据安全,跨境传输
"==========
**9 本政策如何更新**  
华为保留不时更新或修改本政策的权利",其他通用信息,
华为会通过不同渠道向您发送变更通知,条款更改,告知方式
"对于隐私政策变更，我们会将最新版隐私政策发布在我们的网站上
([http://consumer.huawei.com](http://consumer.huawei.com/))",其他通用信息,告知方式
我们还会向您发布单独的通知（如电子通知），提醒您隐私政策的任何变更,其他通用信息,告知方式
"==========
**10 海外用户**  
请注意，在下列国家和地区的华为消费者云服务中，Huawei Technologies Deutschland, GmbH是数据控制者:
欧洲经济区（EEA）或瑞士，阿尔巴尼亚，安道尔，波斯尼亚，法罗群岛，直布罗陀，格陵兰，马其顿，摩尔多瓦，摩纳哥
，黑山，圣马力诺，塞尔维亚，梵蒂冈，日本，韩国，美国，加拿大",其他通用信息,
"此外，如您使用美国华为线上商店（[www.hihonor.com/us](http://www.hihonor.com/us/index.html)）服务，将由Huawei
Device USA, Inc收集和处理个人数据",其他通用信息,
"==========
**11 如何联系华为**  
如果您有任何疑问、意见或建议，请发送电子邮件至
[consumer_privacy@huawei.com](mailto:consumer_privacy@huawei.com)
与我们联系，或者将其提交至我们的全球办事处",其他通用信息,
"如需获取办事处的完整列表，请访问我们的网站：  
<http://www.huawei.com/cn/contact-us>  
重要提示：鉴于当地法律和语言差异，当地语言版本的《华为隐私政策》可能与本版本有所不同",其他通用信息,
如果出现任何差异，请以当地语言版本为准,其他通用信息,
"==========
最近更新日期：2016 年 9 月  
版权所有 ? 华为终端有限公司 2016",其他通用信息,
保留一切权利,其他通用信息,
