"agPkIeTlScVh3LTkeyLu74ENM4t4-0575_com_example_xuhongxiang_andriodpiano.txt





Apkid:com.example.xuhongxiang.andriodpiano
==========
### 隐私政策
更新日期：2020年5月25日
生效日期：2020年5月25日
公司主体：武汉网幂科技有限公司
==========
本隐私政策将帮助您了解以下主要政策：
1）为了保障产品的核心功能以及其他功能正常运行，我们会收集您的部分必要信息",其他通用信息,
2) 我们不会向第三方共享、提供、转让或者从第三方获取您的个人信息，除非经过您的同意,其他通用信息,
3）我们将努力采取合理的安全措施来保护您的个人信息,其他通用信息,
特别的，我们将采用行业内通行的方式及尽最大的商业努力来保护您个人敏感信息的安全,其他通用信息,
4）您访问、更正、删除个人信息、撤回同意授权，以及投诉举报的方式,其他通用信息,
如您不同意本隐私政策并开始使用，我们将仅收集维持本软件基础功能所必需的信息，这将导致我们无法为您提供完整的产品和服务，但我们同样会采用去标识化、加密等措施来保护这些信息,其他通用信息,
当您再次使用时，为实现履行合同与服务所必需，将视为您接受和认可我们按照本政策对您的相关信息进行处理,其他通用信息,
"==========
我们非常重视用户个人信息的保护，并且将以勤勉和审慎的义务对待这些信息",其他通用信息,
您在下载、安装、开启、浏览、使用（以下统称“使用”）本软件及相关服务时，我们将按照本隐私政策收集、保存、使用、共享、披露及保护您的个人信息,其他通用信息,
我们希望通过本隐私政策向您介绍我们对您个人信息的处理方式，因此我们建议您认真完整地阅读本隐私政策的所有条款,其他通用信息,
"其中，与您信息及权利相关的内容将以加粗的形式提示您注意，请您重点阅读以下内容：
一、我们如何收集和使用个人信息
二、我们对Cookie和同类技术的使用
三、我们如何存储个人信息
四、我们如何共享、转让、公开披露个人信息
五、我们如何保护个人信息的安全
六、您的权利
七、未成年人使用条款
八、隐私政策的修订和通知
九、适用范围
十、如何联系我们
十一、其他
==========
一、我们如何收集和使用个人信息
在您使用本软件及服务的过程中，我们将根据合法、正当、必要的原则，收集信息",其他通用信息,
"我们收集或请您提供的信息将用于：
1.保障产品的基础正常运行",第一方收集_使用,对数据的使用
2.实现各项功能和服务,第一方收集_使用,对数据的使用
3.优化、改善产品和服务,第一方收集_使用,对数据的使用
4.保障产品、服务以及用户使用安全,第一方收集_使用,对数据的使用
5.向您推荐您可能感兴趣的广告、资讯等,第一方收集_使用,对数据的使用
"==========
（一）我们主动收集与使用的个人信息
我们会按照如下方式收集您在使用服务时主动提供的，以及您在使用功能或接受服务过程中产生的信息：
1.保障本软件及服务的正常运行
当您使用本软件及相关服务时，为了保障软件与服务的正常运行，我们会收集您的硬件型号、操作系统版本号、网络设备硬件地址（MAC）、IP地址、软件版本号、网络接入方式及类型、操作日志等信息",第一方收集_使用,何时采集
请您了解，这些信息是我们提供服务和保障产品正常运行所必须收集的基本信息,第一方收集_使用,采集的个人信息类型
"2.注册及登录
您可以选择在本软件中使用支付宝或者微信等第三方账号进行授权登录",用户访问_编辑_删除的方法,用户可以进行的操作
"如果您选择使用支付宝或者微信等账号登录本软件，需要授权您在支付宝或者微信等中的账号、头像、昵称等必要信息，目的是：
（1）通过账号管理更好地为您提供服务，通过登录账户，您可以同步您的相关信息",第一方收集_使用,何时采集
（2）如您提供真实有效的手机号码、QQ号、微博号、微信号进行绑定，当您遇到注册账号丢失、忘记密码问题时，可以便捷的找回账号和密码,第一方收集_使用,采集的个人信息类型
"3.为您提供功能或服务所需要的权限
（1）存储权限保存缓存文件以提升软件运行流畅度
（2）设备信息权限以用于根据不同的设备及系统版本来提供不同的功能和体验，获取产品的使用情况及Bug信息，帮助我们不断改进产品功能和体验
==========
4.使用其他第三方代码统计您的信息
（1）您在使用我们产品的过程中，为了减少Bug影响您的使用，以及根据您的行为习惯,更改交互提升使用体验，我们将上传行为信息及崩溃日志至百度移动统计平台、谷歌Firebase平台，用于统计详细崩溃日志以及行为分析",第一方收集_使用,采集的目的
（2）您在使用我们产品的过程中，我们会向您展示第三方广告、资讯等,第一方收集_使用,对数据的使用
"您可通过以下链接访问第三方平台隐私政策：
百度移动统计隐私政策：<https://www.baidu.com/duty/yinsiquan-policy.html>
FireBase隐私政策：<https://firebase.google.com/support/privacy>
优量汇隐私政策 <https://www.tencent.com/zh-cn/privacy-policy.html>
5.保障产品、服务及用户使用安全
为帮助我们更好地了解本软件及相关服务的运行情况，以便确保运行与提供服务的安全，我们使用第三方统计工具记录网络日志信息，以及使用软件及相关服务的频率、崩溃数据、总体安装、使用情况、性能数据等信息",其他通用信息,
请您了解，我们收集、使用上述信息时进行了去标识化处理/匿名化处理，数据分析仅对应特定的、无法直接关联用户身份的编码,其他通用信息,
"==========
（一）收集、使用个人信息目的变更的处理
请您了解，随着我们业务的发展，可能会对本软件的功能和提供的服务有所调整变化",其他通用信息,
原则上，当新功能或服务与原有功能和服务相关时，收集与使用的个人信息将与原处理目的具有直接或合理关联,第一方收集_使用,用户选择所造成的影响
在与原目的无直接或合理关联的场景下，我们收集、使用您的个人信息，会再次进行告知，并征得您的同意,第一方收集_使用,是否有交互
"==========
（二）依法豁免征得同意收集和使用的个人信息
请您理解，在下列情形中，根据法律法规和/或相关国家标准，我们收集和使用您的个人信息无需征得您的授权同意：
（1）与国家安全、国防安全直接相关的",其他通用信息,
（2）与公共安全、公共卫生、重大公共利益直接相关的,其他通用信息,
（3）与犯罪侦查、起诉、审判和判决执行等直接相关的,其他通用信息,
（4）出于维护个人信息主体或其他个人的生命、财产等重大合法权益但又很难得到本人同意的,其他通用信息,
（5）所收集的您的个人信息是您自行向社会公众公开的,其他通用信息,
（6）从合法公开披露的信息中收集的您的个人信息的，如合法的新闻报道、政府信息公开等渠道,其他通用信息,
（7）根据您的要求签订和履行合同所必需的,其他通用信息,
（8）法律法规规定的其他情形,其他通用信息,
特别提示您注意，如信息无法单独或结合其他信息识别到您的个人身份，其不属于法律意义上您的个人信息,其他通用信息,
当您的信息可以单独或结合其他信息识别到您的个人身份时或我们将无法与任何特定个人信息建立联系的数据与其他您的个人信息结合使用时，则在结合使用期间，这些信息将作为您的个人信息按照本隐私政策处理与保护,其他通用信息,
"==========
二、对Cookie和同类技术的使用
Cookie 和同类技术是互联网中的通用常用技术",第一方收集_使用,
"当您使用本软件及相关服务时，我们可能会使用相关技术向您的设备发送一个或多个Cookie
或匿名标识符，以收集和存储您访问、使用本产品时的信息",第一方收集_使用,使用的目的
"我们可能会设置认证与保障安全性的cookie
或匿名标识符，保障产品与服务的安全、高效运转，帮助我们改进服务效率，提升登录和响应速度",第一方收集_使用,对数据的使用
使用此类技术也可以帮助您省去重复选择个性化设置的步骤和流程（例如：记录设置中的选项状态），帮助您获得更轻松的访问体验,其他通用信息,
"==========
三、我们如何存储个人信息
（一）信息存储的地点
我们依照法律法规的规定，将在境内运营过程中收集和产生的您的个人信息存储于合法合规的位置",数据安全,跨境传输
"（二）存储期限
我们仅在为提供本软件及服务之目的所必需的期间内保留您的个人信息，超出必要期限后，我们将对您的个人信息进行删除或匿名化处理，但法律法规另有规定的除外",数据安全,数据存储期限
"==========
四、我们如何共享、转让、公开披露个人信息
（一）共享
尊重用户个人隐私是我们的一项基本原则",与第三方共享_转让_公开,对于第三方的约束
"除以下情形外，我们不会与任何公司、组织和个人分享你的个人信息：
1、在获取明确同意的情况下共享：获得你的明确同意后，我们会与其他方共享你的个人信息",与第三方共享_转让_公开,何时与第三方共享
2、我们可能会按照司法机关或行政机关的要求，对外共享你的个人信息,与第三方共享_转让_公开,何时与第三方共享
3、与关联方共享：你的个人信息可能会与我们的关联公司共享,与第三方共享_转让_公开,何时与第三方共享
我们只会共享必要的个人信息，且受本隐私政策中所声明目的的约束,与第三方共享_转让_公开,何时与第三方共享
关联公司如要改变个人信息的处理目的，将再次征求你的授权同意,与第三方共享_转让_公开,何时与第三方共享
4、与授权合作伙伴共享：仅为实现本政策中声明的目的，我们的某些服务将由授权合作伙伴提供,与第三方共享_转让_公开,与第三方共享的目的
我们可能会与合作伙伴共享你的某些个人信息，以提供更好的客户服务和用户体验,与第三方共享_转让_公开,与第三方共享的目的
我们仅会出于合法、正当、必要、特定、明确的目的共享你的个人信息，并且只会共享提供服务所必要的个人信息，例如在你上网购买我们的产品时必须与物流公司共享你的信息,与第三方共享_转让_公开,与第三方共享的目的
我们的合作伙伴无权将共享的个人信息用于任何其他用途,与第三方共享_转让_公开,对于第三方的约束
对我们与之共享个人信息的公司、组织和个人，我们会与其签署严格的保密协定，要求他们按照我们的说明、本隐私政策以及其他任何相关的保密和安全措施来处理个人信息,与第三方共享_转让_公开,对于第三方的约束
"==========
（二）转让
我们不会将你的个人信息转让给任何公司、组织和个人，但以下情况除外：
1、在获取明确同意的情况下转让：获得你的明确同意后，我们会向其他方转让你的个人信息",与第三方共享_转让_公开,何时与第三方共享
"==========
（三）公开披露
我们仅会在以下情况下，公开披露你的个人信息：
1、在您明确同意的披露方式下披露您所指定的个人信息
2、根据法律、法规的要求、强制性的行政执法或司法要求所必须提供您个人信息的情况下，我们可能会依据所要求的个人信息类型和披露方式公开披露您的个人信息",与第三方共享_转让_公开,何时与第三方共享
在符合法律法规的前提下，当我们收到上述披露信息的请求时，我们会要求必须出具与之相应的法律文件，如传票或调查函,与第三方共享_转让_公开,对于第三方的约束
"3、请您理解，在下列情形中，根据法律法规和/或相关国家标准，我们共享、转让、公开披露您的个人信息无需征得您的授权同意
（1）与国家安全、国防安全直接相关的",其他通用信息,
（2）与公共安全、公共卫生、重大公共利益直接相关的,其他通用信息,
（3）与犯罪侦查、起诉、审判和判决执行等直接相关的,其他通用信息,
（4）出于维护您或其他个人的生命、财产等重大合法权益但又很难得到您本人同意的,其他通用信息,
（5）您自行向社会公众公开的个人信息,其他通用信息,
"==========
（6）从合法公开披露的信息中收集个人信息的，如合法的新闻报道、政府信息公开等渠道",其他通用信息,
"五、我们如何保护个人信息安全
（一）我们非常重视您个人信息的安全，将努力采取合理的安全措施（包括技术方面和管理方面）来保护您的个人信息，防止您提供的个人信息被不当使用或未经授权的情况下被访问、公开披露、使用、修改、损坏、丢失或泄漏",数据安全,安全措施
（二）我们会使用不低于行业同行的加密技术、匿名化处理等合理可行的手段保护您的个人信息，并使用安全保护机制防止您的个人信息遭到恶意攻击,数据安全,安全措施
（三）我们会建立专门的安全部门、安全管理制度、数据安全流程保障您的个人信息安全,数据安全,安全措施
我们采取严格的数据使用和访问制度，确保只有授权人员才可访问您的个人信息，并适时对数据和技术进行安全审计,数据安全,安全措施
（四）尽管已经采取了上述合理有效措施，并已经遵守了相关法律规定要求的标准，但请您理解，由于技术的限制以及可能存在的各种恶意手段，在互联网行业，即便竭尽所能加强安全措施，也不可能始终保证信息百分之百的安全，我们将尽力确保您提供给我们的个人信息的安全性,数据安全,安全措施
您知悉并理解，您接入我们的服务所用的系统和通讯网络，有可能因我们可控范围外的因素而出现问题,数据安全,安全措施
因此，我们强烈建议您采取积极措施保护个人信息的安全,数据安全,安全措施
（五）我们会制定应急处理预案，并在发生用户信息安全事件时立即启动应急预案，努力阻止该等安全事件的影响和后果扩大,数据安全,发生安全事故的处理方式
一旦发生用户信息安全事件（泄露、丢失等）后，我们将按照法律法规的要求，及时向您告知：安全事件的基本情况和可能的影响、我们已经采取或将要采取的处置措施、您可自主防范和降低风险的建议、对您的补救措施等,数据安全,发生安全事故的处理方式
我们将及时将事件相关情况以推送通知、邮件、信函、短信等形式告知您，难以逐一告知时，我们会采取合理、有效的方式发布公告,数据安全,发生安全事故的处理方式
同时，我们还将按照相关监管部门要求，上报用户信息安全事件的处置情况,数据安全,发生安全事故的处理方式
（六）我们谨此特别提醒您，本隐私政策提供的个人信息保护措施仅适用于本软件及相关服务,数据安全,发生安全事故的处理方式
一旦您离开本软件及相关服务，浏览或使用其他网站、服务及内容资源，我们即没有能力及义务保护您在本软件及相关服务之外的软件、网站提交的任何个人信息，无论您登录、浏览或使用上述软件、网站是否基于本软件的链接或引导,其他通用信息,
"==========
六、您的权利
我们非常重视您对个人信息的管理，并尽全力保护您对于您个人信息的访问、修改（更新或更正）、删除以及撤回授权同意的权利，以使您拥有充分的能力保障您的隐私和安全",用户访问_编辑_删除的方法,供应商动作
"==========
（一）管理、撤回授权您的信息
您可以通过关闭功能、在设备设置中更改应用程序权限等方式撤回您的同意，改变您授权我们继续收集个人信息的范围或撤回您的授权",用户访问_编辑_删除的方法,用户可以进行的操作
请您理解，特定的业务功能和服务将需要您的信息才能得以完成，当您撤回同意或授权后，我们无法继续为您提供撤回同意或授权所对应的功能和服务，也不再处理您相应的个人信息,用户访问_编辑_删除的方法,操作对用户造成的影响
但您撤回同意或授权的决定，不会影响此前基于您的授权而开展的个人信息处理,用户访问_编辑_删除的方法,操作对用户造成的影响
"==========
（二）访问隐私政策
您可以在客户端内的“设置”-“隐私政策”查看本隐私政策的全部内容",用户访问_编辑_删除的方法,操作的数据类型
"==========
（三）停止运营向您告知权利
如我们停止运营，我们将及时停止收集您个人信息的活动，将停止运营的通知以逐一送达或公告的形式通知您，并对所持有的您的个人信息进行删除或匿名化处理",用户访问_编辑_删除的方法,供应商动作
"==========
七、未成年人条款
若您是未满18 周岁的未成年人，在使用本软件及相关服务前，应在您的父母或其他监护人监护、指导下共同阅读并同意本隐私政策",面向特定人群用户条款,群体类型
我们根据国家相关法律法规的规定保护未成年人的个人信息，只会在法律允许、父母或其他监护人明确同意或保护未成年人所必要的情况下收集、使用、共享或披露未成年人的个人信息,面向特定人群用户条款,供应商动作
如果我们发现在未事先获得可证实的父母同意的情况下收集了未成年人的个人信息，则会设法尽快删除相关信息,面向特定人群用户条款,供应商动作
若您是未成年人的监护人，当您对您所监护的未成年人的个人信息有相关疑问时，请通过本隐私政策公示的联系方式与我们联系,面向特定人群用户条款,群体类型
"==========
八、隐私政策的修订和通知
（一）为了给您提供更好的服务，本软件及相关服务将不时更新与变化，我们会适时对本隐私政策进行修订，该修订构成本隐私政策的一部分并具有等同于本隐私政策的效力",条款更改,更改原因
但未经您明确同意，我们不会削减您依据当前生效的本隐私政策所应享受的权利,条款更改,更改原因
（二）本隐私政策更新后，我们会在本应用程序客户端，并在更新后的条款生效前以适当的方式提醒您更新的内容，以便您及时了解本隐私政策的最新版本,条款更改,告知方式
如您继续使用我们的服务，表示同意接受修订后的本政策的内容，但是如果更新的内容需要采集音视频、联系方式、地理位置等个人敏感信息，仍会再次以显著方式征求您的同意,条款更改,用户选择
（三）对于重大变更，我们还会提供更为显著的通知（我们会通过包括但不限于邮件、短信、私信或在浏览页面做特别提示等方式，说明隐私政策有变更，请您重新认真阅读）,条款更改,告知方式
"本隐私政策所指的重大变更包括但不限于：
1.我们的服务模式发生重大变化",其他通用信息,
如处理个人信息的目的、处理的个人信息的类型、个人信息的使用方式等,其他通用信息,
2.我们在所有权结构、组织架构等方面发生重大变化,其他通用信息,
如业务调整、破产并购等引起的所有权变更等,其他通用信息,
3.个人信息共享、转让或公开披露的主要对象发生变化,其他通用信息,
4.您参与个人信息处理方面的权利及其行使方式发生重大变化,其他通用信息,
5.我们负责处理个人信息安全的责任部门、联络方式及投诉渠道发生变化时,其他通用信息,
"==========
九、适用范围
本隐私权政策适用于由武汉网幂科技有限公司及其关联方提供的所有服务，包括本客户端、网站等，不适用于有单独的隐私权政策且未纳入本隐私权政策的第三方产品或服务",其他通用信息,
"本隐私权政策不适用于：
1.其他第三方产品或服务，可能包括在个性化推荐中向您显示的产品或网站和广告内容或者本软件服务中链接到的其他产品或网站",第三方搜集_使用,对数据的使用
2.为本软件服务进行广告宣传的其他第三方,其他通用信息,
您使用这些第三方服务（包括您向这些第三方提供的任何个人信息），将受这些第三方的服务条款及隐私政策约束（而非本隐私政策），具体规定请您仔细阅读第三方的条款,其他通用信息,
请您妥善保护自己的个人信息，仅在必要的情况下向第三方提供,其他通用信息,
本隐私政策中所述的本软件及相关服务有可能会根据您所使用的手机型号、系统版本、软件应用程序版本等因素而有所不同,其他通用信息,
最终的产品和服务以您所使用的本软件及相关服务为准,其他通用信息,
"==========
十、如何联系我们
1.如对本隐私政策内容有任何疑问、意见或建议，您可发送邮件至moreapps.service@gmail.com与我们联系",其他通用信息,
2.如果您认为我们违反法律法规规定或与您的约定收集、使用您的个人信息，您也可以通过发送电子邮件（moreapps.service@gmail.com）方式与我们取得联系，并要求删除您的相关个人信息,其他通用信息,
我们承诺将在15个工作日之内确认所涉问题，并由专人验证您的用户身份后及时予以回复与处理,其他通用信息,
"==========
十一、其他
（一）本“隐私政策”中的标题仅为方便及阅读而设，并不影响本隐私政策中任何规定的含义或解释",其他通用信息,
"==========
（二）本“隐私政策”相关词语释义：
1\.
关联方是指，指一方现在或将来控制、受控制或与其处于共同控制下的任何公司、机构以及上述公司或机构的法定代表人",其他通用信息,
“控制”是指直接或间接地拥有影响所提及公司管理的能力，无论是通过所有权、有投票权的股份、合同或其他被依法认定的方式,其他通用信息,
2.去标识化是指，通过对个人信息的技术处理，使其在不借助额外信息的情况下，无法识别个人信息主体的过程,其他通用信息,
3.匿名化是指，通过对个人信息的技术处理，使得个人信息主体无法被识别，且处理后的信息不能被复原的过程,其他通用信息,
"==========
（三）本“隐私政策”的版权为武汉网幂科技有限公司所有，在法律允许的范围内，我们拥有解释和修改的权利",其他通用信息,
,,
,,
,,
,,
,,
,,
,,
,,
,,
,,
,,
,,
,,
,,
,,
,,
,,
,,
,,
,,
,,
,,
,,
,,
,,
,,
