"aS_yVzchg_KC3q341hbWn02kJD7q-0580_com_geek_jk_weather.txt





Apkid:com.geek.jk.weather
==========
 **We're sorry but ji-weather-app-h5 doesn't work properly without JavaScript enabled. Please enable it to continue.**
## 隐私政策条款
**更新日期： 2020 年 12 月 10 日**
**生效日期： 2020 年 12 月 10 日**
==========
_【上海极客公社企业发展有限公司】_ （本文简称“公司”）一贯重视用户的个人隐私和数据安全",其他通用信息,
**诚请你在使用本产品与服务前，阅读本隐私政策，了解我们收集、使用、存储和分享你的信息时的具体做法，在确认充分理解并同意后再使用我们的产品或服务**,其他通用信息,
你一旦使用本产品与服务，即表示已充分理解并同意我们按照本隐私政策收集、使用、储存和分享你的相关信息,其他通用信息,
如对本政策内容有任何疑问、意见或建议，你可通过本隐私政策末尾提供的联系方式与我们联系,其他通用信息,
"**本政策将帮助你了解以下内容：**
1、我们收集的信息的范围
2、我们如何使用你的信息
3、我们如何使用Cookies 或其他类似技术
4、我们如何分享、转让、公开披露你的信息
5、我们如何保护你的个人信息
6、你如何管理你的个人信息
7、未成年人的个人信息保护
8、本隐私政策的更新
9、如何联系我们
==========
### 一、我们收集的信息的范围
个人信息是指以电子或者其他方式记录的能够单独或者与其他信息结合识别特定自然人身份或者反映特定自然人活动情况的各种信息",其他通用信息,
本隐私政策中涉及的个人信息包括：基本信息（包括个人姓名、生日、性别、住址、个人电话号码、电子邮箱）,其他通用信息,
个人身份信息（包括身份证、军官证、护照、驾驶证等）,其他通用信息,
面部特征,其他通用信息,
网络身份标识信息（包括系统账号、IP地址、邮箱地址及与前述有关的密码、口令、口令保护答案）,其他通用信息,
个人财产信息（交易和消费记录、游戏类兑换码等虚拟财产信息）,其他通用信息,
通讯录,其他通用信息,
个人上网记录（包括网站浏览记录、软件使用记录、点击记录）,其他通用信息,
"个人常用设备信息（包括硬件型号、设备
MAC 地址、操作系统类型、软件列表唯一设备识别码（如 IMEI/android ID/IDFA/OPENUDID /GUID、SIM 卡 IMSI
信息等在内的描述个人常用设备基本情况的信息）",其他通用信息,
个人位置信息（包括行程信息、精准定位信息、住宿信息、经纬度等）,其他通用信息,
个人敏感信息是指一旦泄露、非法提供或滥用可能危害人身和财产安全，极易导致个人名誉、身心健康受到损害或歧视性待遇等的个人信息，本隐私政策中涉及的个人敏感信息包括：你的财产信息（包括交易记录、优惠券等虚拟财产信息）,其他通用信息,
面部识别特征,其他通用信息,
个人身份信息（包括身份证、军官证、护照、驾驶证、户口本）,其他通用信息,
网络身份识别信息（包括账户名、账户昵称、邮箱地址及与前述有关的密码与密码保护问题和答案）,其他通用信息,
其他信息（包括通讯录、个人电话号码、手机号码、行程信息、网页浏览记录、住宿信息、精准定位信息）,其他通用信息,
"==========
1.用户主动提交的信息
1.1
用户主动提交的个人信息",第一方收集_使用,采集的渠道
个人信息是指以电子或者其他方式记录的、能够单独或者与其他信息结合识别自然人身份或反应特定自然人活动的各种信息,其他通用信息,
除非用户主动提交或取得用户的同意，我们不会擅自收集用户的个人信息,其他通用信息,
"1.2
用户主动提供的非个人信息",第一方收集_使用,采集的渠道
在用户使用我们的产品与服务过程中，视功能需要用户也可能会向我们主动提供部分非个人信息,第一方收集_使用,采集的渠道
这些非个人信息一般无法识别你的个人身份,其他通用信息,
2.在使用产品与服务过程中我们会收集的信息,第一方收集_使用,采集的渠道
为了分析用户的使用习惯、改善用户体验和优化我们产品与服务的性能，我们会从你访问应用程序的手机、平台电脑以及其他设备（以下简称“设备”）收集某些日志、行为、设备、诊断信息,第一方收集_使用,采集的目的
"此类信息包括：
（1）设备属性：如你移动设备的品牌、型号、操作系统、分辨率、屏幕尺寸、蓝牙设定、因特网连接状态、已安装的应用程序、硬件和软件版本、电池电量、信号强度、存储空间、浏览器类型、应用和文件名称及类型以及插件等信息",第一方收集_使用,采集的个人信息类型
（2）用户操作：有关用户在设备上执行的操作和行为的信息,第一方收集_使用,采集的个人信息类型
（3）设备序列号或其他设备标识符：如国际移动设备身份码 IMEI、网络设备硬件地址、广告标识符、IDFA 等设备序列号、唯一身份标识符等,第一方收集_使用,采集的个人信息类型
（4）设备信号：你使用设备的网络状态、蓝牙状态、WIFI 接入点信息等,第一方收集_使用,采集的个人信息类型
你可以通过调整移动设备的“设置”选项限制我们从你的移动设备收集相关信息或使用特定权限,用户访问_编辑_删除的方法,操作的途径
当你限制我们获取某项权限后，我们可能无法继续为你提供相对应的服务，也不再处理你相应的信息,第一方收集_使用,用户选择所造成的影响
"==========
### 二、我们如何使用你的信息
1、浏览天气信息及资讯
为保证业务功能的实现，在您使用我们提供的产品及服务时，我们可能需要向您收集您的个人信息",第一方收集_使用,何时采集
若您拒绝向我们提供这些信息，虽然可能不影响产品的基本功能，但会导致无法使用该项服务,第一方收集_使用,
"1.1
即刻天气提供服务过程中可能需要您向我们开启设备访问权限，我们会在首次安装或需要开启权限时向您说明用途并征得您的同意",第一方收集_使用,是否有交互
您开启这些权限即代表您授权我们可以收集和使用这些信息来实现相应功能,第一方收集_使用,用户选择所造成的影响
"例如：
我们会在首次安装时询问或在具体场景下要求授权使用设备信息权限以便为您提供个性化的天气资讯推送、信息展示服务",第一方收集_使用,何时采集
我们会在首次安装时询问或在具体场景下要求授权使用设备定位信息以便为您提供您所在城市和区域的准确天气信息和推荐附近的资讯内容,第一方收集_使用,何时采集
"您可以拒
绝设备定位权限而手动选择所在城市获取相应的信息",用户访问_编辑_删除的方法,用户可以进行的操作
我们会在首次安装时询问或在具体场景下要求授权使用设备存储读写权限以便加载天气语音播报、天气视频播放功能所必须的素材，即刻天气不会滥用设备存储权限访问其他应用的文件,第一方收集_使用,何时采集
在您点击应用功能时（“综合预报”、“15天预报”、“空气质量”、“精彩视频”等），为了保证提供个性化天气资讯、信息展示的最优方案，我们可能会多次收集您使用即刻天气的设备信息（包括设备型号、操作系统版本、分辨率、电信运营商、设备设置、设备定位、唯一设备标识符）,第一方收集_使用,何时采集
"此外，在您使用我们产品浏览信息的过程中，为了网络安全保障和改进我们的服务，我们会自动收集您使用即刻天气的详细情况，并作为有关的日志保存，包括您选择的关键词信息和点击的链接，您浏览的内容，您使用的语言、访问的日期和时间、及您请求的网页记录、操作系统、软件版本号、登录
IP 信息",第一方收集_使用,采集的目的
"1.2
我们需要访问您的设备存储权限以便加载动态天气背景和天气语音播报功能所必须的素材",第一方收集_使用,采集的渠道
同时，您在使用天气信息下载及应用存储、网页存储、内容缓存等服务时，我们也需要访问您的设备存储权限，建议您提供以上授权,第一方收集_使用,何时采集
"1.3
当您使用定位地点天气服务时，我们可能会收集和处理有关您实际所在位置的信息，以使得您不需要手动输入自身地理坐标就可获得相关服务",第一方收集_使用,何时采集
"我们会使用各种技术进行定位，这些技术包括
IP 地址、GPS以及能够提供相关信息的其他传感器（比如可能会为我们提供附近设备、Wi-
Fi接入点和基站的信息）",第一方收集_使用,采集的个人信息类型
您可以通过关闭定位功能，停止对您的地理位置信息的收集，但您可能将无法获得相关服务或功能，或者无法达到相关服务拟达到的效果,用户访问_编辑_删除的方法,用户可以进行的操作
1.4 当您分享时：当您分享即刻天气内容时我们可能会获取您的微信、QQ 的昵称和头像信息,第一方收集_使用,何时采集
"1.5
当您使用涉及支付的功能时：支付通过合作的第三方支付机构（微信支付、支付宝支付等）所提供的支付服务完成，第三方支付服务有可能使用生物识别信息来对用户付款验证，您在使用第三方支付服务的时候请阅读该第三方机构的隐私政策，如对于该约定不同意，请您及时停止该第三方支付服务",第一方收集_使用,何时采集
"1.6
当您对我们提供反馈时：您在使用意见反馈板块功能时可以主动提供、上传或发布内容和信息，我们将跟据您提供的信息来改进我们及我们合作伙伴所提供的产品和服务",第一方收集_使用,何时采集
添加图片时可能需要您授权使用相机、相册（图片库）访问权限以便获取您需要上传的图片,第一方收集_使用,何时采集
"==========
1.7
设备权限调用：我们在提供服务过程中，会调用您的一些设备权限，您可以在设备的设置功能中选择关闭部分或全部权限，从而拒绝我们收集与使用相应的个人信息",第一方收集_使用,何时采集
在不同设备中，权限显示方式及关闭方式有所不同，请您参照设备或系统开发说明与指引,其他通用信息,
您的设备系统可能会在必要信息授权的同时开放其他权限，即刻天气自身无法通过手动或自动设置关闭授权,其他通用信息,
"以下是即刻天气调用权限对应的业务功能、调用权限的目的以及调用权限前向您询问的情况：
设备权限 | 业务功能 | 调用目的 | 是否询问 | 可否关闭  
---|---|---|---|---  
定位 | 定位服务 | 获取用户当前位置，用于地区天气反馈 | 首次安装时询问 | 建议保留  
存储 | 天气信息显示和存储 |  动态天气背景、天气语音播报、天气信息的缓存和取用  | 首次安装时询问 | 建议保留  
相机 | 反馈上报 | 实现拍照上传、反馈情况等功能需求 | 调用相关功能时询问 | 是  
电话 | 问题诊断 | 获取电话、设备信息 | 首次安装时询问 | 是  
通知 | 全部功能 | 发送消息 | 首次安装时询问 | 是  
==========
2、为您提供个性化推荐服务和信息
请您了解，经过您的同意后，我们会收集您的位置信息（我们仅收集您当时所处的地理位置，不会将您各时段的位置信息进行结合以判断您的行踪轨迹，来判断您所处的地点",第一方收集_使用,对数据的使用
"根据您的位置信息，向您展现或推荐相关程度更高（而非普遍推送）的信息流或者广告/推广信息结果：
① 向您展示、推荐或推送与您有更高相关程度的信息",第一方收集_使用,对数据的使用
"②
推荐相关的城市、地区资讯",第一方收集_使用,对数据的使用
您可以选择不向我们提供位置信息，但信息流或者广告的相关程度会降低,第一方收集_使用,对数据的使用
若您拒绝提供，我们将不会根据位置信息向您提供个性化推荐信息和服务，且不会影响其他功能的正常使用,第一方收集_使用,对数据的使用
"③
对于收集到的信息，我们将通过技术手段及时对数据进行去标识化或/和匿名化处理，去标识化处理的信息将无法识别主体，以用于改善我们的产品和服务，并对匿名化处理后的数据库进行挖掘、分析和利用",第一方收集_使用,对数据的使用
"==========
### 三、我们如何使用Cookies或其他类似技术
1、Cookies是用户访问网站时浏览器自动发送的一小段文本，通常包含标识符、站点名称以及一些号码和字符，一般每个网站会为用户生成的唯一Cookies，该Cookies数据会存储在在你的本地设备",其他通用信息,
它会帮助浏览器记录用户访问该网站时的一些设置、习惯等，这样在用户以后访问该网站时会简化用户的登陆步骤，免除用户的重复设置，进而优化用户的网站访问体验,第一方收集_使用,对数据的使用
2、 我们不会将Cookies用于本隐私政策所述目的之外的任何用途,第一方收集_使用,第三方对数据的使用
你可根据自己的偏好管理或删除Cookies,用户访问_编辑_删除的方法,用户可以进行的操作
你可以清除计算机上保存的所有Cookies，大部分网络浏览器会自动接受Cookies，但你通常可根据自己的需要来修改浏览器的设置以拒绝Cookies,用户访问_编辑_删除的方法,用户可以进行的操作
另外，你也可以清除软件内保存的所有Cookies,用户访问_编辑_删除的方法,用户可以进行的操作
但请注意清楚Cookies数据可能会影响你对部分网站的访问体验，而且你之前所记录的相应信息也均会被删除，并且可能会对你所使用服务的安全性有一定影响,第一方收集_使用,用户选择所造成的影响
3、 除了Cookies外，我们还会使用网站信标、像素标签、本地存储和软件开发工具包（“SDK”）来记住有关你的信息，以便为你提供更好的体验,第一方收集_使用,使用的目的
像素是网页或电子邮件中的小图像,其他通用信息,
像素会收集有关你的浏览器或设备的信息，并可以设置Cookies,其他通用信息,
本地存储允许将数据存储在本地浏览器或设备上，包括H5本地存储和浏览器缓存,其他通用信息,
SDK是由我们的关联公司或第三方合作伙伴提供、可安装在我们的移动应用程序中的代码块,其他通用信息,
SDK可帮助我们了解你如何与我们的移动应用程序进行交互，并收集有关用于访问应用程序的设备和网络的某些信息,其他通用信息,
我们会使用这些技术记录你的设置偏好、提供账户认证与安全服务、优化服务功能与性能（如加速网页加载速度）、用于产品的分析与研究以及广告目的,第一方收集_使用,采集的个人信息类型
"==========
### 四、我们如何分享、转让、公开披露你的信息
我们不会将你的个人信息出售给第三方，但可能会在以下情况下披露或分享你的个人信息：
1)在获取你明确同意的情况下披露",与第三方共享_转让_公开,何时与第三方共享
2)披露给我们特定员工、关联公司或附属公司的技术服务人员：我们可能会出于提供本产品与服务的目的需要将你的个人信息与其他信息与我们特定部门的员工、关联公司或附属公司的技术或其他工作人员共享,与第三方共享_转让_公开,何时与第三方共享
这些员工、关联公司或附属公司仅能存储其代表我们执行这些限定职务所需的信息,与第三方共享_转让_公开,何时与第三方共享
3)与第三方合作伙伴共享：我们的某些服务功能由我们的合作伙伴提供，所以我们可能会与合作伙伴共享你的某些个人信息，以正常提供服务，提升用户体验,与第三方共享_转让_公开,何时与第三方共享
我们仅会出于特定、明确而合法的目的处理你的个人信息，并且只会披露提供服务所必要的数据,与第三方共享_转让_公开,何时与第三方共享
我们不会将你的个人信息用于任何其他与本服务无关的用途,与第三方共享_转让_公开,何时与第三方共享
目前，我们的授权合作伙伴为广告、分析服务类的授权合作伙伴,与第三方共享_转让_公开,何时与第三方共享
除非得到你的许可，否则我们不会将你的个人身份信息（指可以识别你的身份的信息，例如姓名、电子邮箱，通过这些信息可以联系到你或识别你的身份）与提供广告、分析服务的合作伙伴分享,与第三方共享_转让_公开,何时与第三方共享
4)为保障您的使用安全及产品的稳定运行的共享：为使您和我们的正当合法权益免受不法侵害，我们可能会接入由第三方服务提供商提供的软件开发包（SDK）实现相关目的，该等接入第三方服务由相关的第三方负责运营,与第三方共享_转让_公开,何时与第三方共享
服务提供商北京数字联盟网络科技有限公司向我们提供可信ID数据验证服务，该服务提供商将独立采集设备制造商、设备型号、系统版本、应用列表信息、MAC地址、终端唯一标志信息等设备信息，用于识别和反馈设备真实性，检测存在欺诈风险行为的移动设备，确保你的合法利益不受非法侵犯,与第三方共享_转让_公开,何时与第三方共享
该企业已通过国家信息系统安全三级保护测评及备案、ISO27001 信息安全管理体系标准认证、 ISO 27701信息安全和隐私管理体系标准认证，能有效保证你的信息安全,与第三方共享_转让_公开,何时与第三方共享
具体的保护措施及相关说明请参见该服务提供商的隐私政策内容：<https://www.shuzilm.cn/main/privacy.html>,与第三方共享_转让_公开,何时与第三方共享
5)基于法律或维护你的重大利益的披露：在当适用的法律要求，或者回复司法机关传票、法院命令，或遵循其他执法机关的类似要求时，或为预防诈欺并保护我们自身、你、第三方或社会大众的财产或其他重大利益，我们酌情认为披露实属于紧迫、合理和必要时，我门可能会披露你的个人信息,与第三方共享_转让_公开,何时与第三方共享
6)企业并购、分立、破产等,与第三方共享_转让_公开,何时与第三方共享
如果发生合并、收购、破产或其他出售本公司全部或部分资产的情况，我们所拥有或控制的任何你的信息可能也是转移给第三方的财产之一，我们保留将你的信息及我们从本服务的你收集的其他信息转移给第三方的权利,与第三方共享_转让_公开,何时与第三方共享
7)我们可能会以特定的技术方式剥离你信息中的所有个人识别特征，与关联方、非关联方共享汇总的匿名化信息，用于与提供本产品与服务目的的相关的分析和研究,与第三方共享_转让_公开,何时与第三方共享
"==========
### 五、我们如何保护你的个人信息
1、 我们会将你的个人信息与非个人信息上传、存储到中国大陆地区的数据中心",数据安全,安全措施
2、我们非常重视你个人信息的安全，并且我们会采取符合业内标准的安全防护措施来保护你的个人信息，部署多种技术方式和管理措施以防止数据遭到未经授权访问、修改、损坏或丢失,数据安全,安全措施
例如，我们会使用符合行业标准的加密技术确保你账号信息的完整性和机密性,数据安全,安全措施
我们会部署权限访问控制机制，确保只有特定的授权人员才可访问你的个人信息等,数据安全,安全措施
3、我们只会在实现本政策所述目的所需的期限内保留你的个人信息，除非需要延长保留期或受到法律的允许,数据安全,安全措施
我们会尽力保护你的个人信息安全，但请注意，由于技术的复杂性任何安全措施都无法做到百分百安全无虞,数据安全,安全措施
4、 我们会采取一切合理可行的措施，确保未收集无关的个人信息,数据安全,安全措施
我们只会在大成本政策所述目的所需的期限内保留你的个人信息，除非需要延长保留期或收到法律许可,数据安全,数据存储期限
如果你对我们的个人信息保护有任何疑问，可通过本政策最下方约定的联系方式联系我们,数据安全,安全措施
如你发现自己的个人信息泄密，尤其是你的账户及密码发生泄露，请你立即通过以下邮箱：【tq@xiaoniuhy.com】约定的联系方式联络我们，以便我们采取相应措施,数据安全,安全措施
"==========
### 六、你如何管理你的个人信息
1、访问你的个人信息：
你有权访问你的个人信息，法律、法规规定的例外情况除外",用户访问_编辑_删除的方法,用户可以进行的操作
你可以通过登陆你注册的账号，在账号设置中心查询、编辑你的个人信息,用户访问_编辑_删除的方法,操作的途径
如果你无法通过上述方式管理该个人信息，你可以通过【tq@xiaoniuhy.com】与我们取得联系,用户访问_编辑_删除的方法,操作的途径
"2、更正你的个人信息：
你发现我们处理的关于你的个人信息有错误时，你有权对错误或不完整的信息作出更正或更新，如果在账号中心你无法自主操作，你可以通过【tq@xiaoniuhy.com】与我们联系",用户访问_编辑_删除的方法,用户可以进行的操作
"3、删除你的个人信息：
在以下情形下，你可以通过【tq@xiaoniuhy.com】向我们提出删除个人信息的请求：
（1）我们处理你个人信息的行为违反法律、法规等的强制性规定",用户访问_编辑_删除的方法,用户可以进行的操作
（2）我们收集、处理你的个人信息未征得你的同意,其他通用信息,
（3）我们收集、处理你的个人信息违反了与你的约定,其他通用信息,
（4）我们的某项产品、服务停止运营，不再向继续你提供,其他通用信息,
（5）你不再使用我们的产品与服务，选择注销账号,其他通用信息,
"==========
**4** **、改变你授权同意的范围或撤回你的授权：**
你可以通过删除信息、关闭设备功能、在软件中进行隐私设置等方式改变你授权我们继续收集个人信息的范围或撤回你的授权",用户访问_编辑_删除的方法,用户可以进行的操作
请你理解，每个业务功能需要一些基本的个人信息才能得以完成，当你撤回同意或授权后，我们无法继续为你提供撤回同意或授权所对应的服务，也不再处理你相应的个人信息,用户访问_编辑_删除的方法,操作对用户造成的影响
但你撤回同意或授权的决定，不会影响此前基于你的授权而开展的个人信息处理,用户访问_编辑_删除的方法,操作对用户造成的影响
"==========
### 七、未成年人的个人信息保护
1、我们非常重视对未成年人个人信息的保护",面向特定人群用户条款,供应商动作
"若你是14
周岁以下的未成年人，在使用我们的产品与/或服务前，应事先取得你家长或法定监护人的书面同意",面向特定人群用户条款,群体类型
我们根据国家相关法律法规的规定保护未成年人的个人信息,面向特定人群用户条款,供应商动作
我们的主要面向的是成人，如果没有父母或监护人的同意，未成年人不得创建自己的用户账号,面向特定人群用户条款,供应商动作
2、对于经父母或监护人同意而收集未成年个人信息的情况，我们只会在收到法律允许、父母或监护人明确同意或未成年所必要的情况下使用或公开披露此信息,面向特定人群用户条款,供应商动作
3、如果我们发现自己在未事先获得可证实的父母或监护人同意的情况下手机了未成年的个人信息，则会设法尽快删除相关数据,面向特定人群用户条款,供应商动作
"==========
### 八、本隐私政策的更新
随着业务的发展，我们的隐私政策可能发生变更",条款更改,更改原因
对于本隐私政策的重大变更，我们会采用多种方式向你提供显著的更新提示,条款更改,告知方式
例如，在软件改版或升级时，以弹窗或其他明显的形式对你进行及时告知，你继续使用我们的服务即意味着你认可我们更新后的隐私政策,条款更改,告知方式
"==========
### 九、如何联系我们
如果你对本隐私政策有任何疑问、意见或者投诉",其他通用信息,
"请随时通过以下方式联系我们：
邮箱：【tq@xiaoniuhy.com】
电话： 021-58338070
通讯地址：上海市浦东新区申江路5005号1号楼
==========
### 十、其他
本隐私政策自您完成公司产品帐号注册之日在中国浦东新区签订并生效",其他通用信息,
即便您没有完成公司产品帐号注册，但通过其他任何方式获得和使用公司所提供的产品和服务的，本协议视为在您获得及使用产品和服务之日签订并生效,其他通用信息,
[附录：第三方合作伙伴及共享信息](/agreement/partnersInfo),其他通用信息,
