"abFtJPnPQVzV3c1vVwe1NQ_HRKUe-0581_com_fenbi_android_gaozhong.txt





Apkid:com.fenbi.android.gaozhong
==========
更新日期：2020年8月21日
猿题库（以下简称“我们”）深知个人信息（本政策所述“个人信息”或“个人敏感信息”所包含的内容出自于GB/T35273《个人信息安全规范》）对您而言的重要性，也感谢您对我们的信任，我们将按法律法规要求，采取相应安全保护措施，尽力保护您的个人信息安全可控",其他通用信息,
基于此，“猿题库”学习平台产品和服务提供者北京猿力教育科技有限公司（下称“猿力教育科技”）制定本《隐私政策》,其他通用信息,
本政策主要向您阐述我们收集哪些信息、所收集信息的用途、您所享有的权利等，并申明了我们对保护个人隐私的承诺,其他通用信息,
我们未来可能根据信息处理情境的变化更新或修改本政策,其他通用信息,
请您在使用猿题库提供的任何服务前知晓本政策和任何补充政策,其他通用信息,
本政策适用于“猿题库”学习平台产品及服务，包括“猿题库”学习平台官网（域名为yuanfudao.com）、“猿题库”学习平台IOS版软件客户端、“猿题库”学习平台Android版软件客户端,其他通用信息,
我们将恪守以下原则，保护您的个人信息：权责一致原则、目的明确原则、选择同意原则、最少够用原则、公开透明原则、确保安全原则、主体参与原则等,其他通用信息,
同时，我们承诺，我们将按业界成熟的安全标准，采取相应的安全保护措施来保护您的个人信息,其他通用信息,
在使用“猿题库”学习平台产品或服务前，请您务必仔细阅读并理解本政策全部内容,其他通用信息,
一旦您开始使用“猿题库”学习平台产品或服务，即表示您已充分理解并同意本政策,其他通用信息,
如您对本政策内容有任何疑问、意见或建议，请通过文末的方式与我们联系,其他通用信息,
"==========
本隐私政策将帮助您了解以下内容：
一、个人信息定义及范围
二、我们如何使用和收集您的个人信息
三、我们如何使用Cookie和同类技术
四、我们如何共享、转让、公开披露您的个人信息
五、我们如何保护您的个人信息
六、您的权利
七、我们如何处理儿童的个人信息
八、您的个人信息如何在全球范围转移
九、本隐私政策如何更新
十、争议解决
十一、如何联系我们
==========
本版发布日期：2020年【8】月【21】日
生效日期：2020年【8】月【21】日
==========
一、 个人信息定义及范围
(一）个人信息：指以电子或者其他方式记录的能够单独或与其他信息结合，识别特定自然人身份或者反映特定自然人活动情况的信息",其他通用信息,
(二）个人敏感信息：包括身份证件号码、手机号码、个人生物识别信息、银行账号、财产信息、行踪轨迹、交易信息、14岁以下（含）儿童的个人信息等,其他通用信息,
"(三) 本隐私政策中涉及的个人信息及个人敏感信息主要包括：
1\. 基本信息：昵称、性别、个人电话号码、收件地址",其他通用信息,
"2\. 网络身份标识信息 (包括系统帐号（含第三方）、IP地址及与前述有关的密码）;
3\. 联系人信息：通讯录",其他通用信息,
4\. 猿题库使用数据（浏览及点击记录、软件使用记录、通过麦克风输入的内容）,其他通用信息,
5\. 个人常用设备信息（含硬件型号、操作系统类型）,其他通用信息,
"6\. 个人位置信息（精准定位信息）;
7\. 使用第三方服务产生的资金流水记录",其他通用信息,
"==========
二、 我们如何使用和收集您的个人信息
我们会出于本政策所述的以下目的，收集和使用您的个人信息：
1\. 帮助您成为“猿题库”的用户
为使用“猿题库”学习平台，您需要首先成为“猿题库”的注册用户，以便我们为您提供会员服务，您需要提供【注册、登录猿题库帐号使用的电话号码，用户自行填写的姓名或昵称、年级、学校】基本信息，并创建“猿题库”学习平台账号和密码",第一方收集_使用,采集的目的
在您主动注销账号之后，我们将根据法律的要求删除您的个人信息，或使其匿名化处理,第一方收集_使用,对数据的使用
"2\. 向您提供产品或服务
(1) 用户体验改进计划
猿力教育科技将基于您对“猿题库”使用数据，结合个人常用设备信息进行统计，来诊断系统问题，优化产品体验",第一方收集_使用,采集的目的
我们会使用工具（含第三方工具）统计您在使用猿力教育科技产品过程中产生的数据信息，其中包含应用启动数，页面访问数，重点按钮点击数，设置项的配置属性,其他通用信息,
随着猿力教育科技产品的后续版本升级，我们统计的范围会有所改变，您下载/安装/使用猿力教育科技后续版本产品的行为将被视为您对届时相关改变的同意,其他通用信息,
"(2) 开展营销活动
当您选择参加我们举办的有关营销活动时，根据活动需要可能使用到您提供个人信息与第三方支付服务账号",第一方收集_使用,采集的目的
这些信息可能包括个人敏感信息（个人电话号码、支付宝账号）是您收到转账或者礼品所必要的,第一方收集_使用,采集的目的
如果您拒绝提供这些信息，我们将可能无法向您转账或发放礼品,第一方收集_使用,用户选择所造成的影响
"(3) 客服与售后
我们的客服和售后功能会使用你的账号信息以为您提供咨询服务",第一方收集_使用,采集的目的
当您与我们联系时，我们可能会保存您的通信或通话记录和内容或您留下的联系方式，以便帮助您解决问题，或记录相关问题的处理方案及结果,第一方收集_使用,何时采集
我们的客服会使用您的账号信息与您核验您的身份,第一方收集_使用,对数据的使用
您有可能会在与我们的客服人员沟通时，提供给出上述信息外的其他信息,第一方收集_使用,何时采集
猿题库客户端使用环信作为第三方客服工具，环信提供支持用户在沟通过程中发送“位置消息”的功能，因此在环信的SDK中存在“获取精确位置”和“获取粗略位置”的API调用,其他通用信息,
但是猿题库客户端并未使用此功能，在应用中禁用了这两项敏感权限的使用，用户使用应用过程中猿题库客户端不会实际获取这两项权限,其他通用信息,
"(4) 基础业务功能和附加业务功能
我们的基础业务功能包括：
试卷题目的在线练习：您在猿题库进行题目练习时，需要获取您的个人头像、昵称、年级、学校信息",第一方收集_使用,何时采集
拍照搜题：您可以使用拍照搜题功能，搜索题目解析,用户访问_编辑_删除的方法,用户可以进行的操作
使用拍照搜题功能需要获取您的相机、相册权限,第一方收集_使用,何时采集
查看和编辑个人资料：您可以选择是否在题库上完善个人信息，可自行上传和编辑个人头像、昵称、年级、学校、地址信息,用户访问_编辑_删除的方法,用户可以进行的操作
您自行上传的个人信息将会展示在一些互动场景中，例如排行榜、评论区,第一方收集_使用,对数据的使用
上传头像功能需要获取您的相机、相册权限，您在设置学校时可以选择自动获取您的地理位置信息帮助筛选学校，也可以手动输入进行筛选,第一方收集_使用,何时采集
支付：您在题库上支付时，您可以选择题库及与题库合作的第三方支付机构（如微信支付、支付宝、QQ钱包、招行一网通等支付通道）所提供的支付服务,第一方收集_使用,何时采集
支付功能本身并不收集您的个人信息，但我们需要将您的题库订单信息及对账信息与这些支付机构共享以确认您的支付指令并完成支付,第一方收集_使用,对数据的使用
"我们的附加业务功能包括：
古诗文助手、英语听说练习：当您在使用古诗文助手功能、进行英语听说练习时，需要获取您的麦克风权限，以便对您的语音内容进行分析，判断是否朗读正确",第一方收集_使用,何时采集
英语作文批改：当您在使用英语作文批改时，需要获取您的摄像头、相册权限，以便评判作业的正确性及质量,第一方收集_使用,何时采集
用户反馈：当您使用用户反馈功能时，需要获取您的相册权限，以便您上传图片，说明需要我们改进的问题,第一方收集_使用,何时采集
"3\. 为您提供安全保护保障
您的网络身份标识信息帮助您维护软件正常使用及使用安全",第一方收集_使用,对数据的使用
我们将通过弹出窗口询问您是否可以获取相应权限，只有您选择同意后，我们才会为您开启相应权限并接受您的个人信息,第一方收集_使用,是否有交互
您可以开放设备麦克风权限来进行语音输入（语音消息、语音搜索），在此过程中我们使用您的语音内容，对此项猿题库使用数据进行必要的处理以满足您的软件使用需求,第一方收集_使用,何时采集
我们会根据您在软件安装及使用中授予的具体权限，接收并记录您的个人常用设备信息（操作系统版本、唯一设备标识符、设备所在位置相关信息：IP地址、GPS位置以及能够提供相关信息的Wi-Fi接入点、蓝牙等传感器信息）,第一方收集_使用,何时采集
个人信息匿名化处理：在收集到您的个人信息后，我们将通过技术手段及时对数据进行匿名化处理,第一方收集_使用,对数据的使用
我们会将匿名化后的数据与可用于回复识别个人的信息分开存储，并保证在后续的个人信息处理中不重新识别个人,第一方收集_使用,对数据的使用
在不泄露您个人信息的前提下，猿力教育科技有权对匿名化处理后的用户数据库进行挖掘、分析和利用（包括商业性使用）,第一方收集_使用,对数据的使用
若我们对于您的个人信息用于除政策列明之外的目的、范围或与使用于数据收集不一致的传输方式时，我们将会通知您并取得您的同意,第一方收集_使用,是否有交互
"==========
4\. 征得授权同意的例外
根据相关法律法规规定及国家标准，以下情形中，我们可能会依法收集并使用您的个人信息无需征得您的同意：
（1）与国家安全、国防安全直接相关的",其他通用信息,
（2）与公共安全、公共卫生、重大公共利益直接相关的,其他通用信息,
（3）与犯罪侦查、起诉、审判和判决执行等直接相关的,其他通用信息,
（4）出于维护您或其他个人的生命、财产等重大合法权益但又很难得到您本人同意的,其他通用信息,
（5）所收集的个人信息是您自行向社会公众公开的,其他通用信息,
（6）从合法公开披露的信息中收集个人信息的，如：合法的新闻报道、政府信息公开等渠道,其他通用信息,
（7）根据您的要求签订和履行合同所必须的,其他通用信息,
（8）用于维护所提供的产品或服务的安全稳定运行所必需的，例如发现或处置产品或服务的故障,其他通用信息,
（9）为新闻单位或学术研究机构基于新闻报道、公共利益开展统计或学术研究所必要等，且对外提供学术研究或描述的结果时，对结果中所包含的个人信息进行去标识化处理，且数据接收方无法复原并重新识别个人信息的,其他通用信息,
（10）法律法规规定的其他情形,其他通用信息,
"==========
三、 我们如何使用Cookie和同类技术
为使您获得更轻松的访问体验，您访问“猿题库”学习平台产品或服务时，我们可能会通过采用各种技术收集和存储您访问“猿题库”学习平台服务的相关数据，这样可以识别您的身份，帮您省去重复输入注册信息的步骤，或者帮助判断您的帐号安全状态",第一方收集_使用,使用的目的
这些数据文件可能是Cookie，以及您的浏览器或关联应用程序提供的其他本地存储（以下简称“Cookie”）,其他通用信息,
请您理解，我们的某些服务只能通过使用Cookie才可得到实现,其他通用信息,
如您的浏览器或浏览器附加服务允许,其他通用信息,
多数浏览器工具条中的“帮助”部分会告诉您怎样防止您的浏览器接受新的Cookie，怎样让您的浏览器在您收到一条新Cookie时通知您或者怎样彻底关闭Cookie,其他通用信息,
"此外，您可以通过改变浏览器附加程序的设置，或通过访问提供商的网页，来关闭或删除浏览器附加程序使用的Flash
Cookie及类似数据",用户访问_编辑_删除的方法,用户可以进行的操作
您可以修改对Cookie的接受程度或者拒绝“猿题库”学习平台的Cookie，但拒绝“猿题库”学习平台的Cookie在某些情况下您可能无法使用依赖于cookies的“猿题库”学习平台服务的部分功能,用户访问_编辑_删除的方法,用户可以进行的操作
我们网站上还可能包含一些电子图像（包括“网络Beacon”可或“单像素GIF文件”），它可以帮助网站计算浏览网页的用户或访问某些Cookie，我们会通过网络Beacon收集您浏览网页活动的信息（您访问的页面地址、您先前访问的援引页面的位置、您的浏览环境以及显示设定）,其他通用信息,
"==========
四、 我们如何共享、转让、公开披露您的个人信息
(一）共享
我们不会与除我们及我们的关联方以外的任何公司、组织和个人共享您的个人信息，但以下情况除外：
1\. 事先获得您明确的同意或授权",与第三方共享_转让_公开,何时与第三方共享
2\. 根据法律法规、法律程序的要求、强制性的行政或司法要求所必须的情况下对外提供,与第三方共享_转让_公开,何时与第三方共享
3\. 符合与您签署的相关协议（包括在线签署的电子协议以及相应的平台规则）或其他的法律文件约定所提供,与第三方共享_转让_公开,何时与第三方共享
4\.我们可能会将您的个人信息与我们的关联方共享,与第三方共享_转让_公开,何时与第三方共享
但我们只会共享必要的个人信息，且受本隐私政策中所声明目的的约束,与第三方共享_转让_公开,对于第三方的约束
我们的关联方如要改变个人信息的处理目的，将再次征求您的授权同意,与第三方共享_转让_公开,是否有交互
我们的关联方包括：【猿辅导、小猿搜题、小猿口算、斑马AI课、南瓜科学】,与第三方共享_转让_公开,何时与第三方共享
5\. 应您要求为您处理您与他人的纠纷或争议,与第三方共享_转让_公开,何时与第三方共享
6\.与授权合作伙伴共享：在法律法规允许的范围内，为维护猿力教育科技、猿力教育科技的合作伙伴、您或其他猿力教育科技用户或社会公众利益、财产或安全免遭损害，我们仅为实现本隐私政策中声明的目的与授权合同伙伴共同提供某些服务,与第三方共享_转让_公开,何时与第三方共享
我们可能会与合作伙伴共享您的某些个人信息，以提供更好的客户服务和用户体验,与第三方共享_转让_公开,与第三方共享的目的
我们仅会出于合法、正当、必要、特定、明确的目的共享您的个人信息，并且只会共享提供服务所必要的个人信息,与第三方共享_转让_公开,对于第三方的约束
我们将审慎评估合作方使用共享信息的目的，对合作方的安全保障能力进行综合评估，我们会对合作方获取信息的软件工具开发包（点击查看SDK详情）、应用程序接口（API）进行严格的安全监测，以保护数据安全，我们的合作伙伴无权将共享的个人信息用于任何其他用途,与第三方共享_转让_公开,对于第三方的约束
"我们的授权合作伙伴包括以下类型：
(1)商品或技术服务的供应商",与第三方共享_转让_公开,第三方相关实体
我们可能会将您的个人信息共享给支持我们功能的第三方,其他通用信息,
这些支持包括为我们提供支付服务、数据处理等,其他通用信息,
我们共享这些信息的目的是可以实现我们产品与/或服务的核心功能,与第三方共享_转让_公开,与第三方共享的目的
(2) 第三方商家,与第三方共享_转让_公开,第三方相关实体
我们必须将您为实现操作目的之必要信息与第三方商家共享，并促使其可以完成后续服务,与第三方共享_转让_公开,与第三方共享的目的
(3)对我们与之共享个人信息的公司、组织和个人，我们会与其签署严格的保密协定，要求他们按照我们的说明、本隐私政策以及其他任何相关的保密和安全措施来处理个人信息,与第三方共享_转让_公开,对于第三方的约束
"==========
(二）转让
我们不会将您的个人信息转让给任何公司、组织和个人，但以下情况除外：
1\. 事先获得您明确的同意或授权",与第三方共享_转让_公开,何时与第三方共享
2\. 根据法律法规、法律程序的要求、强制性的行政或司法要求所必须的情况进行提供,与第三方共享_转让_公开,何时与第三方共享
3\. 符合与您签署的相关协议（包括在线签署的电子协议以及相应的平台规则）或其他的法律文件约定所提供,与第三方共享_转让_公开,何时与第三方共享
"4\.
在涉及合并、收购、资产转让或类似的交易时，如涉及到个人信息转让，我们会要求新的持有您个人信息的公司、组织继续受本隐私政策的约束，否则,我们将要求该公司、组织重新向您征求授权同意",与第三方共享_转让_公开,何时与第三方共享
"==========
(三）公开披露
我们仅会在以下情况下，且采取符合业界标准的安全防护措施的前提下，才会公开披露您的个人信息：
1\. 根据您的需求，在您明确同意的披露方式下披露您所指定的个人信息
2\. 根据法律、法规的要求、强制性的行政执法或司法要求所必须提供您个人信息的情况下，我们可能会依据所要求的个人信息类型和披露方式公开披露您的个人信息",与第三方共享_转让_公开,何时与第三方共享
"==========
(四) 共享、转让、公开披露个人信息时事先征得授权同意的例外
以下情形中，我们共享、转让、公开披露您的信息无需事先征得您的授权同意：
1\. 与国家安全、国防安全直接相关的",其他通用信息,
2\. 与公共安全、公共卫生、重大公共利益直接相关的,其他通用信息,
3\. 与犯罪侦查、起诉、审判和判决执行等直接相关的,其他通用信息,
4\. 出于维护您或其他个人的生命、财产等重大合法权益但又很难得到您本人同意的,其他通用信息,
5\. 您自行向社会公众公开的个人信息,其他通用信息,
6.从合法公开披露的信息中收集个人信息的，如合法的新闻报道、政府信息公开等渠道,其他通用信息,
对外共享、转让、公开披露您的个人信息，我们对此负责，并承担相应的法律责任,其他通用信息,
"==========
五、我们如何保护您的个人信息
1\.我们已使用符合业界标准的安全防护措施保护您提供的个人信息，防止数据遭到未经授权访问、公开披露、使用、修改、损坏或丢失",数据安全,安全措施
我们会采取一切合理可行的措施，保护您的个人信息,数据安全,安全措施
我们会使用加密技术确保数据的保密性,数据安全,安全措施
我们会使用受信赖的保护机制防止数据遭到恶意攻击,数据安全,安全措施
我们会部署访问控制机制，确保只有授权人员才可访问个人信息,数据安全,安全措施
以及我们会举办安全和隐私保护培训课程，加强员工对于保护个人信息重要性的认识,数据安全,安全措施
2\. SSL（Secure Socket Layer）协议加密保护,数据安全,安全措施
当您从设备或浏览器向我们的服务器发送或收取信息时，我们确保使用安全套接层（SSL）和其他算法对其进行加密,数据安全,安全措施
3\. 我们会采取一切合理可行的措施，确保未收集无关的个人信息,数据安全,安全措施
我们只会在达成本政策所述目的所需的【 三年】内保留您的个人信息，除非需要延长保留期或受到法律的允许,数据安全,数据存储期限
超出期限后，我们将删除或去标识化处理您的个人信息,数据安全,数据存储期限
4\.您的个人信息全都被储存在安全的服务器上，并在受控设施中受到保护,数据安全,安全措施
我们依据重要性和敏感性对您的数据进行分类，并且保证您的个人信息具有最高的安全等级,数据安全,安全措施
我们保证通过访问这些信息来帮助向您提供产品和服务的员工和第三方服务供应商具有严格的合同保密义务，如果未能履行这些义务，其将会受到纪律处分或被终止合作,数据安全,安全措施
同样，我们对以云为基础的数据存储设有专门的访问控制措施,数据安全,安全措施
总而言之，我们定期审查信息收集、储存和处理实践，包括物理安全措施，以防止任何未经授权的访问和使用,数据安全,安全措施
尽管已经采取了上述合理有效措施，并已经遵守了相关法律规定要求的标准，但请您理解，由于技术的限制以及可能存在的各种恶意手段，在互联网行业，即便竭尽所能加强安全措施，也不可能始终保证信息百分之百的安全，我们将尽力确保您提供给我们的个人信息的安全性,数据安全,安全措施
您知悉并理解，您接入我们的服务所用的系统和通讯网络，有可能因我们可控范围外的因素而出现问题,数据安全,安全措施
因此，我们强烈建议您采取积极措施保护个人信息的安全，包括但不限于使用复杂密码、定期修改密码、不将自己的账号密码等个人信息透露给他人,数据安全,安全措施
我们将对于个人数据的泄露，及时通知相关的监管机构，并在一些特别的环境下，通知数据主体相关的数据泄露事件，以满足适用的相关法律，包括您所在地的数据保护法规,数据安全,安全措施
我们不对有可能进入第三方网站的隐私政策的合法性负责，您应检查第三方网站的隐私政策并确定是否接受,数据安全,安全措施
5\.在不幸发生个人信息安全事件后，我们将按照法律法规的要求【并最迟不迟于30个自然日内】向您告知：安全事件的基本情况和可能的影响、我们已采取或将要采取的处置措施、您可自主防范或降低风险的建议、对您的补救措施等,数据安全,发生安全事故的处理方式
事件相关情况我们将以邮件、信函、电话、推送通知等方式告知您，难以逐一告知个人信息主体时，我们会采取合理、有效的方式发布公告,数据安全,发生安全事故的处理方式
同时，我们还将按照监管部门要求，上报个人信息安全事件的处置情况,数据安全,发生安全事故的处理方式
"==========
六、您的权利
按照中国相关的法律、法规、标准，以及其他国家、地区的通行做法，我们保障您对自己的个人信息行使以下权利：
1\. 访问权
您有权访问您的个人信息，法律法规规定的例外情况除外",用户访问_编辑_删除的方法,用户可以进行的操作
"如果您想行使数据访问权，可以通过以下方式自行访问：
帐号信息――如果您希望访问或编辑您的帐号中的个人资料信息、更改您的密码或关闭您的帐号等，您可以通过访问-猿题库-个人中心执行此类操作",用户访问_编辑_删除的方法,用户可以进行的操作
"2\. 更正权
当您发现我们处理的关于您的个人信息有错误时，您可以通过登录“猿题库”个人中心帐号资料栏进行修改",用户访问_编辑_删除的方法,用户可以进行的操作
"3\. 删除权
在以下情形中，您可以向我们提出删除个人信息的要求：
(1) 如果我们处理个人信息的行为违反法律法规",用户访问_编辑_删除的方法,用户可以进行的操作
(2) 如果我们收集、使用您的个人信息，却未征得您的同意,其他通用信息,
(3) 如果我们处理个人信息的行为违反了与您的约定,其他通用信息,
(4) 如果您不再使用我们的产品或服务，或您注销了账号,其他通用信息,
(5) 如果我们不再为您提供产品或服务,其他通用信息,
(6) 若我们决定响应您的删除请求，我们还将同时通知从我们获得您的个人信息的实体，要求其及时删除，除非法律法规另有规定，或这些实体获得您的独立授权,其他通用信息,
当您被从我们的服务中删除信息后，我们可能不会立即从备份系统中删除相应的信息，但会在备份更新时删除这些信息,用户访问_编辑_删除的方法,供应商动作
"==========
4\. 撤回同意权
您可以电话联系客服向我们提出撤回收集、使用个人信息的同意授权",其他通用信息,
撤回同意后，我们后续不会再处理您的个人信息,用户访问_编辑_删除的方法,供应商动作
同时，我们会保障您拒绝接收基于您个人信息推送的商业广告的权利,用户访问_编辑_删除的方法,供应商动作
在我们对外共享、转让、公开披露您的个人信息时，我们会像您提供撤回同意的通知,用户访问_编辑_删除的方法,供应商动作
撤回同意不影响撤回前基于同意的您的个人信息处理,用户访问_编辑_删除的方法,操作对用户造成的影响
"==========
5\. 注销权
您可以电话联系客服400-078-9100,
010-89177969（周一至周日8:00-21:00）说明注销需求，我们将安排专业人员响应注销需求",其他通用信息,
在注销帐号之后，我们将停止为您提供产品或服务，并依据您的要求，删除您的个人信息，法律法规另有规定的除外,用户访问_编辑_删除的方法,供应商动作
"6\. 个人信息主体获取个人信息副本
您可以通过登录“猿题库”个人中心-帐号资料栏进行查询",用户访问_编辑_删除的方法,用户可以进行的操作
"7\. 约束信息系统自动决策
您有权登录“猿题库”个人中心-问题反馈中执行此操作",用户访问_编辑_删除的方法,用户可以进行的操作
"8\. 响应您的上述请求
在某些业务功能中，我们可能仅依据信息系统、算法等在内的非人工自动决策机制做出决定",用户访问_编辑_删除的方法,用户可以进行的操作
如果这些决定显著影响您的合法权益，您有权要求我们做出解释，我们也将提供适当的救济方式,用户访问_编辑_删除的方法,用户可以进行的操作
"9\. 响应您的上述请求
为保障安全，您可能需要提供书面请求，或以其他方式证明您的身份",用户访问_编辑_删除的方法,供应商动作
我们可能会先要求您验证自己的身份，然后再处理您的请求,用户访问_编辑_删除的方法,供应商动作
我们将在三十天内做出答复,用户访问_编辑_删除的方法,供应商动作
对于您合理的请求，我们原则上不收取费用，但对多次重复、超出合理限度的请求，我们将视情收取一定成本费用,用户访问_编辑_删除的方法,供应商动作
对于那些无端重复、需要过多技术手段（例如，需要开发新系统或从根本上改变现行惯例）、给他人合法权益带来风险或者非常不切实际（例如，涉及备份磁带上存放的信息）的请求，我们可能会予以拒绝,用户访问_编辑_删除的方法,供应商动作
"==========
七、我们如何处理儿童的个人信息
对于经父母同意而收集儿童个人信息的情况，我们只会在受到法律允许、父母或监护人明确同意或者保护儿童所必要的情况下使用或公开披露此信息",其他通用信息,
如果我们发现自己在获得可证实的父母不同意的情况下收集了儿童的个人信息，则会设法尽快删除相关数据,面向特定人群用户条款,供应商动作
"==========
八、您的个人信息如何在全球范围转移
我们在中华人民共和国境内运营中收集和产生的个人信息，存储在中国境内，我们不会将您的个人信息转移至境外",其他通用信息,
"==========
九、本隐私政策如何更新
我们的隐私政策可能变更",其他通用信息,
本政策为《猿题库用户协议》的重要组成部分,其他通用信息,
我们保留不时更新或修改本政策的权利,其他通用信息,
如果该等修改造成您在本政策下权利的实质减少（即“重大变更”），我们会通过不同渠道向您发送变更通知，包括但不限于网站公示、私信通知等方式,条款更改,告知方式
若您不同意修改后的隐私政策，您有权并应立即停止使用猿题库的服务,条款更改,用户选择
如果您继续使用我们的服务，则视为您接受我们对本政策相关条款所做的修改,条款更改,用户选择
猿题库的所有服务均适用本政策,其他通用信息,
但某些服务有其特定的隐私政策，该等特定的隐私政策更具体地说明猿题库在该服务中如何处理您的信息,其他通用信息,
如本政策与特定服务的隐私政策有不一致之处，请以该特定隐私政策为准,其他通用信息,
"本政策所指的重大变更包括但不限于：
1\. 我们的服务模式发生重大变化",其他通用信息,
如处理个人信息的目的、处理的个人信息类型、个人信息的使用方式等,其他通用信息,
2\. 我们在所有权结构、组织架构等方面发生重大变化,其他通用信息,
如业务调整、破产并购等引起的所有者变更等,其他通用信息,
3\. 个人信息共享、转让或公开披露的主要对象发生变化,其他通用信息,
4\. 您参与个人信息处理方面的权利及其行使方式发生重大变化,其他通用信息,
5\. 我们负责处理个人信息安全的责任部门、联络方式及投诉渠道发生变化,其他通用信息,
6\. 个人信息安全影响评估报告表明存在高风险时,其他通用信息,
7\. 我们还会将本政策的旧版本存档，供您查阅,其他通用信息,
在“猿题库”学习平台停止运营时，我们会及时停止继续收集个人信息，可能以注意送达或网站公告的形式通知您停止运营的情况，并对您的个人信息进行删除或匿名化处理,其他通用信息,
"==========
十、争议解决
本用户协议及您与猿力教育科技的关系适用于中华人民共和国大陆地区法律，但不包括其冲突法规范",其他通用信息,
您和猿力教育科技同意服从猿力教育科技所在地法院的司法管辖,其他通用信息,
"==========
十一、如何联系我们
我们已经配备个人信息保护专门负责人员，如果您对本隐私政策有任何疑问，或对于您的个人信息处理存在任何投诉、意见，请通过以下方式与我们联系：400-078-9100,
010-89177969（周一至周日8:00-21:00）",其他通用信息,
"办公地址：北京市朝阳区望京利星行中心A座F区5层 北京猿力教育科技有限公司法务部
如果您对我们的答复不满意，还可以向消费者权益保护部门投诉或者向有管辖权的法院提诉讼",其他通用信息,
北京猿力教育科技有限公司,其他通用信息,
,,
,,
,,
,,
,,
,,
,,
,,
,,
,,
,,
,,
,,
,,
,,
,,
,,
,,
