"a6ia6KUzqCtMHkk3ol__jB_x6RFy-0590_com_guess_idioms.txt





Apkid:com.guess.idioms
==========
##### **隐私政策**
发布日期：2020年4月10日
生效日期：2020年4月10日

合肥炎狮科技有限公司（以下简称我们）非常重视用户的个人信息和隐私保护(收集的个人信息内容出自GB/T35273《个人信息安全规范》)",其他通用信息,
您在使用产品及/或服务时，可能会收集和使用您的相关信息,其他通用信息,
希望通过本《隐私政策》向您说明，在使用产品及/或服务时，如何收集、使用、分享、保存和管理这些信息,其他通用信息,
"==========
本《隐私政策》将帮助您了解以下内容：
 **第一章** ** ** **如何收集您的个人信息**
 **第二章** ** ** **如何使用您的个人信息**
 **第三章** ** ** **如何使用** **Cookie** **和同类技术**
 **第四章** ** ** **如何共享、转让、公开披露您的个人信息**
 **第五章** ** ** **如何保护您的个人信息**
 **第六章** ** ** **如何保存您的个人信息**
 **第七章** ** ** **管理、查看或删除您的个人信息**
 **第八章** ** ** **未成年人信息的保护**
 **第九章** ** ** **本政策如何更新**
 **第十章** ** ** **投诉及建议**
==========
本《隐私政策》与您所使用的产品及/或服务息息相关，希望您在使用产品及/服务前仔细阅读并确认您已充分理解本《隐私政策》项下的内容",其他通用信息,
在需要时，希望您按照本《隐私政策》的指引做出您认为适当的选择,其他通用信息,
本《隐私政策》中涉及的相关技术词汇或术语，尽量以简明扼要的表述，以便您更好地理解,其他通用信息,
鉴于《用户使用许可服务协议》已经包含本《隐私政策》及其更新版本（会及时提示您更新的情况），您同意和接受《用户使用许可服务协议》即表明您已同意按照本《隐私政策》（含更新版本）收集、使用、分享、保存和管理您的相关信息,其他通用信息,
"==========
#####  **第一章** ** ** **如何收集您的个人信息**
1.1 您向提供相关个人信息
1.1.1
为开展应用，您首先需要注册账号并登录",用户访问_编辑_删除的方法,用户可以进行的操作
您可以选择通过微信、QQ、等方式创建产品及/或服务的账号并登录（“账号登录”），或者以游客身份临时/快速登录（“临时登录”）,用户访问_编辑_删除的方法,用户可以进行的操作
"1.1.1.1
当您选择快速登录时，您无需向提供您的个人信息",第一方收集_使用,何时采集
您将获得一个临时账号并完成登录,其他通用信息,
有鉴于相关法律法规提出的网络实名制要求，在快速登录且不补充提供手机号码或其他实名认证信息的情况下，您将无法在产品及/或服务中进行任何应用内充值或其他消费活动,第一方收集_使用,用户选择所造成的影响
该临时账号下的应用数据也无法在您的不同设备上实现同步,其他通用信息,
"1.1.1.2
根据自身需求，您还可以选择修改或补充您的头像、昵称、性别、生日、地区、密码等信息，这些信息均属于您的账号信息",用户访问_编辑_删除的方法,用户可以进行的操作
您不提供上述信息不会影响您开展应用,第一方收集_使用,用户选择所造成的影响
对于该等账号信息所涉的个人信息，将按照本《隐私政策》予以保护,数据安全,安全措施
"1.1.2
在您使用产品及/或服务时，您可能会因账号管理、充值等问题联系客服",第一方收集_使用,何时采集
您可能需要向提供手机号码、充值记录、虚拟财产相关的信息、系统操作记录、照片等与您使用产品及/或服务相关的信息，以便的客服与您联系，并帮助您解决相关问题,第一方收集_使用,采集的个人信息类型
如果您拒绝提供相关信息，可能无法帮助您解决相关问题,第一方收集_使用,用户选择所造成的影响
"1.2 收集您所使用的相关设备信息
当您使用的产品及/或服务时，将收集您所使用的相关设备信息，以便为您提供持续稳定的应用运营支持（如实现应用数据的实时同步等），同时有助于不断改善自身产品及/或服务（如基于崩溃率统计修复系统问题等），从而使您在使用的产品及/或服务过程中获得最优体验",第一方收集_使用,何时采集
收集的您所使用的相关设备信息包括设备名称、设备型号、硬件序列号、操作系统和应用程序版本及类型、语言设置、分辨率、移动终端随机存储内存等等,第一方收集_使用,采集的个人信息类型
"==========
1.3 通过调用设备权限收集您的相关个人信息
1.3.1
为提升产品及/或服务的使用体验和便利程度，可能会通过调用设备权限的方式收集您的如下个人信息",第一方收集_使用,采集的目的
如果您不同意提供这些个人信息，您可能无法使用与提升用户体验相关的功能，您也可能需要在使用产品及/或服务过程中手动重复填写一些信息，但您不提供这些个人信息不会影响您开展应用,第一方收集_使用,用户选择所造成的影响
1.3.1.1 为快速识别/添加/邀请您所在位置周边的好友，您可以选择授权调用您所使用设备中的位置权限,第一方收集_使用,何时采集
1.3.1.2 为快速识别/添加/邀请您的通讯录好友，您可以选择授权调用您所使用设备中的通讯录权限,第一方收集_使用,何时采集
1.3.1.3 若您希望向上传您的头像及/或其他图片信息，您可以选择授权调用您所使用设备中的摄像头或者相册权限,第一方收集_使用,何时采集
"1.3.1.4
若您希望快速便捷地通过第三方移动运营商完成支付，在您的设备支持的情况下，您可以选择授权调用您所使用设备中的移动运营相关权限（如短信），以便您快速便捷地完成付款",第一方收集_使用,何时采集
"1.3.2
若您希望实现或体验上述功能，您可能需要在您的设备中向开启您的相应访问权限",第一方收集_使用,采集的目的
您也可以随时选择关闭相应访问权限以取消相应授权,用户访问_编辑_删除的方法,用户可以进行的操作
在不同设备中，权限显示方式及关闭方式可能有所不同，具体请参考设备及系统开发方的说明或指引,用户访问_编辑_删除的方法,供应商动作
"==========
1.4 第三方向您收集的信息
1.4.1 第三方付款服务提供商收集相关个人信息
您可以通过向付款的方式获取产品及/或服务相关的虚拟产品，包括应用道具、应用装备等",第三方搜集_使用,
上述付款服务由以外的第三方提供，并不会获取与您付款相关的支付账号、密码等信息,第三方搜集_使用,采集的个人信息类型
在您成功付款后，仅会从该第三方付款服务提供商处获取您已完成付款的结果验证信息，进而向您提供相应虚拟产品,第三方搜集_使用,对数据的使用
若您希望了解第三方服务提供商收集个人信息的具体规则，请参阅您选择的第三方付款服务提供商的隐私政策,其他通用信息,
"1.4.2 第三方广告推送等服务提供商收集相关个人信息
可能会与第三方服务提供商合作，在产品及/或服务中接入第三方服务（例如投放广告、链接或者其它形式的推广内容）",第三方搜集_使用,对数据的使用
不会将您提供给或者收集的您的个人信息（如手机号码、昵称、头像、好友列表等）与第三方服务商共享，也不会代表第三方服务商为其收集您的个人信息,第三方搜集_使用,对于第三方的约束
通过产品及/或服务接入的第三方服务商可能有自己的隐私政策，其不受本《隐私政策》的约束,第三方搜集_使用,对于第三方的约束
第三方服务商可能会根据其自己的隐私政策收集为您提供服务所需的个人信息,第三方搜集_使用,采集的目的
将尽商业上合理的努力要求第三方服务商在处理您的个人信息时遵守相关法律法规，尽力要求其采取相关的保密和安全措施，但无法保证其一定会按照我们的要求采取相应措施,第三方搜集_使用,对于第三方的约束
"==========
1.5 您充分知晓，在以下情形下，我们收集、使用个人信息无需征得您的授权同意：
1.5.1 与国家安全、国防安全有关的",其他通用信息,
1.5.2 与公共安全、公共卫生、重大公共利益有关的,其他通用信息,
1.5.3 与犯罪侦查、起诉、审判和判决执行等有关的,其他通用信息,
1.5.4 出于维护个人信息主体或其他个人的生命、财产等重大合法权益但又很难得到本人同意的,其他通用信息,
1.5.5 所收集的个人信息是个人信息主体自行向社会公众公开的,其他通用信息,
1.5.6 从合法公开披露的信息中收集的您的个人信息的，如合法的新闻报道、政府信息公开等渠道,其他通用信息,
1.5.7 根据您的要求签订合同所必需的,其他通用信息,
1.5.8 用于维护所提供的产品及/或服务的安全稳定运行所必需的，例如发现、处置产品及/或服务的故障,其他通用信息,
1.5.9 法律法规规定的其他情形,其他通用信息,
"==========
#####  **第二章** ** ** **如何使用您的个人信息**
在收集您的个人信息后，将根据如下规则使用您的个人信息：
2.1 会根据本《隐私政策》的约定并为实现的产品及/或服务功能对所收集的个人信息进行使用",第一方收集_使用,对数据的使用
"2.2
请您注意，对于您在使用的产品及/或服务时所提供的所有个人信息，除非您删除或通过相关设置拒绝我们收集，否则您将在使用产品及/或服务期间持续授权使用",第一方收集_使用,用户选择所造成的影响
在您注销账号时，将停止使用并删除您的个人信息,第一方收集_使用,用户选择所造成的影响
"2.3
会对旗下产品及/或服务使用情况进行统计，并可能会与公众或第三方共享这些统计信息，以展示产品及/或服务的整体使用趋势",第一方收集_使用,对数据的使用
但这些统计信息不会包含您的任何身份识别信息,第一方收集_使用,采集的个人信息类型
2.4 当要将您的个人信息用于本政策未载明的其它用途时，或将基于特定目的收集而来的信息用于其他目的时，会主动事先征求您的明示同意,第一方收集_使用,是否有交互
"==========
#####  **第三章** ** ** **如何使用** **Cookie** **和同类技术**
3.1 为了更好地向您提供产品及/或服务，使用了若干自动数据收集工具，目前包括Flash
Cookies和内嵌Web链接",第一方收集_使用,使用的目的
借助这些技术，能够实时跟踪您的应用进度，并了解您的偏好信息，从而为您提供流畅、优质、个性化的用户体验,第一方收集_使用,对数据的使用
不会将上述技术用于本政策所述目的之外的任何用途,其他通用信息,
请您理解，的某些服务只能通过使用上述技术才可得到实现,其他通用信息,
如您的设备或相关程序允许，您可以通过改变设置，或通过访问提供商的网页，来关闭或删除上述技术,用户访问_编辑_删除的方法,用户可以进行的操作
但这一举动可能会影响您使用产品及/或服务,用户访问_编辑_删除的方法,操作对用户造成的影响
"==========
#####  **第四章** ** ** **如何共享、转让、公开披露您的个人信息共享**
4.1 将严格遵守相关法律法规，对您的个人信息予以保密",与第三方共享_转让_公开,对于第三方的约束
"除以下情况外，我们不会向其他人共享您的个人信息：
4.1.1 事先获得您明确的同意或授权",与第三方共享_转让_公开,何时与第三方共享
4.1.2 根据适用的法律法规规定，或基于司法或行政主管部门的强制性要求进行提供,与第三方共享_转让_公开,何时与第三方共享
4.1.3 在法律法规允许的范围内，为维护您或其他用户或其他个人的生命、财产等合法权益或是社会公共利益而有必要提供,与第三方共享_转让_公开,何时与第三方共享
4.1.4 应您的监护人的合法要求而提供您的信息,与第三方共享_转让_公开,何时与第三方共享
4.1.5 根据与您签署的相关协议（包括在线签署的电子协议以及相应的平台规则）或其他的法律文件约定而提供,与第三方共享_转让_公开,何时与第三方共享
"4.1.6
与本《隐私政策》第一章所述第三方进行共享：您在使用产品及/或服务的过程中使用本《隐私政策》第一章所述的第三方服务时，与第三方的共享规则将遵循本《隐私政策》第一章项下相关约定",与第三方共享_转让_公开,对于第三方的约束
"4.1.7
本可能会基于您的相应授权将您的个人信息与的关联方共享",与第三方共享_转让_公开,对于第三方的约束
但只会共享必要的个人信息，且受本《隐私政策》所述目的之约束,与第三方共享_转让_公开,对于第三方的约束
的关联方如要改变个人信息的处理目的，将适时向您征得明示同意,与第三方共享_转让_公开,对于第三方的约束
"4.2
对与之共享个人信息的公司、组织和个人，将尽商业上合理的努力要求其在处理您的个人信息时遵守相关法律法规，尽力要求其采取相关的保密和安全措施，以保障您的个人信息安全",数据安全,安全措施
"4.3 不会将您的个人信息转让给任何公司、组织和个人，但以下情况除外：
4.3.1 事先获得您明确的同意或授权",与第三方共享_转让_公开,何时与第三方共享
4.3.2 根据适用的法律法规、法律程序的要求、强制性的行政或司法要求而必须进行提供,与第三方共享_转让_公开,何时与第三方共享
4.3.3 根据与您签署的相关协议（包括在线签署的电子协议以及相应的平台规则）或其他的法律文件约定而提供,与第三方共享_转让_公开,何时与第三方共享
"4.3.4
在涉及收购、兼并、破产清算、重组等变更时，如涉及到个人信息转让，会要求新的持有您个人信息的公司或组织继续履行本《隐私政策》项下的责任和义务",与第三方共享_转让_公开,何时与第三方共享
如变更后的主体需变更个人信息使用目的，我们会要求其事先获得您的明示同意,与第三方共享_转让_公开,何时与第三方共享
"4.4 仅会在以下情况下，且在采取符合业界标准的安全防护措施的前提下，才会公开披露您的个人信息：
4.4.1 根据您的需求，在您明确同意的披露方式下披露您所指定的个人信息",与第三方共享_转让_公开,何时与第三方共享
"4.4.2
根据法律、法规的要求、行政或司法机关的强制性要求，我们可能会公开披露您的个人信息",与第三方共享_转让_公开,何时与第三方共享
当收到上述披露请求时，会依法要求请求方出具相关法律文件，如传票或调查函等,与第三方共享_转让_公开,何时与第三方共享
会慎重审查每一披露请求，以确保该等披露请求符合相关法律规定,与第三方共享_转让_公开,何时与第三方共享
在法律法规许可的前提下，会对包含披露信息的文件进行加密保护,与第三方共享_转让_公开,何时与第三方共享
"==========
#####  **第五章** ** ** **如何保护您的个人信息**
5.1 非常重视个人信息安全，并会采取一切合理可行的措施，持续保护您的个人信息，以防其他人在未经授权的情况下访问、篡改或披露收集的您的个人信息：
5.1.1
已采用符合行业标准的安全防护措施来保护您的个人信息，防止数据遭到未经授权的访问、公开披露、使用、修改、损坏或丢失",数据安全,安全措施
我们会采取一切合理可行的措施，保护您的个人信息,数据安全,安全措施
例如，在您的移动设备与产品及/或服务之间交换数据时进行SSL加密保护,数据安全,安全措施
我们会使用加密技术确保数据的保密性,数据安全,安全措施
我们会使用受信赖的保护机制防止数据遭到恶意攻击,数据安全,安全措施
"5.1.2
仅允许有必要知晓的人员访问相关个人信息，并为此设置了严格的访问权限控制和监控机制",数据安全,安全措施
同时要求可能接触到您个人信息的所有人员履行相应的保密义务,数据安全,安全措施
如果未能履行这些义务，可能会被追究法律责任或被终止与的相应法律关系,数据安全,安全措施
5.2 会采取一切合理可行的措施，确保未收集无关的信息,数据安全,安全措施
"5.3
请您理解，由于技术的限制以及可能存在的各种恶意手段，在互联网行业，即便竭尽所能加强安全措施，也不可能始终保证信息百分之百的安全",数据安全,安全措施
您需要了解，您接入的服务所用的系统和通讯网络，有可能因可控范围外的因素而出现问题,数据安全,安全措施
"5.4
在不幸发生信息安全事件后，我们将按照法律法规的要求，及时向您告知：安全事件的基本情况和可能的影响、我们已采取或将要采取的处置措施、您可自主防范和降低风险的建议、对您的补救措施等",数据安全,发生安全事故的处理方式
我们同时将及时将事件相关情况以邮件、信函、电话、推送通知等方式告知您,数据安全,发生安全事故的处理方式
难以逐一告知信息主体时，我们会采取合理、有效的方式发布公告,数据安全,发生安全事故的处理方式
同时，我们还将按照监管部门要求，主动上报信息安全事件的处置情况,数据安全,发生安全事故的处理方式
"==========
#####  **第六章** ** ** **如何保存您的个人信息**
保存期限
6.1 在用户使用产品及/或服务期间，我们会持续保存用户的个人信息",数据安全,数据存储期限
"6.2
根据相关法规要求，将保存您的虚拟货币购买记录至您账号注销之日后的180天",数据安全,数据存储期限
对于其他数据的保存期限，承诺将是为了实现产品及/或服务目的所必需的最短期限,数据安全,数据存储期限
在超出上述期限后，会对您的相关信息进行删除或匿名化处理,数据安全,数据存储期限
6.3 您的个人信息将全部被存储于中华人民共和国境内,数据安全,跨境传输
6.4 目前不存在向境外提供个人信息的场景,数据安全,跨境传输
如将来涉及向境外传输个人信息，将明确向您告知个人信息出境的目的、接收方、安全保障措施等情况，并另行征得您的同意,数据安全,跨境传输
"==========
#####  **第七章** ** ** **管理、查看或删除您的个人信息**
非常尊重您对自己的个人信息所享有的权利",用户访问_编辑_删除的方法,
我们保障您对个人信息所享有的访问、更正、删除、管理等权利,用户访问_编辑_删除的方法,供应商动作
"7.1
除法律法规另有规定之外，您有权行使数据访问权",用户访问_编辑_删除的方法,用户可以进行的操作
当您发现我们处理关于您的个人信息有错误或者您有其他修改、补充需求时，您也有权要求或自行予以更正,用户访问_编辑_删除的方法,用户可以进行的操作
"您行使数据访问和更正权的方式包括但不限于：
7.1.1
您的账号信息",用户访问_编辑_删除的方法,用户可以进行的操作
如果您希望访问或修改您在产品及/或服务中的账号信息，包括头像、昵称、性别、生日、地区信息、手机号码等实名验证信息、账号密码等，您可以通过访问产品及/或服务进行操作,用户访问_编辑_删除的方法,操作的途径
"7.1.2
您在参与社区发表话题、参与讨论或在社区好友圈公开或提供的个人信息",用户访问_编辑_删除的方法,操作的途径
若要访问或删除您在社区发表的话题或参与讨论过程中公开或提供的个人信息，您需首先点击“社区”界面左上方的账号头像，在弹出相应界面后点击“我的话题”或“我的评论”进行访问或删除,用户访问_编辑_删除的方法,操作的途径
若要访问或删除您在社区好友圈公开或提供的个人信息，您需进入“社区”界面并点击“发现”，在弹出相应界面后进行访问或删除,用户访问_编辑_删除的方法,操作的途径
7.2 您有权知悉通过获得您的个人信息的第三方的身份或类型,用户访问_编辑_删除的方法,用户可以进行的操作
您可以通过本《隐私政策》第一章和第四章了解第三方的身份或类型,用户访问_编辑_删除的方法,用户可以进行的操作
"7.3 在以下情形中，您可以向提出删除个人信息的请求：
7.3.1 如果处理个人信息的行为违反相关的法律法规",用户访问_编辑_删除的方法,用户可以进行的操作
7.3.2 如果收集、使用您的个人信息，却未征得您的同意,其他通用信息,
7.3.3 如果处理个人信息的行为违反了与您的约定,其他通用信息,
7.3.4 如果您不再使用的产品及/或服务，或者您注销了相关账号,其他通用信息,
7.3.5 如果不再为您提供产品及/或服务,其他通用信息,
7.4 若决定响应您的删除请求，还将同时通知从获得您的个人信息的实体，要求其及时删除，除非法律法规另有规定或这些实体已获得您的独立授权,用户访问_编辑_删除的方法,供应商动作
"==========
7.5
您有权向撤回您此前作出的有关同意收集、使用您的个人信息的授权",用户访问_编辑_删除的方法,用户可以进行的操作
当您撤回同意后，将不再处理您的相关个人信息,用户访问_编辑_删除的方法,供应商动作
但您撤回同意的决定，不会影响此前基于您的授权而开展的个人信息处理活动,用户访问_编辑_删除的方法,操作对用户造成的影响
7.6 您可以通过删除相关个人信息的方式撤回您此前就特定个人信息而对作出的同意授权,用户访问_编辑_删除的方法,用户可以进行的操作
"==========
7.7
您有权随时注销您在产品及/或服务中注册的账号",用户访问_编辑_删除的方法,用户可以进行的操作
为保障账号及财产安全，您需要通过客户服务或本《隐私条款》第十章载明的联系方式向提出您的账号注销请求,用户访问_编辑_删除的方法,用户可以进行的操作
将在与您核实相关信息后对您的请求作出响应,用户访问_编辑_删除的方法,供应商动作
"7.8
请您注意，注销相关产品及/或服务账号是不可恢复的操作",用户访问_编辑_删除的方法,操作对用户造成的影响
在注销账号之后，将停止为您提供产品及/或服务，并将删除该账号项下的您的个人信息，除非法律法规另有规定,用户访问_编辑_删除的方法,操作对用户造成的影响
"==========
7.9 根据您的请求，可以向您提供持有的有关您的个人信息副本（如个人基本资料）",用户访问_编辑_删除的方法,用户可以进行的操作
您可以通过客户服务或本《隐私条款》第十章载明的联系方式向提出请求,用户访问_编辑_删除的方法,用户可以进行的操作
"==========
7.10 在仅依据信息系统、算法等在内的非人工自动决策机制做出决定，并且这些决定显著影响您的合法权益的情况下，您有权要求做出解释，也将提供适当的救济方式",用户访问_编辑_删除的方法,用户可以进行的操作
"==========
7.11
如果您对在以上列明的有关访问、更正、删除您的个人信息，以及撤回同意、注销账号、约束信息系统自动决策方法有任何疑问，您可以通过客户服务或本《隐私政策》第十章载明的联系方式与联系",用户访问_编辑_删除的方法,用户可以进行的操作
"==========
7.12
已经建立申诉管理机制，包括跟踪流程等",用户访问_编辑_删除的方法,供应商动作
为了保障账号及财产安全，可能会与您核实相关信息,用户访问_编辑_删除的方法,供应商动作
将在收到您的反馈后尽快答复您的请求，最长不超过30天,用户访问_编辑_删除的方法,供应商动作
若您对答复意见不满意，您可以再次通过客户服务进行申诉,用户访问_编辑_删除的方法,用户可以进行的操作
"7.13
对于您合理的请求，原则上不收取费用，但对多次重复、超出合理限度的请求，将视情况收取一定成本费用",用户访问_编辑_删除的方法,供应商动作
对于那些无端重复、需要过多技术手段、给他人合法权益带来风险或者非常不切实际的请求，可能会予以拒绝,用户访问_编辑_删除的方法,供应商动作
"7.14 在以下情形下，我们可能无法响应您的请求：
7.14.1 与国家安全、国防安全有关的",其他通用信息,
7.14.2 与公共安全、公共卫生、重大公共利益有关的,其他通用信息,
7.14.3 与犯罪侦查、起诉和审判等有关的,其他通用信息,
7.14.4 有充分证据表明您存在主观恶意或滥用权利的,其他通用信息,
7.14.5 响应您的请求将导致其他个人、组织的合法权益受到严重损害的,其他通用信息,
7.14.6 涉及商业秘密的,其他通用信息,
"==========
#####  **第八章** ** ** **未成年人信息的保护**
8.1
非常重视对未成年人信息的保护",面向特定人群用户条款,群体类型
如果您是未满18周岁的未成年人，您的监护人需要仔细阅读本《隐私政策》并同意或授权您同意依照本《隐私政策》使用产品及/或服务,面向特定人群用户条款,用户选择
如果您是未满14周岁的未成年人，您的监护人需要仔细阅读本《隐私政策》并明示同意您依照本《隐私政策》使用产品及/或服务,面向特定人群用户条款,用户选择
8.2 如果您/您的监护人不同意本《隐私政策》的任何内容，您应该立即停止使用产品及/或服务,面向特定人群用户条款,用户选择
"==========
#####  **第九章** ** ** **本政策如何更新**
9.1 如产品及/或服务发生以下变化，将及时对本《隐私政策》进行相应的修订：
9.1.1 产品及/或服务所涉业务功能发生变更，导致处理个人信息的目的、类型、使用方式发生变更",条款更改,更改原因
9.1.2 您参与个人信息处理方面的权利及其行使方式发生重大变化,条款更改,更改原因
9.1.3 负责处理您的个人信息安全的部门的联络方式及投诉渠道发生变更,条款更改,更改原因
9.1.4 发生其他可能影响用户个人信息安全或影响用户隐私权利的变更等,条款更改,更改原因
9.2 《隐私政策》修订后会在产品及/或服务相关界面发布最新版本并以推送通知的方式告知用户，以便用户及时了解《隐私政策》的最新版本,条款更改,告知方式
9.3 未经您的明确同意，不会削减您基于本《隐私政策》所享有的权利,条款更改,
9.4 如无特殊说明，修订后的《隐私政策》自公布之日起生效,条款更改,用户选择
"==========
#####  **第十章** ** ** **投诉及建议**
10.1 您在使用产品及/或服务的过程中，如果对本《隐私政策》有任何的疑义或建议，或您认为您的个人信息没有得到本《隐私政策》规定的保护，您可以通过发送邮件至**appdev@yanshitec.com** 与我们取得联系，将真诚地处理您的投诉及建议",其他通用信息,
(一般情况下，我们将在十五个工作日内回复）,其他通用信息,
