"a51RwUVFLdSABsYUmu6wiIhWoJu4-0591_com_joym_bearrestaurant_huawei.txt





Apkid:com.joym.bearrestaurant.huawei
==========
# 乐堂动漫游戏隐私保护指引
* * *
==========
### 概要
  * 欢迎您选择由乐堂动漫公司（以下简称“我们”）提供的乐堂动漫游戏",其他通用信息,
"除《乐堂动漫游戏许可及服务协议》外，我们还将通过《乐堂动漫隐私保护指引》（“本指引”）向您进一步细化说明您在使用乐堂动漫游戏时我们收集、使用、存储和共享个人信息的情况，以及您所享有的相关权利等事宜，本指引是《乐堂动漫游戏许可及服务协议》的组成部分，其中要点如下：
  * **? 为了向您提供游戏娱乐以及与此相关的玩家互动、消费等服务，我们可能会收集您的游戏历史、设备信息、登录日志等信息",其他通用信息,
"**
  * **? 为更好地保护未成年人身心健康，促使未成年人健康上网，我们可能在国家有关网络游戏防沉迷政策规定的基础上，实施更为严格的防沉迷措施",面向特定人群用户条款,群体类型
同时我们也不断研究与测试各种保护未成年人的新技术,面向特定人群用户条款,供应商动作
"**
  * **? 您可以根据本指引所述管理您的个人信息以及相关授权",其他通用信息,
"**
  * **? 我们采用多方位的安全保护措施，以确保对您的个人信息保护处于合理的安全水平",其他通用信息,
"**
  * 您可以通过阅读完整版《隐私保护指引》，了解个人信息类型与用途的对应关系等更加详尽的个人信息处理规则",其他通用信息,
"* 权限使用情况说明：
  * *游戏客户端本身使用权限较少，其中部分权限为不同第三方合作平台需求的权限功能，所以在不同平台内出现的权限项目有所不同，以下仅列出权限的内容及使用情况",其他通用信息,
"==========
  * **权限及附加服务** | **权限内容** | **服务内容**  
---|---|---  
设备信息权限的附加服务 | 获得设备型号、操作系统版本、唯一设备标识码等特征信息 |
为保障您正常使用我们的服务，维护游戏基础功能的正常运行，优化游戏产品性能，提升您的游戏体验并保障您的账号安全  
基于定位权限的附加服务 | 设备所在位置相关信息（例如IP地址、GPS位置信息） |
部分平台在您授权同意后，会收集您的地理位置信息，用于寻找附近的游戏玩家，以便您与附近的玩家匹配、组队等",其他通用信息,
"地理位置信息属于敏感信息，拒绝提供该信息只会导致您无法实现与附近的游戏玩家互动，但不影响您正常游戏，您也可以随时取消您的地理位置信息授权  
基于电话状态的附加服务 | 获得拨打电话的权限 | 部分平台用于您可以直接拨打平台客服电话，便于更快触达和解决您的问题  
基于存储权限的附加服务 | 开启读取/写入您设备存储的权限 | 通过安全的方式存储您的信息，包括本地存储（例如利用APP进行数据缓存）、数据库和服务器日志  
基于相机/摄像头的附加服务 | 开启相机/摄像头权限 | 部分平台可能用于扫码登录或客户端内相机图标或录制视频功能  
基于麦克风的语音技术相关附加服务 | 开启麦克风权限 |
部分平台可以通过语音、视频与其他游戏玩家互动，在您授权同意后，游戏会访问您的麦克风，为您提供语音聊天等功能  
基于网络状态的附加权限 | 获得WIFI状态开启网络功能 |
游戏需要开启wifi或数据网络才能正常进入游戏从我司服务端获得游戏数据，联网数据均采用加密传输",第一方收集_使用,用户选择所造成的影响
"基于蓝牙功能的附加权限 | 开启手机蓝牙功能 |
为保障用户的游戏体验，游戏内可能会有涉及蓝牙对战玩法时，会像您申请开启蓝牙权限，您同意后才能进行该功能玩法的体验",第一方收集_使用,何时采集
"基于下载管理器的附加权限 | 开启下载管理器权限 |
您在进行游戏时，会收到游戏内推送以视频、图片等形式推送的广告信息，若您对于广告内容认可，您可以下载广告内的相应网络内容，您也可以随时取消您的下载器功能授权  
==========
  * 关于个人信息安全投诉举报及游戏平台账号注销方式说明
  * 下载平台 | 信息安全投诉举报方式 | 账号注销方式  
---|---|---  
华为 | 举报电话：950800 | 进入华为app应用平台，登录帐号后点击我的――点击用户昵称――点击账号中心――点击隐私中心――点击销户  
OPPO | 举报电话：4001999666 |
进入oppo应用平台，登录帐号后，在OPPO帐号――登录与安全――更多帮助，跳转至浏览器登录需要删除的OPPO帐号，进行帐号销户删除即可",其他通用信息,
"Vivo | 举报电话：400-599688 | 进入手机设置中，点击账号，进入账号中心――安全中心――隐私设置――账号注销  
小米 | 举报电话：4000981666 | 发送邮件至privicy@xiaomi.com
，邮件主题需标明申请注销账号，邮件内容需注明手机号、小米账号ID、姓名、身份证号码等信息  
腾讯应用宝 | 举报电话0755-83765566 | 注销QQ或微信账号即会注销腾讯应用宝账号  
魅族游戏中心 | 举报电话：400-788-3333 | 联系客服电话进行账号注销  
百度手机助手 | 举报邮箱 ext_app _support @baidu .com | 登录百度账号中心选择账号注销 https://passport.
baidu.com /v6/ucenter ?-t=1529049205  
360手机助手 | 举报邮箱：kefu @360.cn | 登录360账号中心，选择账号服务，选择继续注销账号https://i.360.cn/  
三星应用商店 | 举报电话：40092 00955 | 联系客服进行账号注销  
金立 | 举报邮箱： suggest @gionee .com | 联系客服进行账号注销，QQ：1449464820，微信：15999651375  
九游UC | 举报网址： http://kf. 9game.cn/ | 进入自助申诉平台 （http://aq.9game .cn/ /maq）
，填写相关资料，申诉原因选择【注销账号】即可  
爱奇艺 | 举报电话：4009237171 | 登录爱奇艺app，点击个人资料，进入设置中心，选择账号安全，点击安全中心，选择账号注销即可  
搜狗手机助手 | 举报电话：010-56898600 | 联系客服进行账号注销  
小七手游 | 举报邮箱 lianjie @shang minet .net 投诉举报QQ：30033 43624 | 进入小七手游APP，登陆账号后
点击我的，再点击头像下方的编辑，进入账户管理――账号注销  
4399 | 举报电话：400633 4399 |
进入4399游戏盒子，登陆账号后点击设置――关于――用户隐私政策――注销您的个人账号，在下方文字中点击联系4399官方在线客服进行账号注销操作  
联想乐商店 | 举报电话：400-882-8008 | 通过邮件反馈账号信息进行注销， 邮件地址：privacy @lenovo.com  
2345手机助手 | 举报QQ：870462204 | 进入2345手机助手APP，登陆账号后 点击头像――个人信息――其他――注销账户  
拇指玩 | 举报电话：010-56293176 | 通过邮件或QQ反馈的方式注销账号， 邮件地址：kefu @muzhiwan.com，
QQ号：2862196013 或254802290  
好游快爆 | 举报邮箱： hykbts @qq. com | 联系客服邮箱hykbts@qq.com进行账户注销  
233小游戏 | 举报电话：010-59897110 |
进入233小游戏APP，登陆账号后点击我的――常见问题――联系在线客服或拨打客服电话，进行账号注销申请  
taptap | 举报电话：021-60727072转3003 | 进入taptap软件，登陆账号后点击头像――设置――账号与安全――永久注销账号  
虫虫助手 | 举报QQ：2920176413 | 进入虫虫助手，登录账号后点击头像――账号注销  
==========
  * 本隐私权政策部分将帮助您了解以下内容：
  * 1、我们如何收集您的个人信息
  * 2、我们如何存储信息
  * 3、我们如何保证您的信息安全
  * 4、我们如何使用您的信息
  * 5、关于对外提供
  * 6、关于您的权利
  * 7、关于变更通知
  * 8、关于未成年人保护
  *   
==========
**1.我们如何收集您的个人信息**
  * 在您使用乐堂动漫游戏服务的过程中，乐堂动漫游戏会按照如下方式收集您在使用服务时主动提供的或因为使用服务而产生的信息，用以向您提供、优化我们的服务以及保障您的账户安全：
  * 1.1 当您注册或使用乐堂动漫游戏服务时，根据所属注册平台的不同，我们可能会收集您的网络身份标识信息及个人常用设备信息，用于标记您为乐堂动漫游戏的用户，以便您在不同设备登录",其他通用信息,
* 为了更好地向您提供游戏服务，改善游戏体验，我们可对您游戏账号中的昵称、头像以及在乐堂动漫游戏中的相关操作信息、游戏信息等信息（以下称“该等信息”,其他通用信息,
该等信息具体包括但不限于您的登录状态、对战信息/状态、成就信息等）进行使用，并可向您本人或其他用户或好友展示该等信息,其他通用信息,
我们可能会视游戏产品具体情况为您提供相关权限，以便您可以对是否展示前述相关信息进行相应设置,其他通用信息,
* 1.2 为满足相关法律法规政策及相关主管部门的要求，乐堂动漫游戏用户需进行实名认证以继续使用和享受乐堂动漫游戏,第一方收集_使用,采集的目的
我们会在获得您同意或您主动提供的情况下收集您的 **实名身份信息，该信息** 属于敏感信息，拒绝提供 **实名身份信息** 可能会导致您无法登陆乐堂动漫游戏或在使用乐堂动漫游戏过程中受到相应限制,第一方收集_使用,采集的目的
* 1.3 为保障您正常使用我们的服务，维护游戏基础功能的正常运行，优化游戏产品性能，提升您的游戏体验并保障您的账号安全，我们可能会收集您的设备 **ID** 、设备名称、设备类型和版本、系统版本、 **IP** 地址、 **MAC** 地址、位置信息、应用 **ID** 、网络类型等信息,第一方收集_使用,采集的目的
* 1.4 当您使用乐堂动漫游戏服务时，我们会收集您的游戏日志信息，例如登录日志、物品日志、游戏对局信息、交友记录等，以便您能够在客户端查看您的游戏历史记录，同时用于游戏运营统计分析、客服投诉处理及其他游戏安全分析，并为提升您的游戏体验，我们可能把前述信息同步至该游戏后续版本或您正在使用的我们提供的其他产品中,第一方收集_使用,何时采集
* 1.5 如您使用小米、魅族、华为、 **VIVO、OPPO、** 联想、三星等品牌手机，乐堂动漫游戏接入的上述手机厂商 **Push SDK** 可能会收集手机唯一标识信息（例如 **IMEI** ），并可能会收集您的手机型号、系统类型、系统版本、设备屏幕尺寸等参数用于实现乐堂动漫游戏产品和活动等信息的推送,第一方收集_使用,采集的目的
* 1.6 当您使用乐堂动漫游戏产品的消费功能时，我们会收集您的 **充值记录、消费记录等信息，** 以便您查询您的交易记录，同时尽最大程度保护您的虚拟物品安全,第一方收集_使用,何时采集
**充值记录、消费记录属于敏感** 信息，收集上述信息为实现乐堂动漫游戏产品的消费功能所必须，否则将无法完成交易,第一方收集_使用,采集的个人信息类型
* 1.7 为保障您的游戏账号安全，营造公平、健康及安全的游戏环境，我们可能会收集您的游戏识别信息、硬件及操作系统信息、进程及游戏崩溃记录等信息，以用于打击破坏游戏公平环境或干扰、破坏游戏服务正常进行的行为（如用于检测盗版、扫描外挂、防止作弊等）,第一方收集_使用,采集的目的
* 1.8 当您在游戏中通过文字、图片、语音、视频及其他方式与其他玩家进行互动，我们可能会收集并保存您发送的上述信息内容用于过滤色情、暴力、政治、辱骂、恶意广告等不当内容，以此净化游戏环境，维护健康的上网环境,第一方收集_使用,对数据的使用
* 1.9 如您希望通过语音、视频与其他游戏玩家互动、参与直播，在您授权同意后，游戏会访问您的麦克风、摄像头，为您提供语音聊天、直播互动等功能,第一方收集_使用,采集的目的
* 1.10 如您希望与附近的游戏玩家互动，在您授权同意后，我们会收集您的 **地理位置信息，** 用于寻找附近的游戏玩家，以便您与附近的玩家匹配、组队等,第一方收集_使用,采集的个人信息类型
**地理位置信息** 属于敏感信息，拒绝提供该信息只会导致您无法实现与附近的游戏玩家互动，但不影响您正常使用乐堂动漫游戏的其他功能，您也可以随时取消您的地理位置信息授权,第一方收集_使用,用户选择所造成的影响
"==========
  * 1.11 根据相关法律法规及国家标准，以下情形中，我们可能会收集、使用您的相关个人信息无需征求您的授权同意：
  * 1） 与国家安全、国防安全等国家利益直接相关的",其他通用信息,
与公共安全、公共卫生、公共知情等重大公共利益直接相关的,其他通用信息,
* 2） 与犯罪侦查、起诉、审判和判决执行等直接相关的,其他通用信息,
* 3） 出于维护您或其他个人的生命、财产、声誉等重大合法权益但又很难得到本人同意的,其他通用信息,
* 4） 所收集的个人信息是您自行向社会公众公开的,其他通用信息,
* 5） 从合法公开披露的信息中收集个人信息的，如合法的新闻报道、政府信息公开等渠道,其他通用信息,
* 6） 根据您要求签订和履行合同所必需的,其他通用信息,
* 7） 用于维护所提供的产品或服务的安全稳定运行所必需的，例如发现、处置产品或服务的故障,其他通用信息,
* 8） 为开展合法的新闻报道所必需的,其他通用信息,
* 9） 出于公共利益开展统计或学术研究所必要，且其对外提供学术研究或描述的结果时，对结果中所包含的个人信息进行去标识化处理的,其他通用信息,
* 10） 法律法规规定的其他情形,其他通用信息,
* 1.12 请您理解，我们向您提供的功能和服务是不断更新和发展的，如果某一功能或服务未在前述说明中且收集了您的信息，我们会通过页面提示、交互流程、网站公告等方式另行向您说明信息收集的内容、范围和目的，以征得您的同意,其他通用信息,
* 目前，除了向第三方调研机构收集游戏调研信息，以帮助我们改进游戏产品以及提供个性化服务之外，我们不会主动从乐堂动漫集团外的第三方获取您的个人信息,与第三方共享_转让_公开,对于第三方的约束
如未来为业务发展需要从乐堂动漫集团外的第三方间接获取您的个人信息，我们会在获取前向您明示您个人信息的来源、类型及使用范围，如乐堂动漫游戏开展业务需进行的个人信息处理活动超出您原本向乐堂动漫集团外的第三方提供个人信息时的授权同意范围，我们将在处理您的该等个人信息前，征得您的明示同意,与第三方共享_转让_公开,是否有交互
此外，我们也将会严格遵守相关法律法规的规定，并要求该第三方保障其提供的信息的合法性,与第三方共享_转让_公开,对于第三方的约束
"*   
==========
**2.信息的存储**
  * **2.1 信息存储的方式和期限**
  * 我们会通过安全的方式存储您的信息，包括本地存储（例如利用APP进行数据缓存）、数据库和服务器日志",数据安全,安全措施
* 一般情况下，我们只会在为实现服务目的所必需的时间内或法律法规规定的条件下存储您的个人信息,数据安全,数据存储期限
"* **2.2 信息存储的地域**
  * 我们会按照法律法规规定，将境内收集的用户个人信息存储于中国境内",数据安全,跨境传输
"* **2.3 游戏数据存储**
  * 我们的游戏分为单机游戏和网络游戏，单机游戏的游戏数据将会以本地存储的形式存在，若您清空app数据或卸载重新安装app，将会导致原游戏数据丢失",其他通用信息,
网络游戏将以账号登录形式，将游戏数据存储在服务器端，您本地的app数据将不会影响您的服务器端游戏数据,其他通用信息,
"*   
==========
**3.信息安全**
  * **3.1 安全保护措施**
  * 我们努力为用户的信息安全提供保障，以防止信息的泄露、丢失、不当使用、未经授权访问和披露等",数据安全,安全措施
我们使用多方位的安全保护措施，以确保用户的个人信息保护处于合理的安全水平，包括技术保护手段、管理制度控制、安全体系保障等诸多方面,数据安全,安全措施
* 我们采用业界领先的技术保护措施,数据安全,安全措施
我们使用的技术手段包括但不限于防火墙、加密（例如SSL）、访问控制措施等,数据安全,安全措施
此外，我们还会不断加强安装在您设备端的软件的安全能力,数据安全,安全措施
例如，我们会在您的设备本地完成部分信息加密工作，以巩固安全传输,数据安全,安全措施
我们会了解您设备安装的应用信息和运行的进程信息，以预防病毒、木马等恶意程序,数据安全,安全措施
* 我们建立了保障个人信息安全专门的管理制度、流程和组织,数据安全,安全措施
例如，我们严格限制访问信息的人员范围，要求他们遵守保密义务并进行审计，违反义务的人员会根据规定进行处罚,数据安全,安全措施
我们也会审查该管理制度、流程和组织，以防未经授权的人员擅自访问、使用或披露用户的信息,数据安全,安全措施
* 我们建议您在使用产品和服务时充分注意对个人信息的保护，我们也会提供多种安全功能来协助您保护自己的个人信息安全,数据安全,安全措施
"* **3.2 安全事件处置措施**
  * 若发生个人信息泄露等安全事件，我们会启动应急预案，阻止安全事件扩大",数据安全,发生安全事故的处理方式
安全事件发生后，我们会以公告、推送通知或邮件等形式告知您安全事件的基本情况、我们即将或已经采取的处置措施和补救措施，以及我们对您的应对建议,数据安全,发生安全事故的处理方式
如果难以实现逐一告知，我们将通过公告等方式发布警示,数据安全,发生安全事故的处理方式
"*   
==========
**4.我们如何使用信息**
  * 我们严格遵守法律法规的规定以及与用户的约定，按照本指引及《乐堂动漫游戏许可及服务协议》所述使用收集的信息，以向您提供更为优质的服务",第一方收集_使用,对数据的使用
"* **4.1 信息使用规则**
  * 我们会按照如下规则使用收集的信息：
  * 1) 我们会根据我们收集的信息向您提供各项功能与服务，包括基础游戏功能、玩家互动功能、消费功能等",第一方收集_使用,对数据的使用
* 2) 我们会根据您的游戏等级、偏好、习惯、消费等特征为您提供个性化服务，包括基于特征标签进行间接人群画像并向您推荐您可能感兴趣的活动、比赛、促销等推广内容,第一方收集_使用,对数据的使用
* 3) 我们会根据您使用乐堂动漫游戏产品的频率和情况、故障信息、性能信息等分析我们产品的运行情况，以确保服务的安全性，并优化我们的产品，提高我们的服务质量,第一方收集_使用,对数据的使用
我们不会将我们存储在分析软件中的信息与您提供的个人身份信息相结合,第一方收集_使用,对数据的使用
"* **4.2 定向推送活动的规则**
  * 我们会根据您的游戏等级、偏好、习惯、消费等特征为您提供个性化的推广内容，例如向您推荐您可能喜欢的游戏皮肤",第一方收集_使用,对数据的使用
我们可能会视游戏产品具体情况为您提供相关权限，以便您可以通过相关设置降低推荐内容与您的相关性/退出此类个性化推送,第一方收集_使用,对数据的使用
"* **4.3 告知变动目的后征得同意的方式**
  * 我们将会在本指引所涵盖的用途内使用收集的信息",第一方收集_使用,对数据的使用
如我们使用您的个人信息，超出了与收集时所声称的目的及具有直接或合理关联的范围，我们将在使用您的个人信息前，再次向您告知并征得您的明示同意,第一方收集_使用,是否有交互
"*   
==========
**5.对外提供**
  * 目前，除本指引以及《乐堂动漫游戏许可及服务协议》规定的情形之外，我们不会主动共享、提供或转让您的个人信息至乐堂动漫集团外的第三方，如存在其他共享、提供或转让您的个人信息或您需要我们将您的个人信息共享、提供或转让至乐堂动漫集团外的第三方情形时，我们会直接或确认该第三方征得您对上述行为的明示同意",与第三方共享_转让_公开,何时与第三方共享
* 除本指引以及《乐堂动漫游戏许可及服务协议》另有规定外，我们不会对外公开披露所收集的个人信息,与第三方共享_转让_公开,何时与第三方共享
如必须公开披露时，我们会向您告知此次公开披露的目的、披露信息的类型及可能涉及的敏感信息，并征得您的明示同意,与第三方共享_转让_公开,何时与第三方共享
* 随着我们业务的持续发展，我们有可能进行合并、收购、资产转让等交易，我们将告知您相关情形，按照法律法规及不低于本指引所要求的标准继续保护或要求新的控制者继续保护您的个人信息,与第三方共享_转让_公开,何时与第三方共享
"* 另外，根据相关法律法规及国家标准，以下情形中，我们可能会共享、转让、公开披露个人信息无需事先征得您的授权同意：
  * 1） 与国家安全、国防安全直接相关的",其他通用信息,
* 2） 与公共安全、公共卫生、重大公共利益直接相关的,其他通用信息,
* 3） 与犯罪侦查、起诉、审判和判决执行等直接相关的,其他通用信息,
* 4） 出于维护个人信息主体或其他个人的生命、财产等重大合法权益但又很难得到本人同意的,其他通用信息,
* 5） 个人信息主体自行向社会公众公开个人信息的,其他通用信息,
* 6） 从合法公开披露的信息中收集个人信息的，如合法的新闻报道、政府信息公开等渠道,其他通用信息,
"*   
==========
**6.您的权利**
  * 在您使用乐堂动漫游戏服务期间，我们可能会视游戏产品具体情况为您提供相应的操作设置，以便您可以查询、删除、更正或撤回您的相关个人信息，您可参考相应游戏产品的具体指引进行操作",用户访问_编辑_删除的方法,用户可以进行的操作
"*   
==========
**7.变更**
  * 我们可能会适时对本指引进行修订",条款更改,更改原因
当本指引的条款发生变更时，我们会在版本更新时以适当的方式向您提示变更后的指引,条款更改,告知方式
请您仔细阅读变更后的隐私保护指引或指引内容，您继续使用乐堂动漫游戏表示您同意我们按照更新后的隐私保护指引收集、处理或使用您的个人信息,条款更改,用户选择
"*   
==========
**8.未成年人保护**
  * **我们高度重视未成年人个人信息的保护问题，并持续探索更新的未成年人个人信息保护方式",面向特定人群用户条款,供应商动作
"**
  * **我们会积极按照国家防沉迷政策要求，通过启用防沉迷系统保护未成年人的合法权益",面向特定人群用户条款,供应商动作
我们会通过实名身份等信息校验判断相关账号的实名信息是否为未成年人，进而决定是否将此账号纳入到防沉迷体系中,面向特定人群用户条款,供应商动作
另外，我们会收集您的登录时间、游戏时长等信息，通过从系统层面自动干预和限制未成年人游戏时间、启用强制下线功能等方式，引导未成年人合理游戏，并在疑似未成年人消费后尝试联系其监护人进行提醒、确认与处理，帮助未成年人健康上网,面向特定人群用户条款,供应商动作
"**
  
==========
**乐堂动漫游戏公司**",其他通用信息,
