"afN0zSoXzCxqZMb0eclab0wP4pO4-0592_com_color_by_number_paint_ly_pixel_art_cn.txt





Apkid:com.color.by.number.paint.ly.pixel.art.cn
==========
数字填色(Paint.ly)  App  隐私政策
数字填色(Paint.ly) 非常重视用户信息的保护，我们需要一些信息来为您提供更好的服务，本隐私声明解释了数据的收集和使用",其他通用信息,
"如果您选择使用数字填色
(Paint.ly) ，则表示您承认并接受现有及未来可能更新内容的条款",其他通用信息,
"==========
手机适配器和管理功能
为了给不同类型的移动设备提供更好的服务和体验，数字填色(Paint.ly)
将检查您手机的操作系统版本，屏幕分辨率信息，以使图片材料更好地适合您的屏幕",其他通用信息,
内容不涉及您的个人身份信息，如隐私,其他通用信息,
我们不会存储此信息，也不会将其与您的任何其他个人信息相匹配,其他通用信息,
"手机中的图片、文件管理功能
使用数字填色(Paint.ly)时，可能需要访问手机存储的图片和文件，这些内容仅供您在数字填色 (Paint.ly)
中显示和编辑",第一方收集_使用,何时采集
在您的授权后，使用文件管理功能来存储您编辑过的图片,第一方收集_使用,对数据的使用
"数字填色 (Paint.ly)
不会收集和上传数据、存档、图片和其他信息，也不会收集由此生成和上传的信息",其他通用信息,
您的信息不会用于其他商业服务,其他通用信息,
"推荐功能
使用数字填色(Paint.ly)时，为了给您更好地推荐内容，在部分手机上，我们可能会向您申请位置权限",第一方收集_使用,何时采集
"下载功能
使用数字填色(Paint.ly) 时，当您需要下载、保存图片或者视频时，我们可能会通过弹窗的方式向您申请位置权限，如拒绝提供存储权限，您将无法使用下载功能",第一方收集_使用,何时采集
"==========
1.  我们收集的个人信息
个人信息是指以电子或者其他方式记录的能够单独或者与其他信息结合识别自然人个人身份的各种信息，包括但不限于性别、社交账户名称、手机号、邮箱等",第一方收集_使用,采集的个人信息类型
"此类信息会在您注册和使用我们的服务时被收集，数字填色
(Paint.ly)仅会出于本政策所述以下目的收集和使用您的个人信息：

为实现特定功能，我们可能会与业务合作伙伴共享您的信息",第一方收集_使用,何时采集
我们的某些服务将由授权合作伙伴提供,第一方收集_使用,
我们可能会与合作伙伴共享您的某些个人信息，以提供更好的客户服务和用户体验,与第三方共享_转让_公开,与第三方共享的目的
我们共享这些信息仅为实现本政策中声明的目的,其他通用信息,
"例如，当第三方软件、设备系统与""数字填色(Paint.ly)""产品或服务结合为您提供基于位置的服务时，""数字填色(Paint.ly)""可能会基于您对系统定位的授权及设定，收集您的位置信息及设备信息（例如硬件型号、操作系统版本号、国际移动设备身份识别码(IMEI、网络设备硬件地址（MAC）），并经过去标识化处理后提供给前述合作伙伴，特殊情境下还会包含您另行填写的联系信息",与第三方共享_转让_公开,何时与第三方共享
"如您拒绝此类信息的收集及使用，您需要在设备系统中进行设置或关闭提供服务的软件，""数字填色(Paint.ly)""中无法自动或手动设置关闭相关服务",用户访问_编辑_删除的方法,用户可以进行的操作
我们仅会出于合法、正当、必要、特定、明确的目的共享您的个人信息，并且只会共享提供服务所必要的个人信息,与第三方共享_转让_公开,与第三方共享的目的
我们的合作伙伴无权将共享的个人信息用于任何其他用途,与第三方共享_转让_公开,对于第三方的约束
"1.1  征得授权同意的例外
根据相关法律法规的规定，以下情形中收集您的个人信息无需征得您的授权同意：

涉及国家安全与利益、社会公共利益",其他通用信息,
与犯罪侦查有关的相关活动,其他通用信息,
出于维护您或他人的生命财产安全但在特殊情况下无法获得您的及时授权,其他通用信息,
从其他合法公开的渠道中收集您的个人信息,其他通用信息,
法律法规规定的其他情形,其他通用信息,
"==========
2.  数字填色(Paint.ly)  会如何使用您的个人信息
2.1  我们会将您的个人信息用于以下目的：
为您提供个性化服务",第一方收集_使用,使用的目的
帮助我们设计新服务，提升现有服务体验,第一方收集_使用,使用的目的
在我们提供服务时，用于身份验证、客户服务、安全防范、诈骗监测、存档和备份用途，确保我们向您提供的产品和服务的安全性,第一方收集_使用,使用的目的
向您发送您可能感兴趣的产品和服务的信息,第一方收集_使用,使用的目的
向您提供与您更加相关的广告以替代普遍投放的广告,第一方收集_使用,使用的目的
邀请您参与数字填色(Paint.ly) 活动和市场调查,第一方收集_使用,使用的目的
开展内部审计、数据分析和研究，以更好地改善我们的产品、服务及与用户之间的沟通,第一方收集_使用,使用的目的
例如，你使用应用程序的频率、崩溃数据、总体使用情况、性能数据以及应用程序的来源,第一方收集_使用,使用的目的
我们不会将我们存储在分析软件中的信息与你在应用程序中提供的任何个人身份信息相结合,第一方收集_使用,使用的目的
"==========
2.2  来自第三方的信息：
请您理解并知悉，您主动向外部第三方（非西安点扣软件科技有限公司）提供的个人信息，我们不会使用干预对方数据的方式擅自以软件程序获得您的个人信息",第三方搜集_使用,对于第三方的约束
您选择通过数字填色(Paint.ly)向第三方（ QQ 、微信好友、微信朋友圈、数字填色(Paint.ly)等）分享您的个人信息时，需要授权数字填色(Paint.ly) 读取并获取您在该第三方平台的公开信息（包括头像等）,第三方搜集_使用,第三方何时采集
我们的产品服务还会包含第三方 SDK 或其他类似的应用程序，当你同意数字填色(Paint.ly)隐私协议时，即代表您同意在使用数字填色 (Paint.ly)APP 时由其直接收集和处理你的信息,第三方搜集_使用,第三方相关实体
我们的产品集成友盟 +SDK ，友盟 +SDK 需要收集您的设备 Mac 地址、唯一设备识别码（ IMEI/android ID/IDFA/OPENUDID/GUID 、 SIM  卡  IMSI  信息）以提供统计分析服务，并通过地理位置校准报表数据准确性，提供基础反作弊服务,第三方搜集_使用,对数据的使用
我们可能会使用程序化广告 SDK （穿山甲、广点通、 sigmob ）来为你推荐广告,第三方搜集_使用,对数据的使用
程序化广告 SDK 会请求您的 Mac地址、设备信息、软件列表和粗略的位置信息权限，以提高推荐广告的质量,第三方搜集_使用,对数据的使用
您随时可以在移动设备系统中通过相关设置改变您授权同意的范围,用户访问_编辑_删除的方法,用户可以进行的操作
关闭相应权限后广告平台无法获取到权限对应的个人信息，但不影响广告业务的展现,用户访问_编辑_删除的方法,操作对用户造成的影响
"==========
3.  我们会如何使用相关技术
3.1  设备权限调用
数字填色(Paint.ly)在提供服务的过程中，可能需要您开通一些设备权限，例如通知、相册、相机、手机通讯录、蓝牙等访问权限",第一方收集_使用,何时采集
您也可以在设备的设置功能中随时选择关闭部分或者全部权限，从而拒绝数字填色(Paint.ly) 收集相应的个人信息,用户访问_编辑_删除的方法,用户可以进行的操作
在不同设备中，权限显示方式及关闭方式可能有所不同，具体请参考设备及系统开发方说明或指引,其他通用信息,
"==========
4.  我们会如何共享、转让、公开披露您的个人信息
4.1  共享
数字填色(Paint.ly)不会在未经您同意或授权的情况下将您的个人信息提供给第三方",与第三方共享_转让_公开,对于第三方的约束
但是，经您确认同意，数字填色 (Paint.ly)可在以下情况下共享您的个人信息,与第三方共享_转让_公开,何时与第三方共享
在获取同意的情况下共享：获得您的明确同意后，数字填色(Paint.ly)会与其他方共享您的个人信息,与第三方共享_转让_公开,何时与第三方共享
在法定情形下的共享：我们可能会根据法律法规规定、诉讼争议解决需要，或按行政、司法机关依法提出的要求，对外共享您的个人信息,与第三方共享_转让_公开,何时与第三方共享
"4.2  转让
我们不会将您的个人信息转让给任何公司、组织和个人，但以下情况除外：
在获取明确同意的情况下转让：获得您的明确同意后，我们会向其他方转让您的个人信息",与第三方共享_转让_公开,何时与第三方共享
在涉及合并、收购或破产清算时，如涉及到个人信息转让，我们会要求新的持有您个人信息的公司、组织继续受此隐私政策的约束，否则我们将要求该公司、组织重新向您征求授权同意,与第三方共享_转让_公开,何时与第三方共享
"4.3  公开披露
我们仅会在以下情况下，且采取符合法律和业界标准的安全防护措施的前提下，才会公开披露您的个人信息
获得您的明确同意",与第三方共享_转让_公开,何时与第三方共享
基于法律法规、法律程序、诉讼或政府主管部门强制性要求,与第三方共享_转让_公开,何时与第三方共享
但我们保证，在符合法律法规的前提下，当我们收到上述披露信息的请求时，我们会要求必须出具与之相应的法律文件,与第三方共享_转让_公开,何时与第三方共享
"==========
5.  如何管理您的个人信息
我们将尽一切可能采取适当的技术手段，保证收集到的有关于您的个人信息的准确性，并保证及时进行更新",用户访问_编辑_删除的方法,供应商动作
"==========
6.  推广服务
我们可能使用您的个人信息，通过我们的站内私信、电子邮件或其他方式向您提供或推广我们或第三方的商品和服务",用户访问_编辑_删除的方法,供应商动作
如您不希望我们通过绑定邮箱向您发送上述商品或服务的相关信息，您可以通过「邮件设置」进行设置，要求全部或部分停止接收来自数字填色(Paint.ly)的邮件,用户访问_编辑_删除的方法,操作的途径
"==========
7.  我们会如何保护和保存您的个人信息
数字填色(Paint.ly)重视个人信息的安全",数据安全,安全措施
我们采取互联网业内标准做法来保护您的个人信息，防止信息遭到未经授权访问、披露、使用、修改、损坏或丢失,数据安全,安全措施
我们会采取一切合理可行的措施，保护您的个人信息,数据安全,安全措施
我们会采取一切合理可行的措施，确保未收集与数字填色(Paint.ly)提供的服务无关的个人信息,数据安全,安全措施
我们会尽全力保护您的个人信息，但请您理解，由于技术的限制以及可能存在的各种恶意手段，在互联网行业，不可能始终保证信息百分之百的安全,数据安全,安全措施
您需要了解，您接入我们的服务所用的系统和通讯网络，有可能因我们可控范围外的因素而出现问题,数据安全,安全措施
在发生个人信息安全事件的场合，我们将按照法律法规的要求，及时向您告知：安全事件的基本情况和可能的影响、我们已采取或将要采取的处置措施、您可自主防范和降低风险的建议、对您的补救措施等,数据安全,发生安全事故的处理方式
我们将及时将事件相关情况以邮件、信函、电话、推送通知等方式告知您，难以逐一告知个人信息主体时，我们会采取合理、有效的方式发布公告,数据安全,发生安全事故的处理方式
同时，我们还将按照监管部门要求，主动上报个人信息安全事件的处置情况,数据安全,发生安全事故的处理方式
我们在中华人民共和国境内收集和产生的个人信息将存储在中华人民共和国境内,数据安全,跨境传输
如果日后为处理跨境业务，需要向境外机构传输境内收集的相关个人信息的，我们会事先征得您的同意，按照法律、行政法规和相关监管部门的规定执行，并通过签订协议、核查等有效措施，要求境外机构为所获得的个人信息保密,数据安全,跨境传输
我们仅会在达到本政策所述目的所必需的时限内保存您的个人信息，但为了遵守适用的法律法规、法院判决或裁定、其他有权机关的要求、维护公共利益等目的，我们可能会将个人信息保存时间予以适当延长,数据安全,数据存储期限
如果您需求删除自己的访问数据，请联系 neal.wang@tapque.com 我们会针对您的要求进行数据删除,用户访问_编辑_删除的方法,操作的途径
"==========
8.  本政策如何更新及适用范围
数字填色(Paint.ly)保留不时更新或修改本政策的权利",其他通用信息,是否有交互
如果该等修改造成您在本政策下权利的实质减少，数字填色 (Paint.ly)会通过不同渠道向您发送变更通知，包括但不限于网站公示、私信通知等方式,条款更改,告知方式
若您不同意修改后的隐私政策，您有权并应立即停止使用数字填色(Paint.ly)的服务,条款更改,用户选择
如果您继续使用数字填色 (Paint.ly)的服务，则视为您接受数字填色 (Paint.ly) 对本政策相关条款所做的修改,条款更改,用户选择
数字填色(Paint.ly)的所有服务均适用本政策,其他通用信息,
但某些服务有其特定的隐私政策，该等特定的隐私政策更具体地说明数字填色  (Paint.ly)在该服务中如何处理您的信息,其他通用信息,
如本政策与特定服务的隐私政策有不一致之处，请以该特定隐私政策为准,其他通用信息,
"==========
9.  个人信息的管理和安全
未经许可，数字填色(Paint.ly)不会向第三方披露您的信息，以下情况除外：
获得授权",其他通用信息,
根据法律规定，或应行政机关、司法机关要求，向第三人或行政机关、司法机关披露,其他通用信息,
同意数字填色(Paint.ly)服务条款和相关软件许可协议,其他通用信息,
数字填色 (Paint.ly)严格保护您个人信息的安全,数据安全,安全措施
我们将采取各种安全技术和程序来保护您的个人信息，禁止未经授权的访问、使用或披露,数据安全,安全措施
如您系权利人并针对他人在数字填色(Paint.ly)上侵犯您利益的行为提起投诉，应被投诉人要求，向被投诉人披露,其他通用信息,
权利人认为您在数字填色(Paint.ly)上的行为侵犯其合法权利并提出投诉的，可向权利人披露,其他通用信息,
根据法律和数字填色(Paint.ly)规则，其他数字填色 (Paint.ly) 认为适合披露的,其他通用信息,
以维护数字填色(Paint.ly)合法权益之目的,其他通用信息,
维护社会公众利益,其他通用信息,
为了配合政府或法律的合法要求、传票或指令，为了保护数字填色(Paint.ly)的系统和用户，或者为了确保数字填色 (Paint.ly)业务和系统的完整与操作，数字填色 (Paint.ly) 可获取和披露其认为必要或恰当的任何信息，包括但不限于用户的个人信息、 IP地址和流量信息、使用历史以及发布内容,其他通用信息,
其他合法要求,其他通用信息,
数字填色(Paint.ly)不负责审核您提供的个人信息的真实性、准确性或完整性，因信息不真实、不准确或不完整而引起的任何问题及其后果，由您自行承担，且您应保证数字填色(Paint.ly) 免受由此而产生的任何损害或责任,其他通用信息,
若数字填色 (Paint.ly) 发现您提供的个人信息是虚假、不准确或不完整的，数字填色(Paint.ly) 有权自行决定终止向您提供服务,其他通用信息,
"==========
10.  免责声明
数字填色(Paint.ly)对以下事项不承担任何法律责任：
数字填色(Paint.ly)并不实质性介入您的解压、焦虑问题的治疗，本 App 的功能及服务仅作为辅助调节，对此，您充分理解并认可",其他通用信息,
"数字填色(Paint.ly)基于法律法规、法律程序、诉讼或政府主管部门强制性要求提供您的个人信息 ;
您将对您发布的信息及其他在数字填色(Paint.ly)上发生的任何行为承担责任，数字填色 (Paint.ly) 对此不负任何责任",其他通用信息,
数字填色(Paint.ly)是一个开放平台，用户将个人信息、文章或照片等个人资料上传到数字填色 (Paint.ly)上，有可能会被其他组织或个人复制、转载、擅改或做其它非法用途，用户必须充分意识此类风险的存在,其他通用信息,
作为网络服务的提供者，数字填色 (Paint.ly)对用户在任何论坛、个人主页或其它互动区域提供的任何陈述、声明或内容均不承担责任,其他通用信息,
您明确同意使用数字填色 (Paint.ly)服务所存在的风险或产生的一切后果将完全由您自身承担，数字填色 (Paint.ly) 对上述风险或后果不承担任何责任,其他通用信息,
由于黑客攻击，手机病毒或因政府监管暂时关闭等不可抗力，或因您保管疏忽致使或因您保管疏忽致使帐号、密码被他人非法使用、盗用、篡改的或丢失，或由于与本网站链接的其它网站导致的个人数据泄露、丢失或篡改等,其他通用信息,
数字填色(Paint.ly)不保证服务一定能满足您的要求,其他通用信息,
不保证服务不会中断，也不保证服务的及时性、安全性、准确性,其他通用信息,
对您、其他用户或任何第三方发布、存储或上传的任何内容或由该等内容导致的任何损失或损害，数字填色(Paint.ly)不承担责任,其他通用信息,
您违反本协议、违反道德或法律的，侵犯他人权利（包括但不限于知识产权）的，数字填色(Paint.ly)不承担任何责任,其他通用信息,
同时，数字填色  (Paint.ly)对任何第三方通过数字填色 (Paint.ly) 发送服务或包含在服务中的任何内容不承担责任,其他通用信息,
数字填色(Paint.ly)在各种服务和指定的声明中的条款，及使用豁免案件,其他通用信息,
"==========
11.  调整
数字填色(Paint.ly)会不定时更新本隐私声明，我们将在网页上发布隐私声明发布内容的更改",条款更改,告知方式
"数字填色 (Paint.ly)
将始终致力于全面保护用户信息，并为您提供更好的体验和服务",条款更改,更改原因
"==========
12.  问题
有关隐私政策的任何问题，请联系： neal.wang@tapque.com",其他通用信息,
,,
,,
,,
,,
,,
,,
,,
,,
,,
,,
,,
,,
,,
,,
,,
,,
,,
,,
,,
,,
,,
,,
,,
,,
,,
,,
,,
,,
,,
,,
,,
,,
,,
,,
,,
,,
,,
,,
,,
,,
,,
,,
,,
,,
,,
,,
,,
,,
,,
,,
,,
,,
,,
,,
,,
,,
,,
,,
,,
,,
,,
,,
,,
,,
,,
,,
,,
,,
,,
,,
,,
,,
,,
,,
,,
,,
,,
,,
,,
,,
,,
,,
,,
,,
,,
,,
,,
,,
