"aIdWO.oz988_PEAC7tSfZeb0RUQO-0593_com_lphtsccft.txt





Apkid:com.lphtsccft
==========
本条款仅适用于华泰证券的涨乐财富通服务",其他通用信息,
如果您有任何疑问、意见或建议，请通过客服热线95597与我们联系,其他通用信息,
"==========
一、我们如何收集和使用您的个人信息
个人信息是指以电子或者其他方式记录的能够单独或者与其他信息结合识别特定自然人身份或者反映特定自然人活动情况的各种信息",其他通用信息,
涨乐财富通数据中与您个人无关的信息不属于您的个人信息,其他通用信息,
"==========
（一）收集并保存的信息
1、您注册、登录相关信息，包括手机号码、登录IP地址、终端信息（如手机IMEI码、平板电脑序列号、版本、设备识别码、设备标识符等）、登录日志等",第一方收集_使用,采集的渠道
2、您的使用记录，包括您的搜索记录、应用版本信息、您的位置及其他相关日志信息等,第一方收集_使用,采集的渠道
3、您主动提供的信息，包括您在涨乐财富通主动发布的信息、您与客服联系时提供的信息，您参与问卷调查时填写的信息、您参与平台活动提供的信息等,第一方收集_使用,采集的渠道
4、事先经您明确授权同意收集的信息,第一方收集_使用,采集的渠道
5、金融监管要求收集并保存的信息,第一方收集_使用,采集的渠道
"==========
（二）信息用途
1、为便于您注册、登录、使用涨乐财富通各项服务",第一方收集_使用,对数据的使用
2、为提升您的服务体验及改善我们的产品或服务,第一方收集_使用,对数据的使用
3、为数据分析和研究以实现为您提供更优质服务,第一方收集_使用,对数据的使用
4、为判断您账户的风险，保护您的账户安全,第一方收集_使用,对数据的使用
5、为监管检查、公司审计、稽核所需,第一方收集_使用,对数据的使用
6、法律法规允许的其他用途,第一方收集_使用,对数据的使用
您提供的上述信息，将在您使用我们服务期间持续授权我们使用,第一方收集_使用,用户选择所造成的影响
上述信息将存储于中华人民共和国境内,数据安全,跨境传输
如需跨境传输，我们将会单独征得您的授权同意,数据安全,跨境传输
当我们要将信息用于本条款未载明的其它用途时，会事先征求您的同意,第一方收集_使用,是否有交互
当我们要将基于特定目的收集而来的信息用于其他目的时，会事先征求您的同意,第一方收集_使用,是否有交互
"==========
二、我们如何使用本地数据库、keychain、脚本框架技术
（一）本地数据库及KeyChain技术
为了确保App的正常运转，我们会在您的移动设备上存储一些数据文件",第一方收集_使用,使用的目的
通常包括客户号、客户服务请求ID、静态标志位等，借助此类信息可以提供更好的客户服务,第一方收集_使用,采集的个人信息类型
在此过程中，我们也可能会获得和保存关于您计算机的相关信息，比如IP地址、硬件ID等,第一方收集_使用,采集的个人信息类型
为了确保App的正常运转，我们会在您的移动设备上存储一些数据文件,第一方收集_使用,使用的目的
通常包括客户号、客户服务请求ID、静态标志位等，借助此类信息可以提供更好的客户服务,第一方收集_使用,采集的个人信息类型
在此过程中，我们也可能会获得和保存关于您计算机的相关信息，比如IP地址、硬件ID等,第一方收集_使用,采集的个人信息类型
"（二）脚本框架
使用脚本框架收集页面点击访问",其他通用信息,
例如，在您访问资讯时，我们会跟踪所访问的资讯内容，帮助我们了解您的资讯偏好，并改善客户服务,第一方收集_使用,对数据的使用
"==========
三、我们如何共享、转让、公开披露您的个人信息
（一）共享
我们不会与任何第三方公司、组织和个人分享您的个人信息，但以下情况除外：
1、在获取明确同意的情况下共享：获得您的明确同意后，我们会与其他方共享您的个人信息",与第三方共享_转让_公开,何时与第三方共享
2、我们可能会根据法律法规规定，或按政府主管部门的强制性要求，对外共享您的个人信息,与第三方共享_转让_公开,何时与第三方共享
"==========
（二）转让
我们不会将您的个人信息转让给任何公司、组织和个人，但以下情况除外：
1、在获取明确同意的情况下转让：获得您的明确同意后，我们会向其他方转让您的个人信息",与第三方共享_转让_公开,何时与第三方共享
2、在涉及合并、收购或破产清算时，如涉及到个人信息转让，我们会在要求新的持有您个人信息的公司、组织继续受此条款的约束，否则我们将要求该公司、组织重新向您征求授权同意,与第三方共享_转让_公开,何时与第三方共享
"==========
（三）公开披露
我们仅会在以下情况下，公开披露您的个人信息：
1、获得您明确同意后",与第三方共享_转让_公开,何时与第三方共享
2、基于法律的披露：在法律、法律程序、诉讼或政府主管部门强制性要求的情况下，我们可能会公开披露您的个人信息,与第三方共享_转让_公开,何时与第三方共享
"==========
（四）共享、转让、公开披露个人信息时事先征得授权同意的例外
在以下情形中，共享、转让、公开披露个人信息无需事先征得个人信息主体的授权同意：
1、与国家安全、国防安全直接相关的
2、与公共安全、公共卫生、重大公共利益直接相关的",其他通用信息,
3、与犯罪侦查、起诉、审判和判决执行等直接相关的,其他通用信息,
4、出于维护个人信息主体或其他个人的生命、财产等重大合法权益但又很难得到本人同意的,其他通用信息,
个人信息主体自行向社会公众公开的个人信息,其他通用信息,
从合法公开披露的信息中收集个人信息的，如合法的新闻报道、政府信息公开等渠道,其他通用信息,
"==========
四、我们如何保护您的个人信息
我们非常重视个人信息安全，并采用符合业界标准的安全防护措施保护您的个人信息，包括建立合理的制度规范、技术措施、员工管理措施等",数据安全,安全措施
但您理解，由于技术水平限制及可能存在的各种恶意手段，有可能因我们可控范围外的因素而出现问题,数据安全,安全措施
我们会采取一切合理可行的措施，确保未收集无关的个人信息,数据安全,安全措施
我们只会在达成本条款所述目的所需的期限内保留您的个人信息，除非需要延长保留期或受到法律的允许,数据安全,安全措施
互联网并非绝对安全的环境，而且电子邮件、即时通讯、社交软件等与其他用户的交流方式无法确定是否完全加密，我们建议您使用此类工具时请使用复杂密码，注意保护您的个人信息安全,数据安全,安全措施
"==========
五、如何更新
我们的条款可能变更",条款更改,
未经您明确同意，我们不会削减您按照本条款所应享有的权利,条款更改,
对于重大变更，我们会提供公告通知（包括对于某些服务，我们会推送通知，说明具体变更内容）,条款更改,告知方式
若您不同意该等变更可以停止使用涨乐财富通移动应用产品和服务，若您继续使用我们的产品和/或服务，即表示您同意受修订后的本条款的约束,条款更改,用户选择
