"am48rnAod0uboLpyUSw8pAwTpcQ0-0601_com_hongju_wanai.txt





Apkid:com.hongju.wanai
==========
**隐私政策**
最近更新日期：2019年9月5日
==========
提示条款
您的信任对我们非常重要，我们深知个人信息对您的重要性，我们将按法律法规要求，采取相应安全保护措施，尽力保护您的个人信息安全可控",其他通用信息,
"鉴于此，玩爱情趣用品商城服务提供者（或简称“我们”）制定本《隐私权政策》（下称“本政策/本隐私权政策”）并提醒您：
本政策适用于玩爱情趣用品商城提供的所有产品和服务",其他通用信息,
如我们及关联公司的产品或服务中使用了玩爱情趣用品商城提供的产品或服务但未设独立隐私权政策的，则本政策同样适用于该部分产品或服务,其他通用信息,
在使用玩爱情趣用品商城各项产品或服务前，请您务必仔细阅读并透彻理解本政策，在确认充分理解并同意后再开始使用,其他通用信息,
如对本政策内容有任何疑问、意见或建议，您可通过玩爱情趣用品商城提供的各种联系方式与我们联系,其他通用信息,
"==========
 **第一部分   隐私权政策**
 **本隐私权政策部分将帮助您了解以下内容：**
 **一、** **我们如何收集和使用您的信息**
 **二、** **我们如何共享、转让、公开披露您的信息**
 **三、我们如何保护您的信息**
 **四、您如何管理您的信息**
 **五、本隐私权政策如何更新**
 **六、如何联系我们**
==========
 **一、  我们如何收集和使用您的信息**
在您使用我们的产品及/或服务时，我们需要/可能需要收集和使用的您的个人信息包括如下两种：
1、为实现向您提供我们产品及/或服务的基本功能，您须授权我们收集、使用的必要的信息",第一方收集_使用,何时采集
如您拒绝提供相应信息，您将无法正常使用我们的产品及/或服务,第一方收集_使用,用户选择所造成的影响
2、为实现向您提供我们产品及/或服务的附加功能，您可选择授权我们收集、使用的信息,用户访问_编辑_删除的方法,用户可以进行的操作
如您拒绝提供，您将无法正常使用相关附加功能或无法达到我们拟达到的功能效果，但并不会影响您正常使用我们产品及/或服务的基本功能,第一方收集_使用,用户选择所造成的影响
"您理解并同意：
1、我们致力于打造多样的产品和服务以满足您的需求",其他通用信息,
因我们向您提供的产品和服务种类众多，且不同用户选择使用的具体产品/服务范围存在差异，相应的，基本/附加功能及收集使用的个人信息类型、范围等会有所区别，请以具体的产品/服务功能为准,其他通用信息,
2、为给您带来更好的产品和服务体验，我们在持续努力改进我们的技术，随之我们可能会不时推出新的或优化后的功能，可能需要收集、使用新的个人信息或变更个人信息使用目的或方式,其他通用信息,
对此，我们将通过更新本政策、弹窗、页面提示等方式另行向您说明对应信息的收集目的、范围及使用方式，并为您提供自主选择同意的方式，且在征得您明示同意后收集、使用,第一方收集_使用,是否有交互
在此过程中，如果您有任何疑问、意见或建议的，您可通过玩爱情趣用品商城提供的各种联系方式与我们联系，我们会尽快为您作出解答,其他通用信息,
"我们会为实现本政策下述的各项功能，收集和使用您的个人信息：
==========
（一） 帮助您成为我们的会员
1、基础会员服务
我们通过玩爱情趣用品商城账户为您提供基础会员服务",第一方收集_使用,采集的目的
为注册成为会员并使用我们的会员服务，您需要提供手机号码、拟使用的会员名和密码用于创建玩爱情趣用品商城账户,第一方收集_使用,采集的个人信息类型
如果您仅需使用浏览、搜索服务，您不需要注册成为我们的会员及提供上述信息,其他通用信息,
对于需要通过玩爱商场账户才能使用的服务，我们可能会根据您提供的上述信息校验您的会员身份，确保我们是在为您本人提供服务,第一方收集_使用,对数据的使用
我们会根据您的会员账户使用情况及平台设置的会员等级计算规则确定您当前的会员等级，并为您提供相应会员等级所对应的基本权益,第一方收集_使用,对数据的使用
"2、账户信息展示
如果您已拥有玩爱情趣用品商城账户，我们可能会在玩爱情趣用品商城服务中显示您的上述个人信息，包括通过玩爱情趣用品商城账户集中展示您的个人资料、优惠权益、交易订单",第一方收集_使用,采集的目的
我们会尊重您对玩爱情趣用品商城服务和玩爱情趣用品商城账户设置所做的选择,第一方收集_使用,用户选择所造成的影响
"==========
（二） 为您提供商品或服务信息展示
在您使用我们服务过程中，为识别账号异常状态、了解产品适配性、向您提供更契合您需求的页面展示和搜索结果，我们可能会自动收集您的使用情况并存储为网络日志信息，包括：
设备信息：我们会根据您在软件安装及/或使用中的具体操作，接收并记录您所使用的设备相关信息（包括设备型号、操作系统版本、设备设置、唯一设备标识符、设备环境等软硬件特征信息）、设备所在位置相关信息（包括您授权的GPS位置以及WLAN接入点、蓝牙和基站等传感器信息）",第一方收集_使用,采集的个人信息类型
服务日志信息：当您使用我们的网站或客户端提供的产品或服务时，我们会自动收集您对我们服务的详细使用情况，作为服务日志保存，包括浏览、点击查看、搜索查询、收藏、添加至购物车、交易、售后、关注分享信息、发布信息，以及IP地址、浏览器类型、电信运营商、使用语言、访问日期和时间,第一方收集_使用,采集的个人信息类型
请注意，单独的设备信息、服务日志信息是无法识别特定自然人身份的信息,第一方收集_使用,对数据的使用
如果我们将这类非个人信息与其他信息结合用于识别特定自然人身份，或者将其与个人信息结合使用，则在结合使用期间，这类非个人信息将被视为个人信息，除取得您授权或法律法规另有规定外，我们会将这类信息做匿名化、去标识化处理,第一方收集_使用,对数据的使用
此外，我们也会为了不断改进和优化上述的功能来使用您的上述信息,第一方收集_使用,对数据的使用
"==========
（三） 为您提供收藏、加购、关注与分享功能
在您浏览我们网站或客户端的过程中，您可以选择对感兴趣的商品及/或服务进行收藏、添加至购物车、通过我们提供的功能组件向其他第三方分享信息",第一方收集_使用,采集的目的
在您使用上述功能的过程中，我们会收集包括您的收藏及添加购物车的记录、关注关系、分享历史在内的服务日志信息用于实现上述功能及其他我们明确告知的目的,第一方收集_使用,采集的个人信息类型
"==========
（四）帮助您完成下单及订单管理
当您在我们的产品及/或服务中订购具体商品及/或服务时，我们会通过系统为您生成购买该商品及/或服务的订单",第一方收集_使用,采集的目的
"在下单过程中,您需至少提供您的收货人姓名、收货地址、收货人联系电话，同时该订单中会载明您所购买的商品及/或服务信息、具体订单号、订单创建时间、您应支付的金额，我们收集这些信息是为了帮助您顺利完成交易、保障您的交易安全、查询订单信息、提供客服与售后服务及其他我们明确告知的目的",第一方收集_使用,采集的个人信息类型
您可以通过玩爱情趣用品商城为其他人订购商品及/或服务，您需要提供该实际订购人的前述个人信息,第一方收集_使用,采集的个人信息类型
为便于您了解查询订单信息并对订单信息进行管理，我们会收集您在使用我们服务过程中产生的订单信息用于向您展示及便于您对订单进行管理,第一方收集_使用,采集的目的
您可额外填写/选择包括其他联系电话、收货时间在内的更多附加信息以确保商品或服务的准确送达,第一方收集_使用,采集的个人信息类型
"==========
（五） 帮助您完成支付
为完成订单支付，您需要提供支付宝或者微信账户并选择付款方式",第一方收集_使用,采集的目的
为使我们及时获悉并确认您的支付进度及状态，为您提供售后与争议解决服务，您同意我们可自您所选择的交易对象收集与支付进度相关信息,第一方收集_使用,是否有交互
"==========
（六） 帮助向您完成商品或服务的交付
为保证您购买的商品及/或服务能够顺利、安全、准确送达，我们会向为玩爱情趣用品商城提供物流信息系统和技术服务的物流公司披露订单相关配送信息，并由其根据商品及/或服务提供主体的指定向相应的物流配送主体同步相关配送信息",第一方收集_使用,采集的目的
您知晓并同意相应物流配送主体不可避免地获知及使用您的配送信息，用于完成交付目的,其他通用信息,
为使我们及时获悉并确认交付进度及状态，向您提供售后与争议解决服务，您同意我们可自物流相关服务主体处收集与交付进度相关信息,其他通用信息,
"==========
（七） 客服及争议处理
当您与我们联系或提出售中售后、争议纠纷处理申请时，为了保障您的账户及系统安全，我们需要您提供必要的个人信息以核验您的会员身份",第一方收集_使用,何时采集
为便于与您联系、尽快帮助您解决问题或记录相关问题的处理方案及结果，我们可能会保存您与我们的通信/通话记录及相关内容（包括账号信息、订单信息、您为了证明相关事实提供的其他信息，或您留下的联系方式信息），如果您针对具体订单进行咨询、投诉或提供建议的，我们会使用您的账号信息和订单信息,第一方收集_使用,采集的目的
为了提供服务及改进服务质量的合理需要，我们还可能使用您的其他信息，包括您与客服联系时您提供的相关信息，您参与问卷调查时向我们发送的问卷答复信息,第一方收集_使用,使用的目的
"==========
  （八） 为您提供评论、问答等信息公开发布功能
您可通过我们为您提供的评论、晒单分享及其他信息发布功能公开发布信息、发表评价及问答内容",用户访问_编辑_删除的方法,用户可以进行的操作
我们可能会根据您的会员类型及网络日志信息判断您是否可享受对应功能权限,第一方收集_使用,对数据的使用
请注意，您公开发布的信息中可能会涉及您或他人的个人信息甚至个人敏感信息，如您在评价时选择上传包含个人信息的图片,其他通用信息,
请您更加谨慎地考虑，是否在使用我们的服务时共享甚至公开分享相关信息,其他通用信息,
"==========
  （九） 为您提供安全保障
为提高您使用我们及我们关联公司、合作伙伴提供服务的安全性，保护您或其他用户或公众的人身财产安全免遭侵害，更好地预防钓鱼网站、欺诈、网络漏洞、计算机病毒、网络攻击、网络侵入等安全风险，更准确地识别违反法律法规或玩爱情趣用品商城相关协议规则的情况，我们可能使用或整合您的会员信息、交易信息、设备信息、服务日志信息以及我们关联公司、合作伙伴取得您授权或依据法律共享的信息，来综合判断您账户及交易风险、进行身份验证、检测及防范安全事件，并依法采取必要的记录、审计、分析、处置措施",第一方收集_使用,采集的目的
"==========
  （十） 为您提供其他附加服务
为向您提供更便捷、更优质、个性化的产品及/或服务，努力提升您的体验，我们在向您提供的以下附加服务中可能会收集和使用您的个人信息",第一方收集_使用,采集的目的
如果您不提供这些信息，不会影响您使用玩爱情趣用品商城的浏览、搜索、购买等基本服务，但您可能无法获得这些附加服务给您带来的用户体验,第一方收集_使用,用户选择所造成的影响
"这些附加服务包括：
1、基于位置信息的个性化推荐服务：我们会在您开启位置权限后访问获取您的位置信息，根据您的位置信息为您提供更契合您需求的页面展示、产品及/或服务，比如向您推荐附近的优惠信息",第一方收集_使用,何时采集
2、基于相机/摄像头的附加服务：您可在开启相机/摄像头权限后使用该功能用于拍摄照片或视频用于评价、分享,第一方收集_使用,何时采集
3、基于相册（图片库/视频库）的图片/视频访问及上传的附加服务：您可在开启相册权限后使用该功能上传您的照片/图片/视频，以实现更换头像、发表评论/分享、与客服沟通提供证明等功能,第一方收集_使用,何时采集
我们可能会通过您所上传的照片/图片来识别您需要购买的商品或服务，或使用包含您所上传照片或图片的评论信息,第一方收集_使用,何时采集
4、基于麦克风的语音技术相关附加服务：您可在开启麦克风权限后使用麦克风实现与客服联系在这些功能中我们会收集您的录音内容以识别您的购物需求，或响应您的客服及争议处理等需求,第一方收集_使用,何时采集
请您知晓，即使您已同意开启麦克风权限，我们也仅会在您主动点击客户端内麦克风图标或录制视频时通过麦克风获取语音信息,第一方收集_使用,何时采集
5、基于通讯录信息的附加服务：我们将在您开启通讯录权限后收集您的通讯录信息使您在购物时可以更便利地取用您通讯录内的联系人信息，无需再手动输入,第一方收集_使用,何时采集
"您理解并同意，上述附加服务可能需要您在您的设备中开启您的位置信息
（地理位置）、摄像头（相机）、相册（图片库）、麦克风（语音）、通讯录及/或日历的访问权限，以实现这些权限所涉及信息的收集和使用",第一方收集_使用,采集的个人信息类型
请您注意，您开启任一权限即代表您授权我们可以收集和使用相关个人信息来为您提供对应服务，您一旦关闭任一权限即代表您取消了授权，我们将不再基于对应权限继续收集和使用相关个人信息，也无法为您提供该权限所对应的服务,第一方收集_使用,用户选择所造成的影响
但是，您关闭权限的决定不会影响此前基于您的授权所进行的信息收集及使用,第一方收集_使用,用户选择所造成的影响
"==========
（十一）其他
1、若你提供的信息中含有其他用户的个人信息，在向玩爱情趣用品商城提供这些个人信息之前，您需确保您已经取得合法的授权",其他通用信息,
2、若我们将信息用于本政策未载明的其他用途，或者将基于特定目的收集而来的信息用于其他目的，或者我们主动从第三方处获取您的个人信息，均会事先获得您的同意,第一方收集_使用,是否有交互
"3、征得授权同意的例外
您充分理解并同意，我们在以下情况下收集、使用您的个人信息无需您的授权同意，且我们可能不会响应您提出的更正/修改、删除、注销、撤回同意、索取信息的请求：
（1）与国家安全、国防安全有关的",其他通用信息,
（2）与公共安全、公共卫生、重大公共利益有关的,其他通用信息,
（3）与犯罪侦查、起诉、审判和判决执行等司法或行政执法有关的,其他通用信息,
（4）出于维护您或其他个人的生命、财产等重大合法权益但又很难得到本人同意的,其他通用信息,
（5）您自行向社会公众公开的个人信息,其他通用信息,
（6）从合法公开披露的信息中收集个人信息的，如合法的新闻报道、政府信息公开等渠道,其他通用信息,
（7）根据与您签订和履行相关协议或其他书面文件所必需的,其他通用信息,
（8）用于维护所提供的产品及/或服务的安全稳定运行所必需的，例如发现、处置产品及/或服务的故障,其他通用信息,
（9）为合法的新闻报道所必需的,其他通用信息,
（10）学术研究机构基于公共利益开展统计或学术研究所必要，且对外提供学术研究或描述的结果时，对结果中所包含的个人信息进行去标识化处理的,其他通用信息,
（11）法律法规规定的其他情形,其他通用信息,
请知悉，根据适用的法律，若我们对个人信息采取技术措施和其他必要措施进行处理，使得数据接收方无法重新识别特定个人且不能复原，或我们可能会对收集的信息进行去标识化地研究、统计分析和预测，用于改善玩爱情趣用品商城的内容和布局，为商业决策提供产品或服务支撑，以及改进我们的产品和服务，则此类处理后数据的使用无需另行向您通知并征得您的同意,其他通用信息,
4、如我们停止运营玩爱情趣用品商城产品或服务，我们将及时停止继续收集您个人信息的活动,用户访问_编辑_删除的方法,供应商动作
"==========
 **二、我们如何共享、转让、公开披露您的信息**
（一）共享
      我们不会与玩爱情趣用品商城服务提供者以外的公司、组织和个人共享您的个人信息，但以下情况除外：
1、在法定情形下的共享：我们可能会根据法律法规规定、诉讼、争议解决需要，或按行政、司法机关依法提出的要求，对外共享您的个人信息",与第三方共享_转让_公开,何时与第三方共享
2、在获取明确同意的情况下共享：获得您的明确同意后，我们会与其他方共享您的个人信息,与第三方共享_转让_公开,何时与第三方共享
3、在您主动选择情况下共享：您通过玩爱情趣用品商城购买商品或服务，我们会根据您的选择，将您的订单信息中与交易有关的必要信息共享给相关商品或服务的提供者，以实现您的交易及售后服务需求,与第三方共享_转让_公开,何时与第三方共享
4、与授权合作伙伴共享：我们可能委托授权合作伙伴为您提供某些服务或代表我们履行职能，我们仅会出于本隐私权政策声明的合法、正当、必要、特定、明确的目的共享您的信息，授权合作伙伴只能接触到其履行职责所需信息，且不得将此信息用于其他任何目的,与第三方共享_转让_公开,何时与第三方共享
"目前，我们的授权合作伙伴包括以下类型：
（1）广告、分析服务类的授权合作伙伴",与第三方共享_转让_公开,第三方相关实体
除非得到您的许可，否则我们不会将您的个人身份信息与提供广告、分析服务的合作伙伴共享,与第三方共享_转让_公开,对于第三方的约束
（2）供应商、服务提供商和其他合作伙伴,与第三方共享_转让_公开,第三方相关实体
我们将信息发送给支持我们业务的供应商、服务提供商和其他合作伙伴，这些支持包括受我们委托提供的技术基础设施服务、分析我们服务的使用方式、衡量广告和服务的有效性、提供客户服务、支付便利或进行学术研究和调查,与第三方共享_转让_公开,第三方对数据的使用
我们会对授权合作伙伴获取有关信息的应用程序接口（API）、软件工具开发包（SDK）进行严格的安全检测，并与授权合作伙伴约定严格的数据保护措施，令其按照我们的委托目的、服务说明、本隐私权政策以及其他任何相关的保密和安全措施来处理个人信息,与第三方共享_转让_公开,第三方对数据的使用
"==========
（二）转让
我们不会将您的个人信息转让给任何公司、组织和个人，但以下情况除外：
1、在获取明确同意的情况下转让：获得您的明确同意后，我们会向其他方转让您的个人信息",与第三方共享_转让_公开,何时与第三方共享
2、在玩爱情趣用品商城服务提供者发生合并、收购或破产清算情形，或其他涉及合并、收购或破产清算情形时，如涉及到个人信息转让，我们会要求新的持有您个人信息的公司、组织继续受本政策的约束，否则我们将要求该公司、组织和个人重新向您征求授权同意,与第三方共享_转让_公开,何时与第三方共享
"==========
（三）公开披露
我们仅会在以下情况下，公开披露您的个人信息：
1、获得您明确同意或基于您的主动选择，我们可能会公开披露您的个人信息",与第三方共享_转让_公开,何时与第三方共享
2、如果我们确定您出现违反法律法规或严重违反玩爱情趣用品商城相关协议及规则的情况，或为保护玩爱情趣用品商城平台用户或公众的人身财产安全免遭侵害，我们可能依据法律法规或征得您同意的情况下披露关于您的个人信息，包括相关违规行为以及玩爱情趣用品商城平台已对您采取的措施,与第三方共享_转让_公开,何时与第三方共享
例如，若您因出售假冒商品而严重违反玩爱规则，我们可能会公开披露您的信息与违规情况,与第三方共享_转让_公开,何时与第三方共享
"==========
（四）共享、转让、公开披露个人信息时事先征得授权同意的例外
以下情形中，共享、转让、公开披露您的个人信息无需事先征得您的授权同意：
1、与国家安全、国防安全有关的",其他通用信息,
2、与公共安全、公共卫生、重大公共利益有关的,其他通用信息,
3、与犯罪侦查、起诉、审判和判决执行等司法或行政执法有关的,其他通用信息,
4、出于维护您或其他个人的生命、财产等重大合法权益但又很难得到本人同意的,其他通用信息,
5、您自行向社会公众公开的个人信息,其他通用信息,
6、从合法公开披露的信息中收集个人信息的，如合法的新闻报道、政府信息公开等渠道,其他通用信息,
请知悉，根据适用的法律，若我们对个人信息采取技术措施和其他必要措施进行处理，使得数据接收方无法重新识别特定个人且不能复原，则此类处理后数据的共享、转让、公开披露无需另行向您通知并征得您的同意,其他通用信息,
"==========
 **  三、我们如何保护您的信息**
（一）我们已采取符合业界标准、合理可行的安全防护措施保护您的信息，防止个人信息遭到未经授权访问、公开披露、使用、修改、损坏或丢失",数据安全,安全措施
（二）我们有行业先进的以数据为核心、围绕数据生命周期进行的数据安全管理体系，从组织建设、制度设计、人员管理、产品技术等方面多维度提升整个系统的安全性,数据安全,安全措施
（三）我们会采取合理可行的措施，尽力避免收集无关的个人信息,数据安全,安全措施
我们只会在达成本政策所述目的所需的期限内保留您的个人信息，除非法律有强制的存留要求，例如《中华人民共和国电子商务法》要求商品和服务信息、交易信息保存时间自交易完成之日起不少于三年,数据安全,数据存储期限
"而我们判断前述期限的标准包括：
1、完成与您相关的交易目的、维护相应交易及业务记录、应对您可能的查询或投诉",其他通用信息,
2、保证我们为您提供服务的安全和质量,其他通用信息,
3、您是否同意更长的留存期间,其他通用信息,
4、是否存在保留期限的其他特别约定,其他通用信息,
在您的个人信息超出保留期间后，我们会根据适用法律的要求删除您的个人信息，或使其匿名化处理,数据安全,数据存储期限
（四）互联网并非绝对安全的环境，使用玩爱情趣用品商城平台服务时，我们强烈建议您不要使用非玩爱情趣用品商城平台推荐的通信方式发送您的信息,数据安全,安全措施
您可以通过我们的服务建立联系和相互分享,数据安全,安全措施
当您通过我们的服务创建交流、交易或分享时，您可以自主选择沟通、交易或分享的对象，作为能够看到您的交易内容、联络方式、交流信息或分享内容等相关信息的第三方,数据安全,安全措施
在使用玩爱情趣用品商城服务进行网上交易时，您不可避免地要向交易对方或潜在的交易对方披露自己的个人信息，如联络方式或联系地址,数据安全,安全措施
请您妥善保护自己的个人信息，仅在必要的情形下向他人提供,数据安全,安全措施
如您发现自己的个人信息尤其是您的账户或密码发生泄露，请您立即联络玩爱商场客服，以便我们根据您的申请采取相应措施,数据安全,安全措施
请注意，您在使用我们服务时自愿共享甚至公开分享的信息，可能会涉及您或他人的个人信息甚至个人敏感信息,数据安全,安全措施
请您更加谨慎地考虑，是否在使用我们的服务时共享甚至公开分享相关信息,数据安全,安全措施
请使用复杂密码，协助我们保证您的账号安全,数据安全,安全措施
我们将尽力保障您发送给我们的任何信息的安全性,数据安全,安全措施
同时，我们还将按照监管部门要求，上报个人信息安全事件的处置情况,数据安全,发生安全事故的处理方式
"==========
 **四、您如何管理您的信息**
您可以通过以下方式访问及管理您的信息：
（一）查询、更正和补充您的信息
您有权查询、更正或补充您的信息",用户访问_编辑_删除的方法,用户可以进行的操作
"您可以通过以下方式自行进行：
1、登录玩爱情趣用品商城，进入“我”首页，点击 更多设置-账户管理 后查询、更正个人资料及个人账户相关信息",用户访问_编辑_删除的方法,操作的途径
2、登录玩爱情趣用品商城并选择联系客服寻求帮助，协助您查询、更正或补充您的信息,用户访问_编辑_删除的方法,用户可以进行的操作
"（二）删除您的信息
您可以通过“（一）查询、更正和补充您的信息”中列明的方式删除您的部分信息",用户访问_编辑_删除的方法,用户可以进行的操作
"在以下情形中，您可以向我们提出删除个人信息的请求：
1、如果我们处理个人信息的行为违反法律法规",用户访问_编辑_删除的方法,用户可以进行的操作
2、如果我们收集、使用您的个人信息，却未征得您的明确同意,其他通用信息,
3、如果我们处理个人信息的行为严重违反了与您的约定,其他通用信息,
4、如果您不再使用我们的产品或服务，或您主动注销了账号,其他通用信息,
5、如果我们永久不再为您提供产品或服务,其他通用信息,
若我们决定响应您的删除请求，我们还将同时尽可能通知从我们处获得您的个人信息的主体，并要求其及时删除（除非法律法规另有规定，或这些主体已独立获得您的授权）,用户访问_编辑_删除的方法,供应商动作
当您或我们协助您删除相关信息后，因为适用的法律和安全技术，我们可能无法立即从备份系统中删除相应的信息，我们将安全地存储您的个人信息并将其与任何进一步处理隔离，直到备份可以清除或实现匿名,用户访问_编辑_删除的方法,供应商动作
"（三）响应您的上述请求
为保障安全，您可能需要提供书面请求，或以其他方式证明您的身份",用户访问_编辑_删除的方法,用户可以进行的操作
我们可能会先要求您验证自己的身份，然后再处理您的请求,用户访问_编辑_删除的方法,供应商动作
我们将在15天内做出答复,用户访问_编辑_删除的方法,供应商动作
如您不满意，还可以通过玩爱情趣用品商城客服发起投诉,用户访问_编辑_删除的方法,用户可以进行的操作
对于您合理的请求，我们原则上不收取费用，但对多次重复、超出合理限度的请求，我们将酌情收取一定费用,用户访问_编辑_删除的方法,供应商动作
对于与您的身份不直接关联的信息、无端重复信息，或者需要过多技术手段（例如，需要开发新系统或从根本上改变现行惯例）、给他人合法权益带来风险或者不切实际的请求，我们可能会予以拒绝,用户访问_编辑_删除的方法,供应商动作
"在以下情形中，按照法律法规要求，我们将无法响应您的请求：
1、与国家安全、国防安全有关的",其他通用信息,
2、与公共安全、公共卫生、重大公共利益有关的,其他通用信息,
3、与犯罪侦查、起诉、审判和执行判决等有关的,其他通用信息,
4、有充分证据表明个人信息主体存在主观恶意或滥用权利的,其他通用信息,
5、响应您的请求将导致您或其他个人、组织的合法权益受到严重损害的,其他通用信息,
6、涉及商业秘密的,其他通用信息,
"==========
 **五、本隐私权政策如何更新**
我们的隐私权政策可能变更",条款更改,
未经您明确同意，我们不会限制您按照本隐私权政策所应享有的权利,条款更改,
我们会在专门页面上发布对隐私权政策所做的任何变更,条款更改,告知方式
对于重大变更，我们还会提供更为显著的通知（包括我们会通过玩爱情趣用品商城公示的方式进行通知甚至向您提供弹窗提示）,条款更改,告知方式
"本政策所指的重大变更包括但不限于：
1、我们的服务模式发生重大变化",其他通用信息,
如处理个人信息的目的、处理的个人信息类型、个人信息的使用方式等,其他通用信息,
2、我们在控制权等方面发生重大变化,其他通用信息,
如并购重组等引起的信息控制者变更等,其他通用信息,
3、个人信息共享、转让或公开披露的主要对象发生变化,其他通用信息,
4、您参与个人信息处理方面的权利及其行使方式发生重大变化,其他通用信息,
5、我们负责处理个人信息安全的责任部门、联络方式及投诉渠道发生变化,其他通用信息,
6、个人信息安全影响评估报告表明存在高风险,其他通用信息,
"==========
 **六、如何联系我们**
您可以通过以下方式与我们联系，我们将尽快回复您的请求：
1、如对本政策内容有任何疑问、意见或建议，您可通过玩爱情趣用品商城在线客服及400电话与我们联系
==========",其他通用信息,
