"a5n11mbkId6tEZiYlXN_M0dZ77QS-0603_com_jifen_qukan.txt





Apkid:com.jifen.qukan
==========
# 趣头条隐私政策
欢迎您使用“趣头条”软件及相关服务",其他通用信息,
“趣头条”软件服务由上海基分文化传播有限公司（“基分文化”、“公司”、“我们”）开发并发布,其他通用信息,
保护用户个人信息是公司的一项基本原则,其他通用信息,
公司依据法律法规收集、使用个人信息，坚持遵循个人信息收集、使用的合法、正当、必要的原则,其他通用信息,
在使用“趣头条”软件及相关服务前，请您务必仔细阅读并透彻理解本隐私政策，公司将会收集和使用您的相关信息，您一旦选择使用“趣头条”软件及相关服务，即意味着您同意公司按照本隐私政策收集、保存、使用、共享、披露及保护您的信息,其他通用信息,
如您未满18周岁，请您在监护人陪同下仔细阅读并充分理解本隐私政策，并征得监护人的同意后使用我们的服务或向我们提供信息,面向特定人群用户条款,群体类型
请您审慎阅读并选择接受或不接受本隐私政策，有关您个人信息权益的条款等重要内容我们已用加粗形式提示，请特别关注,其他通用信息,
如果您不同意本隐私政策，我们无法为您提供完整的产品和服务，您也可以选择停止使用,其他通用信息,
当您选择继续或再次使用时，基于提供产品和服务所必需，将视为您接受和认可我们按照本政策对您的相关信息进行处理,其他通用信息,
"==========
本政策将帮助您了解以下内容：
1、收集信息的原则及目的
2、我们如何使用 Cookie 和同类技术
3、我们如何收集和使用个人信息
4、个人信息的共享、转让及披露
5、个人信息的保存和保护
6、用户查询、变更、删除信息的途径
7、我们如何处理未成年人个人信息
8、隐私政策的修订与通知
9、用户联系、反馈和申诉渠道
==========
## 一、收集信息的原则及目的
在您使用“趣头条”及服务的过程中，我们将根据合法、正当、必要的原则，收集信息",其他通用信息,
"我们收集或您提供的信息将用于：
1、保障产品的正常基础运行",其他通用信息,
2、实现各项功能和服务,其他通用信息,
3、优化、改善产品和服务,其他通用信息,
4、保障产品、服务以及用户使用安全,其他通用信息,
5、遵循法律法规与国家标准的规定,其他通用信息,
"==========
## 二、我们如何使用 Cookie 和同类技术
Cookie 和同类技术是互联网中的通用常用技术",第一方收集_使用,
当您使用“趣头条”及相关服务时，我们可能会使用相关技术向您的设备发送一个或多个 Cookie或匿名标识符，以收集和存储您访问、使用本产品时的信息,第一方收集_使用,使用的目的
"我们使用 Cookie 和同类技术主要为了实现以下功能或服务：
（一）保障产品与服务的安全、高效运转
我们可能会设置认证与保障安全性的 cookie或匿名标识符，使我们确认您是否安全登录服务，或者是否遇到盗用、欺诈等不法行为",第一方收集_使用,使用的目的
这些技术还会帮助我们改进服务效率，提升登录和响应速度,第一方收集_使用,使用的目的
"（二）帮助您获得更轻松的访问体验
使用此类技术可以帮助您省去重复您填写个人信息、输入搜索内容的步骤和流程（例如：记录搜索历史）",第一方收集_使用,使用的目的
"（三）为您推荐、展示、推送您可能感兴趣的内容或账号
我们可能会利用 Cookie 和同类技术了解您的偏好和使用习惯，进行咨询或数据分析，以改善产品服务及用户体验，并优化您对广告的选择",第一方收集_使用,使用的目的
我们承诺，我们不会将 Cookie 用于本隐私政策所述目的之外的任何其他用途,第一方收集_使用,对数据的使用
"==========
## 三、我们如何收集和使用个人信息
个人信息是指以电子或者其他方式记录的能够单独或者与其他信息结合识别特定自然人身份或者反映特定自然人活动情况的各种信息",其他通用信息,
"公司出于本隐私政策所述的以下目的，收集和使用个人信息，具体包括：
（一） 保障“趣头条”软件及相关服务的正常运行
请您了解，我们为提供服务和保障产品正常、安全运行所必须收集的基本信息有：您设备的硬件型号、操作系统版本号、国际移动设备识别码（IMEI）、国际移动用户识别码（IMSI）、网络设备硬件地址（MAC）、IP地址、软件版本号、网络接入方式及类型、操作日志，并需您授权对应的权限",第一方收集_使用,采集的个人信息类型
这些信息和权限是我们提供服务必须的，我们收集这些信息用于保障网络安全或运营安全，同时也将根据这些信息为您做对应的版本适配，以保障软件的正常启动运营,第一方收集_使用,采集的个人信息类型
您理解并同意，您需要授权我们“电话”权限来允许我们获取前述的“设备的硬件型号”和“国际移动设备识别码（IMEI）”信息，我们不会调用“电话”权限下的其他权限,第一方收集_使用,采集的个人信息类型
您可以选择拒绝授权或关闭该权限，您拒绝授权或关闭“电话”权限后，您仍然可以使用我们的服务，但可能会影响您的用户体验,用户访问_编辑_删除的方法,用户可以进行的操作
"==========
（二） 注册、登录和相关服务
1、当您注册、登录和使用相关服务时，您可以通过手机号创建账号，此时我们将收集您的手机号，我们将通过发送短信验证码来验证您的身份是否有效，之后我们会向您的手机号码发送“趣头条”的官方活动通知、唤醒信息等，每条信息中将明确退订方式，您可选择退订",第一方收集_使用,何时采集
您理解并同意，我们可能出于客户服务、产品体验、通知的必要目的拨打您向我们提供的电话号码,第一方收集_使用,采集的目的
此外，您还可以根据自身需求提供以下额外信息，这将有助于我们给您提供更好的服务和体验：昵称、年龄、性别、职业、教育背景、个人简介,第一方收集_使用,采集的目的
但如果您不提供这些信息，将不会影响使用本服务的基本业务功能,第一方收集_使用,用户选择所造成的影响
2、您也可以使用第三方账号（微信、支付宝）登录进入“趣头条”，您此时将授权我们获取您在第三方平台注册的公开信息（头像、昵称、地区和性别信息），并在您同意本隐私政策后将您的第三方账号与您的“趣头条”账号绑定，使您可以通过第三方账号直接登录并使用本产品和相关服务,用户访问_编辑_删除的方法,用户可以进行的操作
3、当您选择以“拍照”方式设置、更换用户头像时，我们会请求您授权相机权限，您如果拒绝授权提供，将无法通过“拍照”的方式设置或更换头像,第一方收集_使用,何时采集
当您选择以“从相册获取”的方式设置、更换用户头像时，我们会请求您授权相册权限，您如果拒绝授权，将无法通过“从相册获取”的方式设置、更换用户头像,第一方收集_使用,何时采集
"==========
（三）为您推荐个性化的信息或服务
为实现个性化的信息服务功能，我们会收集并使用下列信息：
1、您在“趣头条”中关注、收藏、搜索、浏览偏好（您感兴趣的文章、音视频等信息）的操作、使用行为信息",第一方收集_使用,采集的个人信息类型
2、您主动提供的反馈、发布、点赞、评论信息,第一方收集_使用,采集的个人信息类型
3、当您点击“本地频道”时，我们会请求您授权“位置”权限，以便于我们向您提供天气预报、地理位置新闻推荐、相关信息推送等本地频道的相关服务，我们会在获得您的明示同意后的获取相关地理位置信息,第一方收集_使用,采集的个人信息类型
"此外，为完善用户服务体验，您理解并知晓，我们会将上述信息与来自趣头条内其他服务（例如：您在“趣头条”中使用“视频”、“小视频”服务）的信息以及您的设备信息结合，进行综合统计并通过算法做特征与偏好分析，用以向您进行下列个性化推荐、展示或推送您可能感兴趣的特定信息，或者推送更适合您的特定功能或服务：
1、向您展示、推荐或推送与您有更高相关程度的信息",第一方收集_使用,对数据的使用
2、推送您可能更感兴趣的账号,第一方收集_使用,对数据的使用
3、推荐相关的城市、地区资讯,第一方收集_使用,对数据的使用
4、推荐与您相关程度更高的程序化广告,第一方收集_使用,对数据的使用
您可以在界面中选择关闭特定类型的程序化广告推荐,用户访问_编辑_删除的方法,用户可以进行的操作
关闭后您仍会收到相同数量的广告，但广告相关性会降低,第一方收集_使用,用户选择所造成的影响
请您了解，单独的设备信息、您的操作使用行为信息是无法识别特定自然人身份的信息,其他通用信息,
我们收集、使用的上述信息进行了去标识化处理，数据分析仅对应特定的、无法直接关联用户身份的编码，无法也绝不会与您的真实身份相关联,其他通用信息,
如果我们将这类信息与其他信息结合用于识别特定自然人身份，或者将其与个人信息结合使用，则在结合使用期间，这类信息将被视为个人信息，我们将会依据本隐私政策对其进行使用和保护,其他通用信息,
"==========
（四）为您提供金币提现服务
当您浏览文章或邀请好友注册时，会获得一定的金币奖励，您需要绑定微信或支付宝账号后根据趣头条平台的提现规则进行提现，在该种场景下我们仅会获取您在微信或支付宝平台上的基本信息（头像、昵称、地区和性别信息）",第一方收集_使用,何时采集
若您未绑定微信或支付宝账号，将无法实现提现功能,第一方收集_使用,用户选择所造成的影响
"==========
（五）为您提供信息发布功能或服务
您发布评论、提问或回答时，我们将收集您发布的信息，并展示您的昵称、头像、发布内容等",第一方收集_使用,何时采集
"==========
（六）为您提供互动功能或服务
1、您主动关注您感兴趣的账号、话题并与之进行互动，进行评论或分享内容时，我们会收集您关注的账号，并向您展示您关注账号发布内容",第一方收集_使用,何时采集
2、当您使用邀请好友或唤醒好友的功能并选择通过短信方式邀请/唤醒时，我们会请求您授权访问通讯录权限和短信权限，如您同意授权，我们将向您通讯录中的好友发送短信来实现唤醒、邀请功能，我们将会收集您的通讯录中的联系人信息,第一方收集_使用,何时采集
您如果拒绝授权，将无法使用通过短信方式邀请好友的功能，但不影响您使用其他方式邀请好友,第一方收集_使用,用户选择所造成的影响
3、当您使用扫描二维码服务时，我们会请求您授权相机权限，如果您拒绝授权，则无法使用扫描二维码功能，但不影响使用我们提供的其他服务,第一方收集_使用,何时采集
"==========
（七）为您提供搜索服务
您使用“趣头条”的搜索服务时，我们会收集您的搜索关键字信息、日志记录等",第一方收集_使用,何时采集
为了提供高效的搜索服务，部分前述信息会暂时存储在您的本地存储设备之中，并可向您展示搜索结果内容、搜索历史记录，您可以在搜索界面清除历史搜索记录,第一方收集_使用,对数据的使用
"==========
（八）开展营销活动
当您选择参加我们举办的有关营销活动时，根据活动需要您可提供姓名、通信地址、联系方式、银行账号信息",第一方收集_使用,何时采集
"这些信息可能包括个人敏感信息（如个人电话号码、银行账号),是您收到转账或者礼品所必要的，如果您拒绝提供这些信息，我们将可能无法向您转账或发放礼品",第一方收集_使用,采集的个人信息类型
"==========
（九）保障产品、服务及用户使用安全
为更好地了解“趣头条”软件及相关服务的运行情况，以便确保运行与提供服务的安全，同时为履行《网络安全法》下的网络安全义务，我们将记录网络日志信息，以及使用软件及相关服务的频率、崩溃数据、总体安装、使用情况、性能数据信息",第一方收集_使用,采集的个人信息类型
"==========
（十）接受推送消息
在您授权接受通知权限后，我们将向您提供“趣头条”的推送消息服务，您也可以在您的系统设置中关闭该权限，关闭后不影响您使用我们提供的其他服务",第一方收集_使用,对数据的使用
"==========
（十一）接受推送消息
在您授权悬浮窗权限后，我们将向您提供“趣头条”的推送消息服务，您也可以在您的系统设置中关闭该权限，关闭后不影响您使用我们提供的其他服务",第一方收集_使用,对数据的使用
"==========
（十二）任务系统
在您授权日历权限后，我们将向您提供“趣头条”任务系统的“日历提醒”服务，如您拒绝授权，则无法享受“日历提醒”服务，但不影响您使用我们提供的其他服务",第一方收集_使用,对数据的使用
请您理解，在您选择进入“走路赚金币”功能时，我们收集您的步数信息，从而为您提供“走路赚金币”服务,第一方收集_使用,何时采集
您如果您不同意我们收集您的步数信息，请您不要点击相关功能,第一方收集_使用,用户的选择
"==========
（十三）使用清理功能
您在使用清理功能时，我们将为您提供手机内存清理功能，释放手机存储空间",第一方收集_使用,何时采集
每当您点击使用此功能时，我们会调用手机操作系统提供的公共接口，扫描系统里的无用文件、缓存文件、程序日志文件、无用安装包、临时文件等，实现安全卸载残留、清除系统垃圾,第一方收集_使用,何时采集
同时，本产品还会扫描联网产生的缓存文件、大文件，不会获取您的文件内容,其他通用信息,
您清理过后的文件，将需要重新加载、缓存或不能修复，请慎重清理,其他通用信息,
您如果不同意我们收集您的手机内存信息，请您不要点击相关功能,其他通用信息,
"==========
（十四）优化个性化推荐
为帮助我们更好地实现个性化推荐功能，我们将读取您手机内的应用程序安装列表，您可以在设备设置中选择关闭该种授权，如您选择关闭，我们将无法为您提供更优的个性化推荐功能，但不影响您使用其他功能",第一方收集_使用,采集的目的
"==========
（十五）通过趣头条使用第三方服务
当您通过趣头条使用由我们合作伙伴所提供的服务（如金融服务）时，我们将在提前取得您授权的前提下，请您提供有关个人信息，如您的姓名、身份证信息、银行卡信息、面部特征（获取该信息需要您授权同意开启您设备的相机权限）",第一方收集_使用,何时采集
我们具体收集的信息以您的授权为准，如您拒绝提供相关信息，您将无法使用前述第三方服务，但不影响您使用其他服务,第一方收集_使用,用户选择所造成的影响
"==========
（十六）通过趣头条使用第三方直播服务充值消费功能
当您通过趣头条使用第三方直播服务提供的充值消费功能时，我们会收集您的充值记录、消费记录信息，以便您查询自己的交易记录，同时尽最大程度保护您的财产、虚拟财产安全",第一方收集_使用,何时采集
上述信息属于敏感信息，但收集上述信息为实现相关功能、保护您的财产安全所必须，否则将无法完成交易,其他通用信息,
"==========
（十七）评论功能
在您授权“麦克风”（或称“录音”）权限后，将允许趣头条录制音频，从而通过语音技术实现语音转文字功能发表评论",第一方收集_使用,何时采集
我们会收集您在使用智能语音技术过程中录入的语音信息用于实现语音转文字功能,第一方收集_使用,采集的个人信息类型
如您关闭授权“麦克风”权限，您将无法使用前述语音转文字功能，但不影响您使用文字评论功能,第一方收集_使用,用户选择所造成的影响
"==========
（十八）代扣代缴个人所得税（如有）
如您在趣头条中所获得的收益或奖励根据法律规定需要缴纳税费的，趣头条将依据法律规定为您代扣代缴相关税费，基于前述目的，趣头条需要收集您的个人身份证信息，如您拒绝提供，将无法继续提现，但不影响您使用趣头条的其他功能或服务",第一方收集_使用,用户选择所造成的影响
"==========
（十九）锁屏阅读功能
在您开启“锁屏阅读”权限后，可实现手机在锁屏状态下可查看资讯",第一方收集_使用,对数据的使用
开启该权限我们不会收集您的个人信息,第一方收集_使用,
"如您关闭
“锁屏阅读”权限，您将无法使用前述锁屏阅读功能，但不影响您使用趣头条的其他功能或服务",第一方收集_使用,用户选择所造成的影响
"（二十）收集、使用个人信息目的变更的处理
请您了解，随着我们业务的发展，可能会对“趣头条”的功能和提供的服务有所调整变化",其他通用信息,
原则上，当新功能或服务与所列场景相关时，收集与使用的个人信息将与原处理目的具有直接或合理关联,与第三方共享_转让_公开,用户选择所造成的影响
在与原处理目的无直接或合理关联的场景下，我们收集、使用您的个人信息，会再次进行告知，并征得您的同意,与第三方共享_转让_公开,用户选择所造成的影响
"==========
（二十一）依法豁免征得同意收集和使用的个人信息
请您理解，在下列情形中，根据法律法规及相关国家标准，我们收集和使用您的个人信息，无需征得您的授权同意：
1、与我们履行法律法规规定的义务相关的",其他通用信息,
2、与国家安全、国防安全直接相关的,其他通用信息,
3、与公共安全、重大公共利益直接相关的,其他通用信息,
4、与犯罪侦查、起诉、审判和判决执行等直接相关的,其他通用信息,
5、出于维护个人信息主体或其他个人的生命、财产等重大合法权益但又很难得到本人同意的,其他通用信息,
6、所收集的您的个人信息是您自行向社会公众公开的,其他通用信息,
7、从合法公开披露的信息中收集的您的个人信息的，如合法的新闻报道、政府信息公开等渠道,其他通用信息,
8、根据您的要求签订或履行合同所必需的,其他通用信息,
9、用于维护我们所提供产品及相关服务的安全稳定运行所必需的，例如发现、处置软件及相关服务的故障,其他通用信息,
10、为合法的新闻报道所必需的,其他通用信息,
11、学术研究机构基于公共利益开展统计或学术研究所必要，且对外提供学术研究或描述的结果时，对结果中所包含的个人信息进行去标识化处理的,其他通用信息,
12、法律法规规定的其他情形,其他通用信息,
特别提示您注意，如信息无法单独或结合其他信息识别到您的个人身份，其不属于法律意义上您的个人信息,其他通用信息,
当您的信息可以单独或结合其他信息识别到您的个人身份时或我们将无法与任何特定个人信息建立联系的数据与其他您的个人信息结合使用时，这些信息在结合使用期间，将作为您的个人信息按照本隐私政策处理与保护,其他通用信息,
"==========
## 四、个人信息的共享、转让及披露
1、为保障向您提供的服务顺利完成以及便于您进行统一管理，我们可能会将您的个人信息与我们的关联方、第三方合作伙伴共享",与第三方共享_转让_公开,与第三方共享的目的
但我们只会共享必要的个人信息，且受本隐私政策中所声明目的的约束，如果关联方改变个人信息的使用目的，将再次征求您的授权同意,与第三方共享_转让_公开,对于第三方的约束
"2、我们会共享的第三方及个人信息类型包括
（1）为实现相关功能或服务与我们的关联方、第三方服务提供商共享：当您在使用“游戏中心”“免费看小说”“视频”、“小视频”或其他第三方服务商提供的功能时，为保障向您提供服务的顺利完成、您在我们及关联方提供的产品间所接受服务的一致性，并方便统一管理您的信息，我们会将您去标识化后的个人信息（主要包括您的设备信息、产品使用信息、账号信息）与这些关联方或第三方服务提供商共享",与第三方共享_转让_公开,与第三方共享的个人信息类型
（2）帮助您使用“趣头条”账号登录第三方服务商的产品,与第三方共享_转让_公开,与第三方共享的目的
当您使用“趣头条”登录第三方产品时，经过您的同意，我们会将您的昵称、头像、ID信息与您登录的第三方产品共享,与第三方共享_转让_公开,何时与第三方共享
（3）为实现程序化广告推送，我们可能会与广告合作伙伴共享去标识化或匿名化处理后的信息,与第三方共享_转让_公开,与第三方共享的目的
"我们可能与委托我们进行推广和广告投放的合作伙伴及相关的广告监测平台共享信息，但我们不会分享用于识别您个人身份的信息，例如您的姓名、身份证号等，我们仅会向这些合作伙伴提供难以识别您个人身份的用户画像标签及去标识化或匿名化处理后的信息
（例如硬件型号、操作系统版本号、国际移动设备身份识别码（IMEI）、网络设备硬件地址（MAC）、国际移动用户识别码（IMSI）、位置信息），
以帮助其在不识别您个人身份的前提下提升广告有效触达率",与第三方共享_转让_公开,与第三方共享的个人信息类型
"（4）帮助您参加营销推广活动
当您选择参加我们举办的有关营销活动时，经过您的明示同意，我们会将您的姓名、通信地址、联系方式与第三方物流配送服务商共享以便我们能委托第三方物流配送服务商及时向您提供奖品",与第三方共享_转让_公开,何时与第三方共享
"（5）帮助您使用第三方金融服务
当您使用我们合作伙伴所提供的金融服务时，我们将在提前取得您授权的前提下，请您提供有关个人信息（包括姓名、身份证信息、银行卡信息、面部特征，具体以您的授权为准），并基于服务需求同步给该合作伙伴（金融服务提供商），以便协助您快速完成身份验证",与第三方共享_转让_公开,何时与第三方共享
同时，您授权我们可以与该合作伙伴共享我们使用您的相关信息集合形成的用户画像、去标识化或匿名化处理后的分析/统计类信息，以帮助其判断您的资信状况,用户访问_编辑_删除的方法,用户可以进行的操作
"（6）帮助您使用支付功能
支付功能由与我们合作的第三方支付机构向您提供服务",与第三方共享_转让_公开,
经过您的明示同意，我们会向第三方支付机构提供您的订单信息以实现支付功能，在此过程中我们不会从第三方支付机构获取您的银行卡号等个人信息,与第三方共享_转让_公开,与第三方共享的目的
如您拒绝我们向第三方支付机构提供您的订单信息将导致您无法使用支付功能，但不影响其他功能的正常使用,与第三方共享_转让_公开,用户选择所造成的影响
"==========
3、对共享个人信息第三方主体的谨慎评估及责任约束
（1）经您同意，我们只会与第三方共享实现目的所必要的信息",与第三方共享_转让_公开,对于第三方的约束
如果第三方因业务需要，确需超出前述授权范围使用个人信息的，该第三方将需再次征求您的同意，届时该第三方对您个人信息的使用以及向您提供的服务适用其向您另行说明的隐私政策,与第三方共享_转让_公开,对于第三方的约束
（2）对我们与之共享您个人信息的第三方，我们会与该种第三方签订保密协议，要求他们按照我们的说明、本隐私政策以及其他任何相关的保密和安全措施来处理个人信息,与第三方共享_转让_公开,对于第三方的约束
"4、收购、兼并、重组时个人信息的转让
公司不会将您的个人信息转移、共享或披露给任何非关联的第三方，除非：
1) 事先获得您的明确授权同意",其他通用信息,
2) 相关法律法规或法院、政府机关要求,其他通用信息,
3)为完成合并、分立、收购或资产转让而转移，但公司会要求新的持有您的个人信息的公司、组织继续受本隐私政策的约束，否则，公司有权要求该公司、组织重新取得您的授权同意,其他通用信息,
4)在法律法规允许的范围内，为维护“趣头条”其他用户、公司及其关联公司、控制公司、“趣头条”的客户或雇员的人身、财产等合法权益或维权产品或服务的安全稳定运行所必需的，例如查找、预防、处理欺诈等违法活动和减少信用风险等,其他通用信息,
5) 公司为维护合法权益而向用户提起诉讼或仲裁,其他通用信息,
6) 以维护公共利益或学术研究为目的,其他通用信息,
7) 以上提及的“依法豁免征得同意收集和使用的个人信息”的情形,其他通用信息,
"或
8) 为提供您要求的服务所必需或法律法规规定的其他情形",其他通用信息,
请您知悉，即使已经取得您的授权同意，我们也仅会出于合法、正当、必要、特定、明确的目的共享您的个人信息，并尽量对共享内容中的个人信息进行去标识化或匿名化处理,其他通用信息,
"==========
## 五、个人信息的保存和保护
（一）个人信息的保存
1、保存期限：除非依据法律法规或双方约定，我们仅会在实现目的所必需的最短时间内留存您的相关个人信息",数据安全,数据存储期限
在您主动注销账号时，我们将根据法律法规的要求尽快删除您的个人信息,数据安全,安全措施
"2、保存地域：原则上，我们在中华人民共和国境内收集和产生的个人信息，将存储在中国境内，但以下情形除外：
(1)法律法规有明确规定的",数据安全,跨境传输
"或
(2)单独征得您的授权同意",其他通用信息,
在上述情形中，我们会并要求数据接收方按照本隐私政策以及其他相关的安全保密措施来处理个人信息,数据安全,安全措施
3、终止运营：如果发生终止运营等情形，我们将会提前通知您，并在终止运营后对您的个人信息进行删除或匿名化处理,数据安全,安全措施
"==========
（二）个人信息的安全保护措施
公司非常重视您个人信息的安全，将努力采取合理的安全措施（包括技术方面和管理方面）来保护您的个人信息，防止您提供的个人信息被不当使用或未经授权的情况下被访问、公开披露、使用、修改、损坏、丢失或泄漏",数据安全,安全措施
公司已通过了信息安全等级保护三级测评及备案，并成立了网络与信息安全管理委员会，建设信息安全技术和管理体系,数据安全,安全措施
我们会使用不低于行业同行的加密技术、匿名化处理等合理可行的手段保护您的个人信息，并使用安全保护机制防止您的个人信息遭到恶意攻击,数据安全,安全措施
尽管已经采取了上述合理有效措施，并已经遵守了相关法律规定要求的标准，但请您理解，由于技术的限制以及可能存在的各种恶意手段，在互联网行业，即便竭尽所能加强安全措施，也不可能始终保证信息百分之百的安全，我们将尽力确保您提供给我们的个人信息的安全性,数据安全,安全措施
您知悉并理解，您接入我们的服务所用的系统和通讯网络，有可能因我们可控范围外的因素而出现问题,数据安全,安全措施
因此，我们强烈建议您采取积极措施保护个人信息的安全，包括但不限于使用复杂密码、定期修改密码、不将自己的账号密码等个人信息透露给他人，否则由此带来的任何损失由您自行承担,数据安全,安全措施
"==========
## 六、用户查询、变更、删除信息的途径
您有权查询、变更或删除您的个人信息，操作方式如下：
（一）如果您想查询或变更信息可通过如下方式自行访问：
您可以在登录后，点击菜单（我的），在设置-账号管理中查看或变更手机号、微信号、支付宝账号信息、修改密码，在设置-
编辑个人资料中查看或修改：头像、昵称、年龄、性别、职业、教育背景、个人简介",用户访问_编辑_删除的方法,操作的途径
"==========
（二）删除您的个人信息
在以下情形中，您可以向我们提出删除个人信息的请求：
1、如果我们处理个人信息的行为违反法律法规",用户访问_编辑_删除的方法,用户可以进行的操作
2、如果我们收集、使用您的个人信息，却未征得您的同意,其他通用信息,
3、如果我们处理个人信息的行为违反了与您的约定,其他通用信息,
4、如果您不再使用我们的产品或服务，或您注销了账号,其他通用信息,
5、如果我们不再为您提供产品或服务,其他通用信息,
若我们决定响应您的删除请求，我们还将同时通知从我们获得您的个人信息的实体，要求其及时删除，除非法律法规另有规定，或这些实体获得您的独立授权,用户访问_编辑_删除的方法,供应商动作
当您从我们的服务中删除信息后，我们可能不会立即在备份系统中删除相应的信息，但会在备份更新时删除这些信息，且您删除信息后，我们不会再继续使用您的个人信息,用户访问_编辑_删除的方法,供应商动作
"==========
（三）个人信息主体注销账户
您随时可注销此前注册的账户，您可以通过以下方式自行操作：
打开趣头条app进入主界面后，点击“我的”-“反馈与帮助”-“意见反馈”，告知我们您的注销账户请求，我们收到您的申请后将会核实您的身份并响应您的请求，账号注销后，我们将会对您的个人信息进行删除或匿名化处理",用户访问_编辑_删除的方法,操作的途径
在注销账户之后，我们将停止为您提供产品或服务，并依据您的要求，删除您的个人信息， 法律法规另有规定的除外,用户访问_编辑_删除的方法,供应商动作
"==========
（四）撤回您授权同意的范围
每个业务功能需要一些基本的个人信息才能得以完成，如果您撤回对该种基本的个人信息的授权同意，则您无法享受相应的业务功能",用户访问_编辑_删除的方法,操作对用户造成的影响
对于扩展业务功能所收集和使用的个人信息，您可以随时给予或收回您的授权同意，您可在手机系统设置中，进入应用权限管理功能，回收已授予的权限，我们将停止收集相应的信息,用户访问_编辑_删除的方法,用户可以进行的操作
"==========
## 七、我们如何处理未成年人个人信息
我们的产品、网站和服务主要面向成人，我们不会主动收集未成年人的个人信息，如果您未满18周岁，请您在监护人陪同下仔细阅读并充分理解本隐私政策，并征得监护人的同意后使用我们的服务或向我们提供信息",面向特定人群用户条款,群体类型
我们将按照相关法律规定和与您的约定收集、处理并保护您的个人信息,面向特定人群用户条款,供应商动作
如果您或您的监护人认为我们在未经授权的情况下收集、使用了您的个人信息，请您按照本隐私政策中的联系方式联系我们，我们核实后会尽快删除相关个人信息,面向特定人群用户条款,供应商动作
如果我们发现自己在未事先获得可证实的父母同意的情况下收集了未成年人的个人信息，我们会设法尽快删除相关信息,面向特定人群用户条款,供应商动作
"对于可能涉及的不满14周岁的儿童个人信息，除按照本隐私政策中其他部分的约定处理外，我们还将采取以下措施予以保障儿童个人信息的安全：
（1）我们会严格遵循《儿童个人信息网络保护规定》等相关法律法规对保护儿童个人信息的要求收集、使用儿童个人信息",数据安全,安全措施
（2）我们会根据《儿童个人信息网络保护规定》的要求指定专门人员来负责儿童个人信息保护事宜,数据安全,安全措施
（3）当您作为监护人为被监护的儿童选择使用我们提供的服务时，我们可能需要向您收集被监护的儿童个人信息，用于向儿童提供我们的服务,数据安全,安全措施
您理解并同意，您向我们提供您所监护的儿童个人信息时，即视为您同意我们按照本隐私政策保护您所监护的儿童的个人信息,第一方收集_使用,何时采集
我们会在征得您授权同意的前提下收集儿童个人信息，并告知您收集的目的和用途,其他通用信息,
如果您不提供前述信息，您所监护的儿童将无法享受我们提供的相关服务,其他通用信息,告知方式
您作为监护人应当正确履行监护职责，保护儿童个人信息安全，引导、告知儿童在使用我们提供的服务时避免未经您的同意直接向我们提供其个人信息,其他通用信息,
（4）儿童或其监护人有权随时访问和更正儿童个人信息，还可以向我们提出更正或删除儿童个人信息的请求,用户访问_编辑_删除的方法,用户可以进行的操作
如您对儿童个人信息相关事宜有任何问题、意见、建议或投诉、举报，请随时联系我们,用户访问_编辑_删除的方法,用户可以进行的操作
"==========
## 八、隐私政策的修订与通知
为给您提供更好的服务，我们的业务将不时变化，本隐私政策也将随之调整",条款更改,更改原因
未经您明确同意，我们不会削减您依据本隐私政策所应享有的权利,条款更改,
我们会通过在我们网站、移动端上发出更新版本或以其他显著方式提醒您关注相关内容的更新，也请您访问我们的网站以便及时了解最新的隐私政策,条款更改,告知方式
在前述情况下，若您继续使用我们的服务，即表示同意接受修订后的本政策并受之约束,条款更改,用户选择
"==========
## 九、用户联系、反馈和申诉渠道
如果您对本隐私政策有任何疑问、意见或建议，通过以下方式与我们联系：
公司名称：上海基分文化传播有限公司
公司注册地址：上海市嘉定区真南路4268号2幢JT6707室
个人信息保护/信息安全部门联系方式：nis@qutoutiao.net
客服电话：0553-8820019
在线客服：我的-帮助中心（常见问题）-在线客服
本隐私政策于2019年12月26日更新发布并同时生效",其他通用信息,
