"ahmsr0xHPqmA6jMzD9pLIDWg.LOS-0605_com_jiliguala_niuwa.txt





Apkid:com.jiliguala.niuwa

==========
## 一、用户协议的接受与更新
为使用叽里呱啦的用户服务，请您务必审慎阅读、充分理解《叽里呱啦用户协议》内容，特别是免除或者限制责任的条款、法律适用和争议解决条款",其他通用信息,
免除或者限制责任的条款将以粗体下划线标识，您应重点阅读,其他通用信息,
用户的安装、使用、账号获取和/或登录“叽里呱啦”软件（以下亦称“本软件”）等行为均被视为接受本《协议》，并同意接受各项条款的约束,其他通用信息,
阅读本协议的过程中，如果您不同意本协议或其中任何条款约定，您应立即停止安装、使用、账号获取和/或登录本软件,用户访问_编辑_删除的方法,用户可以进行的操作
本《协议》可由承承网络科技（上海）有限公司（以下简称“承承公司”）随时更新，用户可随时查阅最新版协议条款,其他通用信息,
更新后的协议条款一经公布，即时代替原来的协议条款，恕不再另行通知,其他通用信息,
在承承公司修改《协议》条款后，用户继续使用“叽里呱啦”软件和服务的行为将被视为接受修改后的协议，如果用户不接受修改后的协议，请立即停止使用本软件及其服务,条款更改,用户选择
"==========
## 二、账号使用需知
2.1您确认，在您开始安装、使用、账号获取和/或登录本软件前，您应当具备中华人民共和国法律规定的与您行为相适应的民事行为能力",其他通用信息,
若您不具备前述与您行为相适应的民事行为能力，则您及您的监护人应依照法律规定承担因此而导致的一切后果,其他通用信息,
特别提醒：如果您是未成年人，请在您的监护人的同意和指导下访问和/或使用本软件,面向特定人群用户条款,群体类型
2.2“叽里呱啦”账号的所有权归承承公司，用户完成注册后获得相应的使用权,其他通用信息,
用户承担“叽里呱啦”账号与密码的保管责任，并对所注册的账号及密码下的一切活动负全部责任,其他通用信息,
2.3用户的“叽里呱啦”账号在丢失或遗忘密码后，可以通过绑定过“叽里呱啦”账号的邮箱或手机号进行登录密码重置,用户访问_编辑_删除的方法,用户可以进行的操作
承承公司只负责核对验证信息是否与账号相关信息一致，而不对信息提供者身份进行证实，不对冒名验证行为承担任何责任,条款更改,
同时，承承公司不承诺通过账号相关的个人信息进行验证一定能找回账号,其他通用信息,
2.4用户若违反用户协议或“叽里呱啦”内置社区相关规定，将被终止使用社区交流的权利,其他通用信息,
“叽里呱啦”内置社区的相关规定将在社区内以置顶公告的形式出现，并不定期更新［用户在规定更新后继续使用内置社区的行为将被视为用户完全赞同相关规定］,其他通用信息,
"2.5用户不得实施包括但不仅限于下列行为：
  1. 通过非承承公司开发、授权或认可的软件、插件、外挂等登录来使用“叽里呱啦”软件和服务
  2. 将其帐号、密码转让或出借予他人使用",其他通用信息,
3. 去除“叽里呱啦”中的版权信息,其他通用信息,
4. 对“叽里呱啦”进行反向工程、反向汇编、反向编译等,其他通用信息,
5. 使用“叽里呱啦”发表、传播、储存违反国家法律、危害国家安全、祖国统一、社会稳定、公序良俗的内容，或任何不当的、侮辱诽谤的、淫秽的、暴力的及任何违反国家法律法规政策的内容,其他通用信息,
6. 使用“叽里呱啦”批量发表、传送、传播广告信息及垃圾信息,其他通用信息,
7. 以任何不合法的方式、为任何不合法的目的、或以任何与本协议不一致的方式使用本软件和承承公司提供的其它服务,其他通用信息,
2.6用户若违反上述规定，承承公司有权在不事先通知用户的情况下终止用户账号的在线功能,其他通用信息,
2.7使用“叽里呱啦”必须遵守国家有关法律和政策并遵守本《协议》,其他通用信息,
对于用户违法或违反本《协议》的使用而引起的一切责任，由用户负全部责任，一概与承承公司及合作方无关，导致承承公司及合作方损失的，承承公司及合作方有权要求用户赔偿，并有权保留相关记录,其他通用信息,
2.8如果您在本软件上的行为违反相关的法律法规，承承公司可依法向相关主管机关报告并提交您的使用记录和其他信息,其他通用信息,
2.9用户若通过非app store，非承承公司官方网站，非承承公司授权网站而下载了“叽里呱啦”，将可能导致不可预知的风险，由此产生的一切法律责任与纠纷一概与承承公司无关,其他通用信息,
2.10用户的同一个帐号最多可以在5台设备（“设备”目前仅限于移动通讯设备（智能手机）、IOS系统的平板电脑等手持移动终端设备，下同）上登录使用,其他通用信息,
超过上述范围使用的，用户可以在自有设备中查看所有已登录的设备，并在一个自然月内有2次移除其他非个人使用设备的机会,其他通用信息,
用户有义务对自己的账号进行妥善使用，不得超出范围使用账号，否则将对因外借他人账号或与多人共享账号造成的不便承担由此造成的损失,其他通用信息,
承承公司保留采取进一步措施的权利,其他通用信息,
"==========
## 三、服务内容
3.1承承公司服务具体内容由承承公司根据实际情况提供，您可根据自己的需求选择适合的服务产品，享受相应的服务",其他通用信息,
具体规则以本软件公示的内容为准,其他通用信息,
3.2用户可以通过购买的方式获取呱豆，仅能通过享用呱豆服务进行等值消耗,其他通用信息,
叽里呱啦对于已消耗的呱豆不提供修正、退还服务,其他通用信息,
且呱豆购买成功后不可退款，呱豆不可提现、不可转移或赠送他人,其他通用信息,
3.3叽里呱啦有权单方对其提供的呱豆予以定价，并有权根据自身运营需要予以变更，叽里呱啦无需对此行为承担法律责任,其他通用信息,
3.4叽里呱啦对呱豆的获得途径、数量、使用方法、有效期限等所有问题拥有最终解释权,其他通用信息,
3.5用户应通过正确、真实的消费路径购买呱豆，不得通过非正规渠道进行技术篡改、虚假充值呱豆,其他通用信息,
如发现用户购买路径、购买记录、购买状态等与呱豆的实际金额、数量、方式、状态等不相符，叽里呱啦有权不经通知单方采取限期改正、临时封停、永久封停、注销登记、收回账号等措施，同时移除非法购买的呱豆,其他通用信息,
"3.6
3.6.1
每种服务产品均有不同的费用标准，每种费用标准包含不同的服务内容",其他通用信息,
承承公司有权对服务费用及所提供内容作出调整，并于本软件上以公示的形式生效,其他通用信息,
服务产品的费用标准及所包含的课程内容与服务项目以实际购买时本软件所示内容为准,其他通用信息,
承承公司有权不时对服务产品的服务费用提供优惠，但该优惠仅适用于本软件上公示的特定的优惠期限,其他通用信息,
对于承承公司提供的任何服务产品、价格优惠和促销活动的价格，承承公司均不确保该价格为最低价，承承公司保留在未来推出更大强度优惠的权利,其他通用信息,
"3.6.2
所购买的服务产品将于您付清全额费用后开通使用",其他通用信息,
"3.6.3
您理解，您所支付的费用仅包含所购买的服务，除此之外与服务有关的设备（如个人电脑、手机、调制解调器或其他与接入互联网或移动网有关的装置）及所需的费用（如网络信息费、电话费等）均由您自行负担",其他通用信息,
"==========
## 四、隐私保护
4.1个人隐私信息指可以用于对用户进行个人辨识或涉及个人通信的信息，包括：IP地址，电子邮件地址，以及用户在参与承承公司及合作方发起的特定活动时填写的姓名、身份证号、手机号码、联系地址",其他通用信息,
非个人隐私信息指用户在使用“叽里呱啦”时的操作状态、设备信息以及使用习惯等明确客观记录在承承公司服务器端的基本记录信息，和其他一切个人隐私信息范围外的普通信息,其他通用信息,
"==========
4.2用户若参与承承公司及合作方发起的特定活动，需要向承承公司及合作方提供特定的个人隐私信息，承承公司及合作方不得向任何其它组织、单位和个人公开、透露相关信息",其他通用信息,
"==========
4.3为了改善承承公司的技术和服务，我们将可能会收集、使用用户的非个人隐私信息，以提供更好的用户体验和服务质量",其他通用信息,
为提供、理解、维护和改善我们的服务，我们可能将您的个人信息与关联公司或向合作伙伴及第三方供应商、承包商、产品或服务销售商分享（他们可能并非位于您所在的法域）,其他通用信息,
若您不希望将信息与第三方分享，欢迎联系客服告知我们,其他通用信息,
"==========
4.4用户和宝宝信息以及宝宝学习成果会被自动上传至承承公司的服务器，在用户使用“叽里呱啦”账号时，可以通过承承公司的服务器自动备份和恢复学习成果",其他通用信息,
4.5用户宝宝学习成果在与个人隐私信息解除关联的前提下，可能用于个性化内容推荐的优化,其他通用信息,
4.6本协议终止后，除法律有明确规定外，承承公司无义务向您或您指定的第三方披露您账户中的任何信息,其他通用信息,
"==========
本协议终止后，承承公司享有下列权利：
（一） 停止收集和使用您的个人信息，但可继续保存您留存于本软件的其他内容和信息",其他通用信息,
（二） 对于您过往的违约行为，承承公司仍可依据本协议向您追究违约责任,其他通用信息,
"==========
## 五、用户上传至叽里呱啦的内容
5.1您可以向“叽里呱啦”软件上传或发布视频、音频、多媒体资料、图片、文字或其他任何形式的内容，但您需对此行为承担相关的法律责任",其他通用信息,
"您应保证：
  1. 您对上传或发布的内容享有合法著作权或相应授权，并且您上传或发布的行为不违反您与任何第三方所签订的对您此上传或发布行为有限制的协议规定",其他通用信息,
"2. 您不会违反法律上传或发布任何您明知会侵犯第三方肖像权、隐私权、知识产权或任何其他合法权利或利益的内容，您亦不会违反法律上传或发布您不明确享有其合法权利的内容
5.2您在“叽里呱啦”软件上传或发布内容即被视为您同意授予承承公司及承承公司的关联公司（包括但不限于Ohana Global Inc.、Ohana Hong Kong Limited及承承网络科技（上海）有限公司）对上述所有内容在全球范围内的免费的、无限期的、不可撤销的并且可转让的非独家使用权许可",其他通用信息,
承承公司有权对该内容享有存储、使用、发布、复制、修改、改编、出版、翻译、据以创作衍生作品、传播、表演和展示等权利,其他通用信息,
将内容的全部或部分编入其他任何形式的作品、媒体、技术中的权利,其他通用信息,
对您的上传、发布的内容进行商业开发的权利,其他通用信息,
通过有线或无线网络向您的计算机终端、移动通讯终端（包括但不限于便携式通讯设备如手机和智能平板电脑等）、手持数字影音播放设备、电视接收设备（模拟信号接收设备、数字信号接收设备、数字电视、IPTV、带互联网接入功能的播放设备等）等提供信息的下载、点播、数据传输、移动视频业务（包括但不限于SMS、MMS、WAP、IVR、Streaming、3G、手机视频等无线服务）、及其相关的宣传和推广等服务的权利,其他通用信息,
以及再授权给其他第三方以上述方式使用的权利,其他通用信息,
5.3您了解并同意承承公司有权随时检查您所上传或发布的内容，如果发现您上传的内容不符合前述规定，承承公司有权删除或重新编辑或修改您所上传或发布的内容，且有权在不事先通知您的情况下停用您的账号,其他通用信息,
您亦了解、同意并保证，您所上传或发布的内容符合前述规定，是您的义务，而非承承公司，承承公司无任何对您上传或发布的内容进行主动检查、编辑或修改的义务,其他通用信息,
5.4若您在本软件上的上传或发布内容的行为给第三方带来损害或损失，第三方主张赔偿或衍生的任何其他权利的，由您独立承担全部法律责任，承承公司及合作方概不承担任何责任,其他通用信息,
5.5承承公司不对用户上传或发布的内容的合法性、正当性、完整性或品质作出任何保证，用户需自行承担因使用或依赖由“叽里呱啦”软件所传送的内容或资源所产生的风险，承承公司在任何情况下对此种风险可能或实际带来的损失或损害都不负任何责任,其他通用信息,
"==========
## 六、知识产权声明
6.1承承公司依法享有“叽里呱啦”软件的一切合法权属（包括但不限于知识产权）",其他通用信息,
"一切著作权、商标权、专利权、商业秘密等知识产权，以及相关的所有信息内容，包括但不仅限于图标、图表、色彩、界面设计、版面框架、数据、电子文档等均受中华人民共和国著作权法、商标法、专利法、
反不正当竞争法和相应的国际条约以及其他知识产权法律法规的保护，承承公司及其合作方享有上述知识产权或已依法获得上述知识产权的授权、许可，但相关权利人依照法律规定应享有的权利除外",其他通用信息,
"6.2“叽里呱啦”软件及其相关各项服务所体现的
“叽里呱啦”、“叽里呱啦APP”、“承承”及其徽标(图形)和/或承承公司的产品和服务标识均属于承承公司在中国及/或其他国家/地区的商标或者注册商标",其他通用信息,
任何用户未经合法授权不得使用,其他通用信息,
6.3承承公司在涉及“叽里呱啦”软件及相关各项服务中拥有专利权、商标权、著作权及其他知识产权,其他通用信息,
承承公司并未因本协议或者因向用户提供“叽里呱啦”软件及相关各项服务而授予用户任何与“叽里呱啦”软件相关的知识产权,其他通用信息,
6.4未经承承公司或相关权利人书面同意，用户不得为任何目的自行或许可任何第三方使用、实施、利用或转让上述知识产权，承承公司保留追究上述未经许可行为的权利,其他通用信息,
6.5经由“叽里呱啦”软件传送的视频、音频、多媒体资料、图片、文字或以其他任何形式呈现的内容，受到中华人民共和国著作权法、商标法、专利法、反不正当竞争法和相应的国际条约以及其他知识产权法律法规的保护，未经承承公司书面同意，用户不得自行或许可第三方以任何形式对这些内容进行复制、发行、展览、改编、汇编、出版、传播、转载、编辑、修改、出租、出售或其他衍生创作,其他通用信息,
6.6本协议未明确授予用户的权利均由承承公司保留,其他通用信息,
"==========
## 七、法律责任与免责申明
7.1承承公司将会尽其商业上的合理努力以保护用户的设备资源及通讯的隐私性和完整性，但是，用户承认和同意承承公司不能就此事提供任何保证",其他通用信息,
7.2承承公司可以根据用户的使用状态和行为，为了改进“叽里呱啦”的功能、用户体验和服务，开发或调整软件功能,其他通用信息,
7.3承承公司为保障业务发展和调整的自主权，有权随时自行修改或中断软件服务而无需通知用户,其他通用信息,
7.4在任何情况下用户因使用或不能使用本“叽里呱啦”所产生的直接、间接、偶然、特殊及后续的损害及风险，承承公司及合作方不承担任何责任,其他通用信息,
7.5因技术故障等不可抗事件影响到服务的正常运行的，承承公司及合作方承诺在第一时间内与相关单位配合，及时处理进行修复，但用户因此而遭受的一切损失，承承公司及合作方不承担责任,其他通用信息,
7.6用户通过“叽里呱啦”与其他用户联系，因受误导或欺骗而导致或可能导致的任何心理、生理上的伤害以及经济上的损失，由过错方依法承担所有责任，一概与承承公司及合作方无关,其他通用信息,
7.7对于承承公司向您免费提供或赠送的任何产品或者服务，承承公司及合作方不承担任何责任,其他通用信息,
7.8承承公司拒绝提供任何类型的担保，不论是明确的或隐含的，但是不对商业性的隐含担保、特定目的和不违反规定的适当担保作限制,其他通用信息,
承承公司不担保服务一定能够满足您的要求，也不担保服务不会因各种客观原因中断，对服务的及时性、安全性、出错发生均不作担保，由您自己承担系统受损或资料丢失的风险和责任,其他通用信息,
7.9您理解并同意，因承承公司过错导致您不能享受相应服务，承承公司承担相应责任的最高限为您实际支付的全部费用,其他通用信息,
"==========
## 八、法律与管辖
8.1本协议的订立、执行、解释和争议的解决均适用现行中华人民共和国法律法规",其他通用信息,
如发生本协议部分条款与中华人民共和国法律法规相抵触时，则这些条款将完全按法律法规的规定重新解释,其他通用信息,
如本协议任一条款被裁定为废止、无效或不可执行，该条应视为可分的且并不影响本协议其余条款的有效性及可执行性,其他通用信息,
8.2您因使用本软件服务所产生及与本软件服务有关的争议，由承承公司与您协商解决,其他通用信息,
协商不成时，任何一方均可向承承公司所在地人民法院提起诉讼,其他通用信息,
"==========
公司：承承网络科技（上海）有限公司 沪ICP备15043268号-1  
联系地址：上海市浦东新区金港路199弄2号 201206",其他通用信息,
