"adKIHZNV5d5X7oxCfTbaygTACOQq-0616_com_cyqxx_puzzle_idiom_cn.txt





Apkid:com.cyqxx.puzzle.idiom.cn
==========
**隐私政策**
更新日期：2020 年 9月 29 日
      北京创优亿动科技有限公司（以下简称“我们”）作为成语黄金屋软件（以下简称“本产品”、“本软件”）的运营者，我们熟知，保护您的隐私是我们的首要任务，同时我们致力于负责任地管理，使用和保护您的个人信息",其他通用信息,
我们将按照法律法规的规定，保护您的个人信息及隐私安全,其他通用信息,
我们制定本“隐私政策”并特别提示：希望您在使用成语黄金屋及相关服务前仔细阅读并理解本隐私政策，以便做出适当的选择,其他通用信息,
本《隐私政策》（以下简称“本政策“）规范了我们如何收集，使用，存储和共享您的信息，以便获取和使用我们的服务,其他通用信息,
使用或访问我们的应用程序或我们的服务，即表示您同意我们按照本《隐私政策》收集、使用、储存和共享您的信息,其他通用信息,
"==========
**一、我们如何收集和使用您的信息   **
我们会按照如下方式收集您在使用服务时主动提供的，以及通过自动化手段收集您在使用功能或接受服务过程中产生的信息：  
1. 注册、登录   
为了帮助您注册成语黄金屋账号，以便于您正常使用成语黄金屋功能，我们需要收集您的如下信息：
您可以通过第三方账号登录进入成语黄金屋，我们将获取您在第三方平台注册的个人信息（头像、昵称、性别等），这个信息仅用于登录本软件，不用于定向推送等其他目的",第一方收集_使用,采集的目的
目前支持的第三方登录账号为：微信,其他通用信息,
"2. 改善产品、保障软件及相关服务的正常运行  
我们为改善产品、提供服务和保障产品正常运行，同时为防止机器人恶意盗刷金币的安全防范原因，所必须收集的基本信息有：您设备的硬件型号、操作系统版本号、国际移动设备识别码（IMEI）、网络设备硬件地址（MAC）、IP地址、软件版本号、网络接入方式及类型、操作日志、设备状态、信息存储",第一方收集_使用,采集的个人信息类型
上述信息将存储于中华人民共和国境内,数据安全,跨境传输
单独的设备信息无法识别特定自然人身份，且该等信息我们均进行了去标识化、匿名化处理,第一方收集_使用,对数据的使用
若您拒绝提供这些信息，本产品可能只能为您提供有限的服务，但不影响您使用本产品的其他功能,第一方收集_使用,用户选择所造成的影响
"3. 第三方授权合作伙伴提供服务所需的权限       
我们可能会与第三方授权合作伙伴如数据分析服务提供商等进行合作，基于这些合作伙伴提供服务时所需收集信息的权限，在下方“三、我们可能分享、转让和披露的信息”这一章节中，对相对应可能获取的权限和收集的信息做出了明确的说明，请您仔细阅读并知晓",其他通用信息,
"==========
**二、我们如何存储、保护信息   **
（一）信息存储的地点、时间  
我们仅在本《隐私政策》所述目的所必需期间和法律法规要求的时限内保留您的信息",数据安全,数据存储期限
我们在中华人民共和国境内运营中收集和产生的信息，存储在中国境内,数据安全,跨境传输
除法律法规另有规定或执法机关有特殊要求，我们会在法律规定范围内的最短期限及达成本隐私政策所述目的所需的期限内保留您的个人信息，超出上述期限后，我们将删除您的个人信息或对您的个人信息进行匿名化处理,数据安全,数据存储期限
"==========
（二）信息的保护方式  
1.我们会使用加密技术、匿名化处理等合理可行的手段保护存储的信息，使用安全保护机制防止存储信息遭到恶意攻击",数据安全,安全措施
并建立专门的安全部门、安全管理制度、数据安全流程保障存储的信息,数据安全,安全措施
2.尽管已经采取了上述合理有效措施，并已经遵守了相关法律规定要求的标准，但请您理解，由于技术的限制以及可能存在的各种恶意手段，也不可能始终保证信息百分之百的安全，我们将尽力确保您提供给我们的个人信息的安全性,数据安全,安全措施
本软件非常重视保护您信息安全,数据安全,安全措施
我们不会收集个人识别信息，我们会采用旨在保护您的非个人识别信息在未经授权的情况下访问和使用的行政、物理、技术手段,数据安全,安全措施
请注意，我们保证提供信息安全防护措施，但是无法绝对保证您的非个人识别信息可以避免在未授权的情况下被访问和使用,数据安全,安全措施
3.请您注意：您一旦离开本软件后，浏览或使用其他网站、服务及内容资源，我们将没有能力和直接义务保护您在本软件及相关服务之外的软件、网站提交的任何个人信息，无论您登录、浏览或使用上述软件、网站是否基于“本软件”的链接或引导,数据安全,安全措施
"==========
**三、我们可能分享、转让和披露的信息   **
1. 分享信息的条件  
我们不会与其他任何公司、组织及个人共享您的个人信息，但以下情况除外：  
1.1 事先获得您明确的同意或授权",与第三方共享_转让_公开,何时与第三方共享
1.2 根据适用的法律法规、法律程序的要求、强制性的行政或司法要求所必须的情况下共享,与第三方共享_转让_公开,何时与第三方共享
1.3与授权合作伙伴分享：仅为实现本政策中声明的目的，我们的某些服务将由我们和授权合作伙伴共同提供,与第三方共享_转让_公开,何时与第三方共享
我们可能会与合作伙伴共享您的某些信息，以提供更好的客户服务和用户体验,与第三方共享_转让_公开,与第三方共享的目的
我们仅会出于合法、正当、必要、特定、明确的目的共享您的个人信息，并且只会共享提供服务所必须的个人信息,与第三方共享_转让_公开,对于第三方的约束
我们的合作伙伴无权将共享的个人信息用于与产品或服务无关的其他用途,与第三方共享_转让_公开,对于第三方的约束
"==========
2. 与授权合作伙伴分享信息  
2.1 基于第三方的提现信息分享
提现功能由与我们合作的第三方支付机构向您提供服务",与第三方共享_转让_公开,与第三方共享的目的
第三方支付机构可能需要收集您的姓名、银行卡类型及卡号、有效期及手机号码,与第三方共享_转让_公开,与第三方共享的个人信息类型
银行卡号、有效期及手机号码是个人敏感信息，这些信息是支付功能所必需的信息，拒绝提供将导致您无法使用提现功能，但不影响本产品其他功能的正常使用,与第三方共享_转让_公开,与第三方共享的个人信息类型
"2.2 基于第三方广告投放目的的信息共享  
(1)我们会与第三方广告合作伙伴合作，为您提供个性化、精准化的广告服务",与第三方共享_转让_公开,第三方对数据的使用
我们的合作伙伴包括但不限于广点通、穿山甲，百度等,与第三方共享_转让_公开,第三方相关实体
我们的合作伙伴可能会收集硬件和软件信息，例如IP地址、设备ID和类型、广告ID（例如Android系统的AAID和Apple的IDFA，这两者都是随机生成的数字，您可以通过进入设备的设置重置）、设备语言、操作系统、时区以及与Cookie或其他可能唯一标识您设备的技术相关联的标识符,与第三方共享_转让_公开,第三方相关实体
本软件不对这部分信息负责,其他通用信息,
(2)我们不会共享用于识别您个人身份的信息（姓名、身份证号），仅会向这些合作伙伴提供不能识别您个人身份的去标签化或匿名化后的信息，用于提升广告有效触达率，及帮助我们分析、衡量广告和相关服务的有效性,与第三方共享_转让_公开,对于第三方的约束
"==========
2.3 基于第三方分析服务合作伙伴的信息共享  
我们会与第三方分析服务公司合作，以帮助我们为您提供更好的服务",与第三方共享_转让_公开,与第三方共享的目的
"第三方分析服务公司包括
友盟，腾讯Bugly等，可能会收集唯一设备识别码（如IMEI/android ID/IDFA/OPENUDID/GUID、SIM 卡 IMSI
信息），IP地址、设备型号，操作系统等信息，以便进行诸如用户新增等数据统计，用户使用应用程序的频率，使用应用程序过程中触发的事件，提供基础的反作弊功能，剔除作弊设备，校正用户的地域分布数据，使报表数据更加准确，分析应用在不同设备的崩溃数据以判断应用稳定性等",与第三方共享_转让_公开,第三方相关实体
我们收集此类分析信息，并将其与从其他用户收集的分析信息结合使用，此类信息不能用于识别任何特定的个人用户,与第三方共享_转让_公开,对于第三方的约束
"2.4第三方网站和服务
(1)我们可能在程序内会提供一些指向第三方网站（如百度）的链接，为我们用户服务",与第三方共享_转让_公开,第三方相关实体
本网站还可能带有其他公司的广告,其他通用信息,
当您单击应用程序、服务中的第三方链接时，您可能会离开应用程序、服务,与第三方共享_转让_公开,用户选择所造成的影响
我们不会收集您的信息，并且本《隐私政策》不会解决，也不为第三方网站的隐私政策负责，无论这些网站是否与本软件相关联,与第三方共享_转让_公开,第三方相关实体
（2）我们可能在程序内直接向用户提供第三方信息服务（例如百度内容服务等），我们会根据第三方的要求，向其提供用户的设备信息（例如设备品牌，系统版本，设备尺寸，IMEI等），以便第三方更好地为用户提供服务，第三方将依据其隐私政策收集和使用这些信息,与第三方共享_转让_公开,与第三方共享的目的
"==========
2.5 常见第三方 SDK 隐私政策链接
成语黄金屋的部分功能，如广告、提现等，由我们合作的第三方提供，在您使用《成语黄金屋》过程中，这些第三方会依据其自有的隐私政策收集、处理相关信息，以正常提供广告、提现等服务",其他通用信息,
您可以点击如下第三方的隐私政策链接，了解第三方收集、处理信息的具体规则,用户访问_编辑_删除的方法,用户可以进行的操作
"腾讯系列产品SDK（包括微信 SDK、腾讯 Bugly SDK、广点通 SDK等）
详见： https://privacy.qq.com/
友盟 SDK
详见：[https://www.umeng.com/page/policy](https://www.umeng.com/page/policy)
百度系列产品SDK
详见：[https://www.baidu.com/duty/yinsiquan-policy.html](https://www.baidu.com/duty/yinsiquan-policy.html)
穿山甲广告SDK
详见：[http://partner.toutiao.com/privacy](http://partner.toutiao.com/privacy)
==========
**四、我们产品所需的重要权限**
下面是本应用程序请求的所有重要权限，这些权限是本应用执行某些功能必须的，在使用前会明确征得您的同意",其他通用信息,
本应用程序中集成的第三方服务和应用会依据其自有的隐私政策请求，使用相关权限，以正常提供支付、广告、提现等服务,第一方收集_使用,第三方何时采集
"1. 读取、修改存储设备的内容
成语黄金屋使用此权限把运行程序的资源存储在设备上，并在需要时读取来保障程序的正常运行",第一方收集_使用,何时采集
我们承诺，我们不会保存、上传任何的文件内容,其他通用信息,
我们承诺，我们不会向任何人或第三方利益信息披露您的隐私,其他通用信息,
"2. 地理位置信息
成语黄金屋使用该权限提供更优质的服务，这有助于改善用户体验",第一方收集_使用,何时采集
我们不会出于任何恶意目的获取、保存用户的位置信息,其他通用信息,
我们绝不会上传任何用户的位置信息,其他通用信息,
"3. 读取手机状态信息
成语黄金屋收集您的手机状态信息用于，确保账户信息与手机信息的准确性，预防恶意刷金币行为",第一方收集_使用,何时采集
"4. 读取手机日志信息
成语黄金屋收集您的日志信息用于分析产品表现",第一方收集_使用,何时采集
此分析数据仅用于改善产品优化，为用户提供更好的服务,第一方收集_使用,对数据的使用
"5. 读取、修改手机日历信息
在成语黄金屋产品中，您的账号在非活跃时段也可能获得金币等收益",第一方收集_使用,何时采集
我们使用该权限添加日历提醒功能，以提醒您及时上线获取收益，避免损失,用户访问_编辑_删除的方法,供应商动作
我们不会出于任何恶意目的获取、保存用户的日历信息,用户访问_编辑_删除的方法,供应商动作
我们绝不会上传任何用户的日历信息,用户访问_编辑_删除的方法,供应商动作
"==========
**五、您的权利** ** ** **   **
1. 登出
您可以通过程序中设置页面的退出登录按钮，来登出您的微信账户并停止使用我们的产品",用户访问_编辑_删除的方法,用户可以进行的操作
"2. 注销账户和删除您的个人信息
在违反成语黄金屋的用户服务协议约定条款及国家相关法律法规规定的情况下，您的账号可能被注销或删除",用户访问_编辑_删除的方法,用户可以进行的操作
当账户被注销或删除后，与该账号相关的、该单项服务项下的全部服务资料和数据将依照单项服务的服务协议约定删除或处理，请您给予充分的理解,用户访问_编辑_删除的方法,用户可以进行的操作
"如用户需要注销账户，可以通过邮箱（
[chengyuhuangjinwu@outlook.com](mailto:chengyuhuangjinwu@outlook.com)
）向我们发送请求",用户访问_编辑_删除的方法,用户可以进行的操作
我们会在接到用户的请求后注销用户账户并停止相关服务,用户访问_编辑_删除的方法,供应商动作
在本隐私政策中说明的个人信息，除明确说明外，在收集时，均已通过脱敏处理，属于匿名信息，不和特定自然人发生关联,其他通用信息,
第三方依据其隐私政策收集个人信息并根据需要进行脱敏处理，不受本隐私政策的约束,其他通用信息,
"在以下情形中，您可以通过邮件向我们提出删除个人信息的请求:
1、如果我们处理个人信息的行为违反法律法规;
2、如果我们收集、使用您的个人信息，却未征得您的同意;
3、如果我们处理个人信息的行为违反了与您的约定;
4、如果您不再使用我们的产品或服务，或您注销了账号;
5、如果我们不再为您提供产品或服务",用户访问_编辑_删除的方法,用户可以进行的操作
若我们决定响应您的删除请求，我们还将同时通知从我们获得您的个人信息的实体，要求其及时删除，除非法律法规另有规定，或这些实体获得您的独立授权,用户访问_编辑_删除的方法,供应商动作
当您从我们的服务中删除信息后，我们可能不会立即备份系统中删除相应的信息，但会在备份更新时删除这些信息,用户访问_编辑_删除的方法,供应商动作
"==========
3. 改变您授权同意的范围
每个业务功能需要一些基本的个人信息才能得以完成",用户访问_编辑_删除的方法,用户可以进行的操作
对于额外收集的个人信息的收集和使用，您可以随时给予或收回您的授权同意,用户访问_编辑_删除的方法,用户可以进行的操作
您可以通过您设备自身操作系统中的设置菜单，查看并随时关闭您给予本产品的授权,用户访问_编辑_删除的方法,用户可以进行的操作
但请您注意，在撤回某些授权后，可能会影响您使用本产品的体验，导致本产品只能提供部分服务，如果您希望使用本软件的全部服务，请您保持授权的状态,用户访问_编辑_删除的方法,操作对用户造成的影响
"您可以通过以下方式自行操作：
通过邮件方式向我们发送请求",用户访问_编辑_删除的方法,用户可以进行的操作
当您收回同意后，我们将不再处理相应的个人信息,用户访问_编辑_删除的方法,供应商动作
但您收回同意的决定，不会影响此前基于您的授权而开展的个人信息处理,用户访问_编辑_删除的方法,操作对用户造成的影响
"==========
**六、与您共享信息的用户   **
我们无法控制与您共享信息的其他用户的操作",其他通用信息,
我们不能也绝不会控制您使用应用程序，服务、网站（包括通过论坛）来与其他用户共享信息，或者其他用户将如何使用或共享此信息,其他通用信息,
对于第三方通过规避我们的安全措施所造成的信息泄露，本软件不会对此负责任,其他通用信息,
"==========
**七、依法豁免征得同意收集和使用的个人信息   **
请您理解，在下列情形中，根据法律法规及相关国家标准，我们收集和使用您的个人信息无需征得您的授权同意：  
1.与国家安全、国防安全直接相关的",其他通用信息,
2.与公共安全、公共卫生、重大公共利益直接相关的,其他通用信息,
3.与犯罪侦查、起诉、审判和判决执行等直接相关的,其他通用信息,
4.出于维护个人信息主体或其他个人的生命、财产等重大合法权益但又很难得到本人同意的,其他通用信息,
5.所收集的您的个人信息是您自行向社会公众公开的,其他通用信息,
6.从合法公开披露的信息中收集的您的个人信息的，如合法的新闻报道、政府信息公开等渠道,其他通用信息,
7.根据您的要求签订或履行合同所必需的,其他通用信息,
8.为合法的新闻报道所必需的,其他通用信息,
9.学术研究机构基于公共利益开展统计或学术研究所必要，且对外提供学术研究或描述的结果时，对结果中所包含的个人信息进行去标识化处理的,其他通用信息,
10.法律法规规定的其他情形,其他通用信息,
"==========
**八、年龄限制   **
1.本软件服务主要面向成人",面向特定人群用户条款,群体类型
我们的产品、网站和服务主要面向成人,面向特定人群用户条款,群体类型
若您是 18周岁以下的未成年人，在使用我们的产品和/或服务前，您应在监护人的陪同下阅读本指引，并应确保已征得您的监护人同意后使用我们的服务并向我们提供您的信息,面向特定人群用户条款,群体类型
我们会根据国家相关法律法规的规定着重保护未成年人的个人信息,面向特定人群用户条款,供应商动作
2. 如您未满14岁，请不要尝试使用我们的产品或向我们发送任何有关您自己的信息,面向特定人群用户条款,群体类型
使用我们的应用程序或服务，需要保证您至少14岁，并且我们建议14岁或以上的未成年人在向互联网上的任何人发送任何有关自己的信息之前，要获得父母的许可,面向特定人群用户条款,群体类型
3.如您的监护人不同意您按照本指引使用我们的服务或向我们提供信息，请您立即终止使用我们的服务并及时通知我们,面向特定人群用户条款,群体类型
4.对于经父母或法定监护人同意而收集未成年人个人信息的情况，我们只会在受到法律允许、父母或监护人明确同意或者保护未成年人所必要的情况下使用或公开披露此信息,面向特定人群用户条款,供应商动作
5.若您是未成年人的监护人，当您对您所监护的未成年人使用我们的服务或其向我们提供的用户信息有任何疑问时，请您及时与我们联系,面向特定人群用户条款,供应商动作
我们将根据国家相关法律法规及本指引的规定保护未成年人用户信息的保密性及安全性,面向特定人群用户条款,供应商动作
如果我们发现自己在未事先获得可证实的父母或法定监护人同意的情况下收集了未成年人的个人信息，则会设法尽快删除相关数据,面向特定人群用户条款,供应商动作
"==========
**九、敏感信息   **
我们要求您不要向我们发送任何敏感的个人信息（例如民族、政治观点、宗教信仰、健康、性取向、犯罪背景等）",其他通用信息,
"==========
**十、隐私政策的修改   **
我们可能根据国家法律法规要求及经营发展需要不定时修改本隐私协议，如果我们决定更改隐私政策，我们将根据具体情况为您提供更新通知",条款更改,更改原因
如您确认接收变更后的内容，则可继续正常使用本软件提供的服务,条款更改,用户选择
若您不同意变更后的隐私协议，请您不要点击确认或继续使用本软件及服务,条款更改,用户选择
若您在新的隐私政策发布更改后继续使用本软件服务将意味着您接受这些更改,条款更改,用户选择
"==========
**十一、联系我们 /报告违规行为  **
如果您对本政策或我们的隐私政策有任何问题或意见",用户访问_编辑_删除的方法,用户可以进行的操作
或者您想举报违反隐私政策或滥用应用程序、服务或网站的行为，请联系我们,用户访问_编辑_删除的方法,用户可以进行的操作
"我们的联系邮箱是：
[chengyuhuangjinwu@outlook.com](mailto:%E5%A6%82%E6%9E%9C%E6%82%A8%E5%AF%B9%E6%9C%AC%E6%94%BF%E7%AD%96%E6%88%96%E6%88%91%E4%BB%AC%E7%9A%84%E9%9A%90%E7%A7%81%E6%94%BF%E7%AD%96%E6%9C%89%E4%BB%BB%E4%BD%95%E9%97%AE%E9%A2%98%E6%88%96%E6%84%8F%E8%A7%81%E3%80%82%E6%88%96%E8%80%85%E6%82%A8%E6%83%B3%E4%B8%BE%E6%8A%A5%E8%BF%9D%E5%8F%8D%E9%9A%90%E7%A7%81%E6%94%BF%E7%AD%96%E6%88%96%E6%BB%A5%E7%94%A8%E5%BA%94%E7%94%A8%E7%A8%8B%E5%BA%8F%E3%80%81%E6%9C%8D%E5%8A%A1%E6%88%96%E7%BD%91%E7%AB%99%E7%9A%84%E8%A1%8C%E4%B8%BA%EF%BC%8C%E8%AF%B7%E8%81%94%E7%B3%BB%E6%88%91%E4%BB%AC%E3%80%82%E6%88%91%E4%BB%AC%E7%9A%84%E8%81%94%E7%B3%BB%E9%82%AE%E7%AE%B1%E6%98%AF%EF%BC%9Asupport_dograise@126.com%E3%80%82)",其他通用信息,
对于您所有的联系和请求，我们一般会在15个工作日内作出答复,用户访问_编辑_删除的方法,供应商动作
