"a8aZgtjoqPFYstlHNtFTmlj0kduK-0618_com_hhdd_kada.txt





Apkid:com.hhdd.kada
==========
## KaDa故事隐私政策
最近更新时间：2020年9月15日
杭州红花朵朵网络技术有限公司（以下简称「KaDa故事」或「我们」）是KaDa故事平台的运营者，本《隐私政策》（以下简称「本政策」）阐述了KaDa故事将如何处理您的个人信息和隐私信息，并申明了KaDa故事对保护隐私的承诺，KaDa故事未来有可能根据信息处理情境不时更新或修改本政策",其他通用信息,
请您在使用我们的产品或服务、提交个人信息之前，仔细阅读并同意本政策,其他通用信息,
"==========
一、定义
“个人信息”是指以电子或者其他方式记录的能够单独或者与其他信息结合识别自然人个人身份的各种信息，包括但不限于自然人的姓名、出生日期、身份证件号码、个人生物识别信息、住址、电话号码等",其他通用信息,
“个人敏感信息”包括身份证件号码、个人生物识别信息、银行帐号、财产信息、行踪轨迹、交易信息、14岁以下（含）儿童的个人信息等,其他通用信息,
“第三方”指并非因为共同所有权或控制权而存在相关关系的公司或人（即非关联公司）或者其他非相关的个人,其他通用信息,
"==========
二、我们如何收集和使用您的个人信息
下文列举说明了我们可能收集的个人信息以及我们如何使用此类信息：
（一）我们收集的个人信息
1.您直接提供的个人信息
我们为您提供的服务会要求您直接向我们提供信息，例如：
? 注册信息",第一方收集_使用,何时采集
"当您在我方平台创建帐号时，
您需要向我们提供以下信息：宝贝昵称、宝贝头像、宝贝性别、宝贝出生日期和手机号码，并创建用户名和密码",第一方收集_使用,何时采集
我们收集这些信息是用以完成注册程序、为您持续稳定提供服务，并保护您的帐号安全,第一方收集_使用,采集的目的
在您注册的同时，我们会使用手机号码对您进行实名验证，如您拒绝提供手机号码或进行实名验证，您仍可浏览部分KaDa故事平台内的内容，但将无法使用绘本配音、修改昵称、更换头像等信息发布服务,第一方收集_使用,用户选择所造成的影响
您可以在注册时或后续使用过程中填写或补充您的宝贝昵称、宝贝性别、宝贝出生日期、宝贝头像等信息，如您未填写或后续删除、变更此类信息的，可能会影响（包括无法获取到）我们为您提供的更加个性化的服务（例如：绘本故事、音频故事、课程推荐），但不会影响注册及阅读绘本、播放音频、课程学习功能的正常使用,用户访问_编辑_删除的方法,用户可以进行的操作
当您在未登录状态下时，将显示为「游客」,第一方收集_使用,用户选择所造成的影响
为了更好地为您提供便捷流畅的服务体验，「游客」同样可以进行阅读绘本、播放音频等基础行为,其他通用信息,
为了方便您查阅这些过往信息，我们需要获取您的设备号(IMEI码)、广告标识符（IDFA）以便记录存档,第一方收集_使用,采集的目的
?真实身份信息,第一方收集_使用,采集的个人信息类型
当您使用KaDa故事提供的身份认证服务时，我们会收集您的姓名、身份证号、职业、有关身份证明等信息,第一方收集_使用,何时采集
如果您不提供这些信息，我们将无法提供相关服务,第一方收集_使用,用户选择所造成的影响
?联系方式信息,第一方收集_使用,采集的个人信息类型
当您向KaDa故事进行帐号申诉或参与营销活动时，为了方便与您联系或帮助您解决问题，我们会收集并记录您的姓名、手机号码、电子邮件及其他联系方式等个人信息,第一方收集_使用,何时采集
如您拒绝提供上述信息，我们可能无法向您及时反馈投诉结果或向您邮寄礼品（如有）,第一方收集_使用,用户选择所造成的影响
"==========
2.您使用我方平台服务时所存储的信息
根据国家相关法律要求，我们会收集您在使用我们服务时提供的内容信息（包括不限于评论等内容信息）和行为信息（包括不限于播放记录、浏览记录、收藏记录、下载记录、观看时长、播放设备、用户行为日志等），以便帮助您快速访问自己喜欢的内容，提升用户体验",第一方收集_使用,
"==========
3.服务使用信息
除了您提供的信息以外，我们还可能通过您设备中的软件以及其他方式来收集您使用我们的服务的相关信息",第一方收集_使用,采集的渠道
"例如，我们可能收集：
?设备信息",第一方收集_使用,采集的个人信息类型
我方会根据您在软件安装及使用中授予的具体权限，接收并记录您的浏览器和计算机上、移动设备盒等设备上相关信息，包括设备基本信息（如设备型号、操作系统版本、设备设置、唯一设备标识符等软硬件特征信息等）等,第一方收集_使用,采集的个人信息类型
?关键词信息,第一方收集_使用,采集的个人信息类型
当您使用KaDa故事提供的搜索服务时，我们会收集您的查询关键字信息、设备信息等，为了提供高效的搜索服务，这些信息有部分会暂时存储在您的本地存储设备之中,第一方收集_使用,何时采集
该等关键词信息通常无法单独识别您的个人身份，不属于您的个人信息，不在本政策的限制范围内,其他通用信息,
只有当您的搜索关键词信息与您的其他信息互有联系并可以识别您的个人身份时，则在结合使用期间，我们会将您的搜索关键词信息作为您的个人信息，与您的搜索历史记录一同按照本政策对其进行处理与保护,第一方收集_使用,对数据的使用
?位置信息,第一方收集_使用,采集的个人信息类型
当您开启设备定位功能并使用我们基于位置提供的相关服务时，我们会收集有关您位置的信息,第一方收集_使用,何时采集
该信息属于敏感信息，拒绝提供该信息仅会使您无法使用与位置信息相关的功能，但不影响您正常使用KaDa故事的其他功能,第一方收集_使用,用户选择所造成的影响
?订单信息,第一方收集_使用,采集的个人信息类型
您向我们订购产品或使用收费服务时，我们会收集您在使用我们服务过程中产生的订单信息（包括支付帐号、收货地址以及生成和履行订单所需的其他必要信息）和消费记录的，以便我们处理您的订单,第一方收集_使用,何时采集
?客服信息,第一方收集_使用,采集的个人信息类型
当您与我们联系时，我们可能会保存您的通信/通话记录和内容或您留下的联系方式等信息，以便与您联系或帮助您解决问题，或记录相关问题的处理方案及结果,第一方收集_使用,何时采集
"==========
4.第三方信息
在法律允许的情况下，我们可能从公共或商用来源获取有关您的数据，并可能将其与收到的或与您有关的其他信息组合",与第三方共享_转让_公开,与第三方共享的方式
如果您选择通过第三方帐号（如苹果、华为、小米、微信）登录使用我们的服务，此时您可选择授权KaDa故事在符合相关法律和法规规定的前提下读取您在该第三方平台上登记、公布、记录的公开信息（包括但不限于昵称、头像、关注用户列表等）,用户访问_编辑_删除的方法,用户可以进行的操作
对于我们要求但第三方无法提供的个人信息，我们仍可以要求您补充提供,其他通用信息,
KaDa故事从第三方获取您的上述信息的目的是为了记住您作为KaDa故事用户的登录身份，并向您提供个性化推荐，以便于KaDa故事向您提供更优质的产品服务,与第三方共享_转让_公开,与第三方共享的目的
您可以在使用第三方帐号登录KaDa故事时选择授权KaDa故事可获取的个人信息的范围,与第三方共享_转让_公开,与第三方共享的方式
"==========
（二）我们如何使用您的个人信息
?KaDa故事将严格遵守本隐私政策及其更新所载明的内容来使用您的个人信息",第一方收集_使用,对数据的使用
您的个人信息将仅用于收集时即已确定并且经过您同意的目的，如有除此之外的任何其他用途，我们都会提前征得您的同意,第一方收集_使用,对数据的使用
? 我们收集的个人信息将被用于向您提供及改进KaDa故事的产品和服务，为您提供个性化服务，帮助我们设计新服务，提升现有服务体验,第一方收集_使用,对数据的使用
? 在我们提供服务时，用于身份验证、客户服务、安全防范、诈骗监测、存档和备份用途，确保我们向您提供的产品和服务的安全性,第一方收集_使用,对数据的使用
? 开展内部审计、数据分析和研究，以更好地改善我们的产品、服务及与用户之间的沟通,第一方收集_使用,对数据的使用
? 我们收集的个人信息将被用于与您进行交流，例如，在KaDa故事产品或服务更新、发布的第一时间向您发出通知,第一方收集_使用,对数据的使用
?我们可能使用您的个人信息，通过我们的消息推送或其他方式向您提供或推广我们或第三方的商品和服务,第一方收集_使用,对数据的使用
如您不希望我们通过推送向您发送上述商品或服务的相关信息，您可以通过「系统设置」进行设置，要求停止接收来自KaDa故事的推送消息,用户访问_编辑_删除的方法,用户可以进行的操作
"==========
三、我们会如何使用 Cookie 和同类技术
（一）Cookie
您使用我们的服务时，我们会在您的计算机或移动设备上存储名为 Cookie 的小数据文件",其他通用信息,
"Cookie
通常包含标识符、站点名称以及一些号码和字符",其他通用信息,
我们使用该等信息判断注册用户是否已经登录，提升服务/产品质量及优化用户体验,第一方收集_使用,使用的目的
如您不希望个人信息保存在Cookie 中，您可对浏览器进行配置，选择禁用 Cookie 功能,用户访问_编辑_删除的方法,用户可以进行的操作
禁用 Cookie功能后，可能影响您访问KaDa故事或不能充分取得KaDa故事提供的服务,第一方收集_使用,用户选择所造成的影响
KaDa故事不会将 Cookie 用于本政策所述目的之外的任何用途,第一方收集_使用,对数据的使用
您可根据自己的偏好管理或删除Cookie,用户访问_编辑_删除的方法,用户可以进行的操作
您可以清除计算机上保存的所有Cookie，大部分网络浏览器都设有阻止 Cookie 的功能,用户访问_编辑_删除的方法,用户可以进行的操作
"（二）网站信标和像素标签
除 Cookie外，我们还会在网站上使用网站信标和像素标签等其他同类技术",其他通用信息,
例如，我们向您发送的电子邮件可能含有链接至我们网站内容的地址链接，如果您点击该链接，我们则会跟踪此次点击，帮助我们了解您的产品或服务偏好以便于我们主动改善客户服务体验,第一方收集_使用,是否有交互
网站信标通常是一种嵌入到网站或电子邮件中的透明图像,其他通用信息,
借助于电子邮件中的像素标签，我们能够获知电子邮件是否被打开,第一方收集_使用,采集的渠道
如果您不希望自己的活动以这种方式被追踪，则可以随时从我们的寄信名单中退订,用户访问_编辑_删除的方法,用户可以进行的操作
"（三）Do Not Track（请勿追踪）
很多网络浏览器均设有Do Not Track功能，该功能可向网站发布 Do Not Track请求",其他通用信息,
目前，主要互联网标准组织尚未设立相关政策来规定网站应如何应对此类请求,其他通用信息,
但如果您的浏览器启用了 Do Not Track，那么我们的所有网站都会尊重您的选择,其他通用信息,
"==========
四、我们会如何共享、转让、披露您的个人信息
（一）共享和披露
KaDa故事不会在未经您同意或授权的情况下将您的个人信息提供给第三方",与第三方共享_转让_公开,对于第三方的约束
但是，经您确认同意，KaDa故事可在以下情况下共享您的个人信息,与第三方共享_转让_公开,何时与第三方共享
"?
在获得您的明确同意或授权或您主动选择的的情况下共享",与第三方共享_转让_公开,何时与第三方共享
获得您的授权或明确同意后，我们会与其他公司、组织和个人分享您的个人信息,与第三方共享_转让_公开,何时与第三方共享
例如，如果我们委托第三方向您提供产品或服务（如寄送订购产品），我们会在征得您同意后将上述信息共享给第三方，如果您拒绝提供此类信息，我们将无法完成相关交付服务,与第三方共享_转让_公开,何时与第三方共享
获得您明确同意或基于您的主动选择，我们可能会公开披露您的个人信息,与第三方共享_转让_公开,何时与第三方共享
"?
与KaDa故事关联公司间共享",与第三方共享_转让_公开,第三方相关实体
为便于我们基于关联帐号共同向您提供服务，推荐您可能感兴趣的信息或保护我方关联公司或其他用户或公众的人身财产安全免遭侵害，您的个人信息可能会与我们的关联公司共享,与第三方共享_转让_公开,与第三方共享的目的
我们只会共享必要的个人信息（如为便于您使用我方帐号登录并使用我们关联公司产品或服务，我们会向关联公司共享您必要的个人信息），且受本隐私权政策中所声明目的的约束,与第三方共享_转让_公开,与第三方共享的个人信息类型
如果我们共享您的个人敏感信息或关联公司改变个人信息的使用及处理目的，将再次征求您的授权同意,与第三方共享_转让_公开,是否有交互
"?
共享给授权合作伙伴",与第三方共享_转让_公开,第三方相关实体
KaDa故事可能会与合作伙伴共享您的某些个人信息，以提供更好的客户服务和用户体验,与第三方共享_转让_公开,与第三方共享的目的
例如，我们聘请提供第三方数据统计和分析服务的公司可能需要采集和访问个人数据以进行数据统计和分析,与第三方共享_转让_公开,与第三方共享的目的
例如，KaDa故事的内容授权方可能需要访问和了解个人数据以掌握其内容作品的阅读、订购情况等,与第三方共享_转让_公开,与第三方共享的目的
在这种情况下，这些公司必须遵守我们的数据隐私和安全要求,与第三方共享_转让_公开,对于第三方的约束
此外，除非得到您的许可，否则我们不会将您的个人身份信息（指可以识别您身份的信息，例如姓名或电子邮箱，通过这些信息可以联系到您或识别您的身份）与上述合作伙伴共享,与第三方共享_转让_公开,对于第三方的约束
同时，我们会与其签署严格的保密协定，要求他们按照我们的说明、本政策以及其他任何相关的保密和安全措施来处理个人信息,与第三方共享_转让_公开,对于第三方的约束
? 共享给华为教育中心,与第三方共享_转让_公开,第三方相关实体
在您使用华为手机并从华为教育中心跳转过来使用的情况下，KaDa故事会与华为教育中心共享您的某些使用数据和订购数据，以提供更好的客户服务和用户体验,与第三方共享_转让_公开,与第三方共享的目的
例如，我们需要将您的阅读情况信息，包括阅读进度（阅读时长、完成百分比）共享给华为，在征得您的同意后，将阅读情况信息同步给华为教育中心展示,与第三方共享_转让_公开,与第三方共享的目的
为了防止出现重复购买内容和展示您已购买的内容，在征得您的同意后，我们会将您的订购关系共享给华为,与第三方共享_转让_公开,与第三方共享的目的
非华为用户数据不会共享给华为教育中心,与第三方共享_转让_公开,与第三方共享的个人信息类型
"==========
? 共享给第三方SDK",与第三方共享_转让_公开,第三方相关实体
为了使您能够接收信息推送、在第三方平台分享信息等必要的功能用途，我们的应用中会嵌入授权合作伙伴的SDK或其他类似的应用程序,与第三方共享_转让_公开,何时与第三方共享
1、 当您使用向微信、QQ平台分享信息功能时，微信SDK、QQ SDK会收集您的设备识别号、联网相关信息,与第三方共享_转让_公开,与第三方共享的个人信息类型
2、 当您使用支付功能时，支付宝SDK、微信SDK会收集您的设备机型、联网相关信息，以根据您的指令为您提供支付服务,与第三方共享_转让_公开,与第三方共享的个人信息类型
3、 当您使用绘本、视频播放功能时，ExoPlayer、阿里云播放SDK会收集您的设备机型、联网相关信息，用于提供阅读、学习服务,与第三方共享_转让_公开,与第三方共享的个人信息类型
4、 当您使用知识世界、勋章殿堂、KaDa币乐园功能时，Cocos2D SDK会收集您的设备机型、联网相关信息，用于播放动画效果，奖励阅读和学习,与第三方共享_转让_公开,与第三方共享的个人信息类型
"5、 当您使用华为/OPPO/VIVO手机时，华为/OPPO/VIVO Push
SDK需要读取您的设备识别号、联网相关信息，用于推送/下发通知栏消息",与第三方共享_转让_公开,与第三方共享的个人信息类型
当您使用其它非iOS手机时，个推SDK需要读取您的设备识别号、联网相关信息，用于推送/下发通知栏消息，帮助您获取最新的内容、活动上架及优惠等信息,与第三方共享_转让_公开,与第三方共享的个人信息类型
6、当您使用电信运营商提供的本机号码一键登录服务，电信运营商会依据您使用该服务时确认的服务协议收集您的个人信息（网络身份标识，包括注册手机号码、注册邮箱、密保邮箱、本机号码,与第三方共享_转让_公开,与第三方共享的个人信息类型
用户服务使用数据，包括手机设备识别码、国际移动设备识别码、国际移动用户识别码、媒体访问控制地址（MAC）、设备型号、设备制造商、网络类型和wifi强弱情况、应用程序数据、手机操作系统、屏幕尺寸、屏幕分辨率、IP地址），用于提供登录服务,与第三方共享_转让_公开,与第三方共享的个人信息类型
7、 当您使用APP发生崩溃时，Bugly会收集您的机型信息，包括设备型号、设备制造商、网络类型、手机操作系统，用于帮助定位问题和解决崩溃问题,与第三方共享_转让_公开,与第三方共享的个人信息类型
8、 当您使用APP时，友盟+SDK、TalkingData SDK需要收集您的设备Mac地址、唯一设备识别码（IMEI/android ID/IDFA/OPENUDID/GUID、SIM 卡 IMSI信息）以及APP内的访问和点击路径数据以提供统计分析服务，并通过地理位置校准报表数据准确性，提供基础反作弊能力,与第三方共享_转让_公开,与第三方共享的个人信息类型
9、 当您使用APP时，数盟会收集您的设备信息，以根据您的操作指令，判断是否为真实用户，防止舞弊，同时也为您提供帐号安全防护,与第三方共享_转让_公开,与第三方共享的个人信息类型
10、 当您使用联系客服功能时，网易七鱼会收集您的网络状态信息，以根据您的指令实现在线客服功能,与第三方共享_转让_公开,与第三方共享的个人信息类型
我们会对授权合作伙伴获取有关信息的应用程序接口（API）、软件工具开发包（SDK）进行严格的安全检测，并与授权合作伙伴约定严格的数据保护措施，令其按照我们的委托目的、服务说明、本隐私权政策以及其他任何相关的保密和安全措施来处理个人信息,与第三方共享_转让_公开,对于第三方的约束
? 在法定情形下的共享和披露,与第三方共享_转让_公开,何时与第三方共享
我们可能会根据法律法规规定、诉讼争议解决需要，或按行政、司法机关依法提出的要求，对外共享您的个人信息,与第三方共享_转让_公开,何时与第三方共享
"==========
（二）转让
我们不会将您的个人信息转让给任何公司、组织和个人，但以下情况除外：
? 在获取明确同意的情况下转让：获得您的明确同意后，我们会向其他方转让您的个人信息",与第三方共享_转让_公开,何时与第三方共享
"?
在KaDa故事平台提供者发生合并、收购或破产清算情形时，如涉及到个人信息转让，我们会要求新的持有您个人信息的公司、组织继续受此隐私政策的约束，否则我们将要求该公司、组织或者个人重新向您征求授权同意",与第三方共享_转让_公开,何时与第三方共享
"==========
（三）共享、转让、披露个人信息时事先征得授权同意的例外
以下情形中，共享、转让、披露您的个人信息无需征得您的授权同意：
? 涉及国家安全、国防安全、公共安全、重大社会公共利益的",其他通用信息,
? 与犯罪侦查、起诉、审判和判决执行有关的活动,其他通用信息,
? 出于维护您或他人的生命、财产安全等重大合法权益但在特殊情况下无法获得您的及时授权,其他通用信息,
? 您自行向社会公众公开的个人信息,其他通用信息,
? 从合法公开披露的信息中收集个人信息，如合法的新闻报道、政府信息公开等渠道,其他通用信息,
根据法律规定，共享、转让经去标识化处理的个人信息，且确保数据接收方无法复原并重新识别个人信息主体的，不属于个人信息的对外共享、转让及公开披露行为，对此类数据的保存及处理将无需另行向您通知并征得您的同意,其他通用信息,
"==========
五、我们如何保护您的个人信息
?KaDa故事重视个人信息的安全",数据安全,安全措施
我们采取互联网业内标准做法来保护您的个人信息，防止信息遭到未经授权访问、披露、使用、修改、损坏或丢失,数据安全,安全措施
我们会采取一切合理可行的措施，保护您的个人信息,数据安全,安全措施
?我们会采取一切合理可行的措施，确保未收集与KaDa故事提供的服务无关的个人信息,数据安全,安全措施
我们会尽全力保护您的个人信息，但请您理解，由于技术的限制以及可能存在的各种恶意手段，在互联网行业，不可能始终保证信息百分之百的安全,数据安全,安全措施
您需要了解，您接入我们的服务所用的系统和通讯网络，有可能因我们可控范围外的因素而出现问题,数据安全,安全措施
?在发生个人信息安全事件的场合，我们将按照法律法规的要求，及时向您告知：安全事件的基本情况和可能的影响、我们已采取或将要采取的处置措施、您可自主防范和降低风险的建议、对您的补救措施等,数据安全,发生安全事故的处理方式
我们将及时将事件相关情况以邮件、信函、电话、推送通知等方式告知您，难以逐一告知个人信息主体时，我们会采取合理、有效的方式发布公告,数据安全,发生安全事故的处理方式
? 同时，我们还将按照监管部门要求，主动上报个人信息安全事件的处置情况,数据安全,发生安全事故的处理方式
?我们在中华人民共和国境内收集和产生的个人信息将存储在中华人民共和国境内,数据安全,跨境传输
如果日后为处理跨境业务，需要向境外机构传输境内收集的相关个人信息的，我们会事先征得您的同意，按照法律、行政法规和相关监管部门的规定执行，并通过签订协议、核查等有效措施，要求境外机构为所获得的个人信息保密,数据安全,跨境传输
?我们仅会在达到本政策所述目的所必需的时限内保存您的个人信息，但为了遵守适用的法律法规、法院判决或裁定、其他有权机关的要求、维护公共利益等目的，我们可能会将个人信息保存时间予以适当延长,数据安全,数据存储期限
"==========
六、您的权利
我们按《中华人民共和国网络安全法》的要求，通过提供便捷的方法，让您可以访问、更正及删除自己的帐号信息或使用我们的服务时您提供的其他个人信息",用户访问_编辑_删除的方法,用户可以进行的操作
您可以通过如下方式访问及管理您的个人信息,用户访问_编辑_删除的方法,用户可以进行的操作
(一) 访问您的个人信息,用户访问_编辑_删除的方法,用户可以进行的操作
您有权访问您的个人信息，法律法规规定的例外情况除外,用户访问_编辑_删除的方法,用户可以进行的操作
如果您想行使数据访问权，可以在KaDa故事客户端登录您的帐户，进行查看等操作,用户访问_编辑_删除的方法,操作的途径
(二) 更正您的个人信息,用户访问_编辑_删除的方法,用户可以进行的操作
当您发现我们处理的关于您的个人信息有错误时，您有权要求直接或申请我们做出更正,用户访问_编辑_删除的方法,用户可以进行的操作
"针对您提供的姓名、出生日期、性别、头像信息，您可以通过「个人中心」页面自行更正，其他无法自行修改的信息，可通过【个人中心-
设置-产品反馈】页面，按照KaDa故事的相关政策及提示，申请对您的个人信息进行更正",用户访问_编辑_删除的方法,操作的数据类型
在申请KaDa故事更正您的个人信息时，我们可能会要求您先验证自己的身份，然后再处理您的请求,用户访问_编辑_删除的方法,供应商动作
(三) 删除您的个人信息,用户访问_编辑_删除的方法,用户可以进行的操作
"在以下情形中，您可以向我们提出删除个人信息的请求：
1、如果我们处理个人信息的行为违反法律法规",用户访问_编辑_删除的方法,用户可以进行的操作
2、如果我们收集、使用您的个人信息，却未征得您的同意,其他通用信息,
3、如果我们处理个人信息的行为违反了与您的约定,其他通用信息,
4、如果您不再使用我们的产品或服务，或您注销了帐号,其他通用信息,
5、如果我们不再为您提供产品或服务,其他通用信息,
您可以通过「个人中心 \- 设置 \- 产品反馈」页面，按照KaDa故事的相关政策及提示，申请对您的个人信息进行删除,用户访问_编辑_删除的方法,操作的途径
当您从我们的服务中删除信息后，我们可能不会立即从备份系统中删除相应的信息，但会在备份更新时删除这些信息,用户访问_编辑_删除的方法,供应商动作
"==========
(四) 撤回同意或改变您授权同意的范围
每个业务功能需要一些基本的个人信息才能得以完成",用户访问_编辑_删除的方法,用户可以进行的操作
对于额外收集的个人信息的收集和使用，您可以与我方平台客服联系以便给予或收回您的授权同意,用户访问_编辑_删除的方法,用户可以进行的操作
"如您想更改相关权限的授权（例如：相机、相册、存储等），您可以通过您的硬件设备修改个人设置进行操作处理（例如：“相机”权限设置，在设备系统中找到设置-
应用管理-KaDa故事-权限-相机）",用户访问_编辑_删除的方法,操作的途径
您也可以通过注销KaDa帐号的方式，永久撤回我们继续收集您个人信息的全部授权,用户访问_编辑_删除的方法,操作的途径
如您在此过程中遇到操作问题的，可以通过本《KaDa故事隐私政策》文末提供的方式联系我们,用户访问_编辑_删除的方法,操作的途径
当您取消相关个人信息收集的授权后，我们将不再收集该信息，也无法再为您提供上述与之对应的服务,用户访问_编辑_删除的方法,供应商动作
但您知悉并同意，除非您行使前述“删除权”，否则您的该行为不会影响我们基于您之前的授权进行的个人信息的处理、存储,用户访问_编辑_删除的方法,操作对用户造成的影响
"==========
(五) 个人信息主体注销帐号
若您希望注销帐号，不论您是游客身份使用还是已注册帐号，您都可通过「设置-
注销帐号」联系我方平台客服，客服在核实用户身份并清理帐号资产（例如积分、红包、优惠券等）并确认无纠纷争议后，协助您完成帐号注销",用户访问_编辑_删除的方法,操作的途径
在注销帐号之后，我们将停止为您提供产品或服务，并依据您的要求，删除您的个人数据，法律法规另有规定的除外,用户访问_编辑_删除的方法,供应商动作
请注意，为防止您的用户帐号被他人恶意删除，下列信息将不会在注销帐号后立即删除，以实现帐号找回功能，包括：设备信息（含IMEI号）、注册记录（含IMEI号、注册IP地址）、登录记录、资料修改记录等,用户访问_编辑_删除的方法,操作的数据类型
如您在注销帐号之后不希望保留以上信息，您可以通过以上与注销帐号相同的方式提出这一要求,用户访问_编辑_删除的方法,用户可以进行的操作
"==========
(六) 个人信息主体获取个人信息副本
在法律法规允许的范围内，您有权获取您的个人信息副本，您可以通过以下方式自行操作：联系在线客服获取个人信息副本",用户访问_编辑_删除的方法,用户可以进行的操作
在技术可行、成本合理的的前提下，我们还可按您的要求，直接将您的个人信息副本传输给您指定的第三方,用户访问_编辑_删除的方法,供应商动作
"==========
(七) 约束信息系统自动决策
在某些业务功能中，我们可能仅依据信息系统、算法等在内的非人工自动决策机制做出决定",用户访问_编辑_删除的方法,用户可以进行的操作
如果这些决定显著影响您的合法权益，您有权要求我们做出解释，我们也将提供适当的救济方式,用户访问_编辑_删除的方法,供应商动作
"==========
(八) 响应您的上述请求
您可以通过本政策第十一条提供的联系方式提出上述请求",用户访问_编辑_删除的方法,用户可以进行的操作
为保障安全，您可能需要提供书面请求，或以其他方式证明您的身份,用户访问_编辑_删除的方法,用户可以进行的操作
我们可能会先要求您验证自己的身份，然后再处理您的请求,用户访问_编辑_删除的方法,供应商动作
对于您合理的请求，我们原则上不收取费用，但对多次重复、超出合理限度的请求，我们将视情收取一定成本费用,用户访问_编辑_删除的方法,供应商动作
对于那些无端重复、需要过多技术手段（例如，需要开发新系统或从根本上改变现行惯例）、给他人合法权益带来风险或者非常不切实际的请求，我们可能会予以拒绝,用户访问_编辑_删除的方法,供应商动作
此外，如果您的请求直接涉及国家安全、国防安全、公共卫生、犯罪侦查等和公共利益直接相关的事由，或者可能导致您或者其他个人、组织的合法权益受到严重损害，我们可能无法响应您的请求,其他通用信息,
"==========
七、我们如何处理儿童的个人信息
我们的产品、网站和服务主要面向父母和儿童",面向特定人群用户条款,群体类型
但如果没有父母或者监护人的同意，儿童不得创建自己的用户帐号,面向特定人群用户条款,群体类型
对于经父母同意而收集儿童个人信息的情况，我们只会在受到法律允许、父母或监护人明确同意或者保护儿童所必要的情况下使用或公开披露此信息,面向特定人群用户条款,供应商动作
尽管当地法律和习俗对儿童的定义不同，但是我们将不满14周岁的任何人均视为儿童,面向特定人群用户条款,群体类型
如果我们发现在未事先获得可证实的父母同意的情况下收集了儿童的个人信息，则会设法删除相关数据,面向特定人群用户条款,供应商动作
"==========
八、我们的第三方提供商及其服务
为确保流畅的浏览体验，您可能会收到来自KaDa故事及第三方提供的内容或网络链接",其他通用信息,
我们对此类第三方无控制权,第三方搜集_使用,对于第三方的约束
您可选择是否访问第三方提供的链接、内容、产品和服务,用户访问_编辑_删除的方法,用户可以进行的操作
我们无法控制第三方的隐私和数据保护政策，此类第三方不受到本政策的约束,第三方搜集_使用,对于第三方的约束
在向第三方提交个人信息之前，请参见这些第三方的隐私保护政策,其他通用信息,
"==========
九、您的个人信息如何在全球范围转移
我们在中华人民共和国境内运营中收集和产生的个人信息，存储在中国境内，以下情形除外：
1、法律法规有明确规定",数据安全,跨境传输
2、获得您的明确授权,数据安全,跨境传输
针对以上情形，我们会确保依据本隐私权政策对您的个人信息提供足够的保护,数据安全,跨境传输
"==========
十、本政策如何更新及适用范围
KaDa故事有权修改隐私政策并在修订生效前通过我方平台公告或以其他适当方式通知您",条款更改,
在该等情况下，若您继续使用我们的服务，即表示同意受经修订的我方隐私政策的约束,条款更改,用户选择
未经您明确同意，我们不会削减您按照本隐私政策所应享有的权利,其他通用信息,
我们会在本页面上发布对本政策所做的任何变更,条款更改,告知方式
对于重大变更，我们还会提供更为显著的通知（包括我们会通过我方平台公示的方式进行通知甚至向您提供弹窗提示）,条款更改,告知方式
1、我们的服务模式发生重大变化,其他通用信息,
如处理个人信息的目的、处理的个人信息类型、个人信息的使用方式等,其他通用信息,
2、我们在控制权等方面发生重大变化,其他通用信息,
如并购重组等引起的所有者变更等,其他通用信息,
3、个人信息共享、转让或公开披露的主要对象发生变化,其他通用信息,
4、您参与个人信息处理方面的权利及其行使方式发生重大变化,其他通用信息,
5、我们负责处理个人信息安全的责任部门、联络方式及投诉渠道发生变化时,其他通用信息,
6、个人信息安全影响评估报告表明存在高风险时,其他通用信息,
"==========
十一、如何联系我们
当您对本政策有任何疑问，可以发送邮件到[service@hhdd.com](javascript:;)或添加微信号kadastory咨询，我们将及时解决您的问题",其他通用信息,
"我们设立了个人信息保护专职部门（或个人信息保护专员），您可以通过以下方式与其联系：【[limao@hhdd.com](javascript:;)】
一般情况下，我们将在十五个工作日内回复您的问题",其他通用信息,
"如果您对我们的回复不满意，特别是您认为我们的个人信息处理行为损害了您的合法权益，您还可以通过向 **KaDa故事住所地有管辖权的法院**
（即杭州市西湖区人民法院）提起诉讼来寻求解决方案",其他通用信息,
[《KaDa故事用户协议》](../userprotocol/normal.html),其他通用信息,
,,
,,
,,
