"a614.jp3db7dbt51xnX65audH3rC-0619_com_huatu_handheld_huatu.txt





Apkid:com.huatu.handheld_huatu

==========
隐私权政策
【华图在线】（以下简称“我们”）深知个人信息对您的重要性，并会尽全力保护您的个人信息安全可靠",其他通用信息,
我们致力于维持您对我们的信任，恪守以下原则，保护您的个人信息：权责一致原则、目的明确原则、选择同意原则、最少够用原则、确保安全原则、主体参与原则、公开透明原则等,其他通用信息,
同时，我们承诺，我们将按业界成熟的安全标准，采取相应的安全保护措施来保护您的个人信息,其他通用信息,
请在使用我们的产品（或服务）前，仔细阅读并了解本《隐私权政策》,其他通用信息,
"==========
**一、华图在线服务条款的确认和接纳**  
华图在线的各项网络服务的所有权、运作权、解释权归华图在线",其他通用信息,
华图在线提供的服务将完全按照其发布的章程、服务条款和操作规则严格执行,其他通用信息,
您必须完全同意所有服务条款并完成注册（报名）程序,其他通用信息,
我们有权在必要时修改服务条款，华图在线服务条款一旦发生变动，将会在重要页面上提示修改内容,条款更改,告知方式
如果学员继续享用网络服务，则视为接受服务条款的变动,条款更改,用户选择
"==========
**二、服务简介**  
基于华图在线所提供的网络服务的重要性，学员应同意：  
(1)提供详尽、准确的个人资料",第一方收集_使用,采集的个人信息类型
"(2)不断更新注册（报名）资料,符合及时、详尽、准确的要求",第一方收集_使用,采集的个人信息类型
"华图在线不公开学员的姓名、地址、电子邮箱和笔名， 除以下情况外：  
(1)学员授权华图在线透露这些信息",与第三方共享_转让_公开,何时与第三方共享
(2)相应的法律及程序要求华图在线提供学员的个人资料,与第三方共享_转让_公开,何时与第三方共享
如果学员提供的资料包含有不正确的信息，华图在线保留结束学员使用网络服务资格的权利,第一方收集_使用,用户选择所造成的影响
"==========
**三、学员管理**  
严禁发表、散布、传播任何反动、色情及违反国家安全、扰乱社会秩序等有害信息，学员需对自己在网上的行为承担法律责任",其他通用信息,
学员若在华图在线上散布和传播反动、色情或其他违反国家法律的信息，华图在线的系统记录将作为学员违反法律的证据,其他通用信息,
学员付费经华图在线确认后，开通相应的服务权限（服务权限是指学员享受所购买服务的资格）,其他通用信息,
具体服务内容开通的时间和进度以网站的最新公告或课件更新记录为准,其他通用信息,
学员或华图在线可随时根据实际情况中断一项或多项网络服务,其他通用信息,
华图在线不需对任何个人或第三方负责而随时中断服务,其他通用信息,
"学员对后来的条款修改有异议，或对华图在线的服务不满，可以行使如下权利：  
(1)停止使用华图在线的网络服务",其他通用信息,
(2)通告华图在线停止对该学员的服务,其他通用信息,
结束学员服务后，学员使用网络服务的权利马上中止,其他通用信息,
"==========
**四、学员的账号，密码和安全性**  
学员一旦注册（报名）成功，成为华图在线的合法学员，将得到一个密码和学员代码",数据安全,安全措施
学员将对学员代码和密码安全负全部责任,数据安全,安全措施
另外，每个学员都要对以其学员代码进行的所有活动和事件负全责,数据安全,安全措施
"==========
**由于某些服务将由授权合作伙伴提供或为了提供更好的客户服务和用户体验，学员理解并同意：华图在线可以将学员提交的个人信息，包括但不限于注册信息、在本服务中的相关操作及其他个人信息（包括不限于姓名、身份证件号码、通信通讯联系方式、住址等）向提供相关服务的第三方提供",与第三方共享_转让_公开,何时与第三方共享
在这种情况下，第三方必须遵守我们的数据隐私和安全要求,与第三方共享_转让_公开,对于第三方的约束
我们仅会出于合法、正当、必要、特定、明确的目的共享您的个人信息，并且只会共享提供服务所必要的个人信息,与第三方共享_转让_公开,对于第三方的约束
"**  
**我们会与第三方签署严格的保密协定，要求他们按照我们的说明、本隐私政策以及其他任何相关的保密和安全措施来处理个人信息",与第三方共享_转让_公开,对于第三方的约束
"**  
A. 安卓版  
（ a ） 友盟 ，由友盟同欣（北京）科技有限公司、北京锐讯灵通科技有限公司开发，用于用户行为数据统计，可能会调取用户的唯一设备识别码、 IP 地址、SDK/API/JS代码版本、浏览器、互联网服务提供商、平台、时间戳、应用标识符、应用程序版本、应用分发渠道、独立设备标识符、设备型号、传感器参数、终端制造厂商、终端设备操作系统版本、会话启动/ 停止时间、语言所在地、时区和网络状态（ WiFi 等）、硬盘、 CPU 和电池使用情况  
（ b ） 神策数据 ，由神策网络科技（北京）有限公司，用于用户行为数据统计，可能会调取用户的唯一设备识别码、 IP 地址、 SDK/API/JS代码版本、浏览器、互联网服务提供商、平台、时间戳、应用标识符、应用程序版本、应用分发渠道、独立设备标识符、设备型号、传感器参数、终端制造厂商、终端设备操作系统版本、会话启动/ 停止时间、语言所在地、时区和网络状态（ WiFi 等）、硬盘、 CPU 和电池使用情况  
（ c ）百度统计，由北京百度网讯科技有限公司开发，用于用户行为数据统计，可能会调取用户的唯一设备识别码、日志信息、位置信息、应用程序列表信息、SDK/API/JS代码版本、浏览器类型、互联网服务提供商、IP地址、时间戳、应用标识符、应用程序版本、应用分发渠道、设备显示屏高度/宽度、屏幕分辨率、终端制造厂商、时区和网络状态（WiFi等）电信运营商  
（ d ）极光推送 ，由深圳市和讯华谷信息技术有限公司开发，用于消息推送，可能会调取用户的个人常用设备信息、位置信息、网络信息  
（ e ） 讯飞 ，由科大讯飞股份有限公司开发，用于语音识别，可能会调取用户的唯一设备识别码、麦克风、存储、用户音频  
（ f ）小能，由北京能通天下网络技术有限公司开发，用于智能客服服务，可能会调取用户的网络权限、获取网络状态权限、获取 wifi 状态权限、获取设备imei 等相关信息的权限、获取使用设备振动的权限、保持 App 可以在后台运行，不受电源控制的权限、允许 SDK改变一个组件或其他的启用或禁用、允许程序修改全局音频设置、相机权限、允许录音的权限  
（ g ）百家云，由百家视联科技有限公司开发，用于提供视频直播服务，可能会调取用户的唯一设备识别码、SDK/API/JS代码版本、浏览器类型、互联网服务提供商、IP地址、时间戳、设备显示屏高度/宽度、屏幕分辨率、时区和网络状态（WiFi等）  
（ h ） 微信支付，由深圳市腾讯计算机系统有限公司开发，用于用户购买服务及课程，深圳市腾讯计算机系统有限公司承诺不获取用户隐私信息  
（ i ） 支付宝支付，由支付宝（中国）网络技术有限公司开发，用于用户购买服务及课程，支付宝（中国）网络技术有限公司承诺不获取用户隐私信息  
（ j ）高德定位，由高德软件有限公司开发，用于获取位置信息，可能会调取用户的定位、存储（写入离线定位数据）  
（ k ）智齿客服，由北京智齿博创科技有限公司开发，用于提供在线客服服务，可能会调取用户的网络权限、获取网络状态权限、获取 wifi 状态权限、获取设备imei 等相关信息的权限、获取使用设备振动的权限、保持 App 可以在后台运行，不受电源控制的权限、允许 SDK改变一个组件或其他的启用或禁用、允许程序修改全局音频设置、相机权限、允许录音的权限  
（ l）腾讯浏览服务，由腾讯科技(深圳)有限公司开发，用于优化用户浏览体验，腾讯科技(深圳)有限公司不允许任何人在未经用户同意的情况利用腾讯公司提供的服务以任何手段收集、编辑、出售或者无偿传播开发者和平台用户的隐私信息  
B. IOS版  
（ a ） 友盟 ，由友盟同欣（北京）科技有限公司、北京锐讯灵通科技有限公司开发，用于用户行为数据统计，可能会调取用户的唯一设备识别码、 IP 地址、SDK/API/JS代码版本、浏览器、互联网服务提供商、平台、时间戳、应用标识符、应用程序版本、应用分发渠道、独立设备标识符、设备型号、传感器参数、终端制造厂商、终端设备操作系统版本、会话启动/ 停止时间、语言所在地、时区和网络状态（ WiFi 等）、硬盘、 CPU 和电池使用情况  
（ b ） 神策数据 ，由神策网络科技（北京）有限公司，用于用户行为数据统计，可能会调取用户的唯一设备识别码、 IP 地址、 SDK/API/JS代码版本、浏览器、互联网服务提供商、平台、时间戳、应用标识符、应用程序版本、应用分发渠道、独立设备标识符、设备型号、传感器参数、终端制造厂商、终端设备操作系统版本、会话启动/ 停止时间、语言所在地、时区和网络状态（ WiFi 等）、硬盘、 CPU 和电池使用情况  
（ c ）百度统计，由北京百度网讯科技有限公司开发，用于用户行为数据统计，可能会调取用户的唯一设备识别码、日志信息、位置信息、应用程序列表信息、SDK/API/JS代码版本、浏览器类型、互联网服务提供商、IP地址、时间戳、应用标识符、应用程序版本、应用分发渠道、设备显示屏高度/宽度、屏幕分辨率、终端制造厂商、时区和网络状态（WiFi等）电信运营商  
（ d ）极光推送 ，由深圳市和讯华谷信息技术有限公司开发，用于消息推送，可能会调取用户的个人常用设备信息、位置信息、网络信息  
（ e ） 讯飞 ，由科大讯飞股份有限公司开发，用于语音识别，可能会调取用户的唯一设备识别码、麦克风、存储、用户音频  
（ f ）小能，由北京能通天下网络技术有限公司开发，用于智能客服服务，可能会调取用户的网络权限、获取网络状态权限、获取 wifi 状态权限、获取设备  
==========
**五、对学员信息的存储和限制**  
华图在线不对学员所发布信息的删除或储存失败负责",与第三方共享_转让_公开,第三方相关实体
华图在线有判定学员的行为是否符合华图在线服务条款的要求和精神的保留权利，如果学员违背了服务条款的规定，华图在线有中断对其提供网络服务的权利,用户访问_编辑_删除的方法,供应商动作
"==========
**六、我们如何保护您的个人信息**  
（一）我们已使用符合业界标准的安全防护措施保护您提供的个人信息，防止数据遭到未经授权访问、公开披露、使用、修改、损坏或丢失",数据安全,安全措施
我们会采取一切合理可行的措施，保护您的个人信息,数据安全,安全措施
例如，在您的浏览器与“服务”之间交换数据（如信用卡信息）时受SSL 加密保护,数据安全,安全措施
我们同时对我们网站提供 https安全浏览方式,数据安全,安全措施
我们会使用加密技术确保数据的保密性,数据安全,安全措施
我们会使用受信赖的保护机制防止数据遭到恶意攻击,数据安全,安全措施
我们会部署访问控制机制，确保只有授权人员才可访问个人信息,数据安全,安全措施
以及我们会举办安全和隐私保护培训课程，加强员工对于保护个人信息重要性的认识,数据安全,安全措施
（二）我们会采取一切合理可行的措施，确保未收集无关的个人信息,数据安全,安全措施
我们只会在达成本政策所述目的所需的期限内保留您的个人信息，除非需要延长保留期或受到法律的允许,数据安全,安全措施
（三）互联网并非绝对安全的环境，而且电子邮件、即时通讯、及与其他我们用户的交流方式并未加密，我们强烈建议您不要通过此类方式发送个人信息,数据安全,安全措施
请使用复杂密码，协助我们保证您的账号安全,数据安全,安全措施
（四）互联网环境并非百分之百安全，我们将尽力确保或担保您发送给我们的任何信息的安全性,数据安全,安全措施
如果我们的物理、技术、或管理防护设施遭到破坏，导致信息被非授权访问、公开披露、篡改、或毁坏，导致您的合法权益受损，我们将承担相应的法律责任,数据安全,安全措施
（五）在不幸发生个人信息安全事件后，我们将按照法律法规的要求，及时向您告知：安全事件的基本情况和可能的影响、我们已采取或将要采取的处置措施、您可自主防范和降低风险的建议、对您的补救措施等,数据安全,发生安全事故的处理方式
我们将及时将事件相关情况以邮件、信函、电话、推送通知等方式告知您，难以逐一告知个人信息主体时，我们会采取合理、有效的方式发布公告,数据安全,发生安全事故的处理方式
同时，我们还将按照监管部门要求，主动上报个人信息安全事件的处置情况,数据安全,发生安全事故的处理方式
"==========
**七、我们如何收集和使用您的个人信息**  
个人信息是指以电子或者其他方式记录的能够单独或者与其他信息结合识别特定自然人身份或者反映特定自然人活动情况的各种信息",其他通用信息,
"我们仅会出于本政策所述的以下目的，收集和使用您的个人信息：  
（一）为您提供网上购物服务  
1、业务功能一：注册成为用户",第一方收集_使用,采集的目的
为完成创建账号，您需提供以下信息：创建人手机号和密码,第一方收集_使用,采集的目的
在注册过程中，如果您提供以下额外信息，将有助于我们给您提供更好的服务和体验：报考地区、考试类型等,第一方收集_使用,采集的目的
但如果您不提供这些信息，将不会影响使用本服务的基本功能,第一方收集_使用,用户选择所造成的影响
您提供的上述信息，将在您使用本服务期间持续授权我们使用,第一方收集_使用,用户选择所造成的影响
在您注销账号时，我们将停止使用并删除上述信息,第一方收集_使用,对数据的使用
上述信息将存储于中华人民共和国境内,数据安全,跨境传输
如需跨境传输，我们将会单独征得您的授权同意,数据安全,跨境传输
2、业务功能二：购买课程,第一方收集_使用,采集的目的
在购买过程中，需要填写收货地址等信息，会将课程中的图书实体资料邮寄到用户提供的邮寄地址,第一方收集_使用,对数据的使用
"==========
（二）开展内部数据分析和研究，第三方SDK统计服务，改善我们的产品或服务",第一方收集_使用,对数据的使用
我们收集数据是根据您与我们的互动和您所做出的选择，包括您的隐私设置以及您使用的产品和功能,第一方收集_使用,采集的个人信息类型
我们收集的数据可能包括SDK/API/JS代码版本、浏览器、互联网服务提供商、IP地址、平台、时间戳、应用标识符、应用程序版本、应用分发渠道、独立设备标识符、iOS广告标识符（IDFA)、安卓广告主标识符、网卡（MAC）地址、国际移动设备识别码（IMEI）、设备型号、终端制造厂商、终端设备操作系统版本、会话启动/停止时间、语言所在地、时区和网络状态（WiFi等）、硬盘、CPU和电池使用情况等,第一方收集_使用,采集的个人信息类型
"==========
**八、网络服务内容的所有权**  
华图在线定义的网络服务内容包括：文字、软件、声音、图片、录像、图表、邮件及广告中的全部内容，华图在线拥有以上内容的完全版权，严禁任何个人或单位在未经华图在线许可的情况下对这些内容进行翻版、复制、转载、篡改等一切用于商业活动的行为",其他通用信息,
华图在线的学员/会员账号只为本网校的个人注册用户本人所专有，严禁一个账号多人使用，如若发现上述情况，华图在线将有权停止其账号使用，并没收其非法所得，并根据情节的严重程度对其实行相应罚款或述诸法律,其他通用信息,
"==========
**九、免责条款**  
**当本网站以链接形式推荐其他网站内容时，由于本站并不控制相关网站和资源，因此访问者需理解并同意，本站并不对这些网站或资源的可用性负责，且不保证从这些网站获取的任何内容、产品、服务或其他材料的真实性、合法性，对于任何因使用或信赖从此类网站或资源上获取的内容、产品、服务或其他材料而造成（或声称造成）的任何直接或间接损失，本站均不承担任何责任",其他通用信息,
"**  
**由于用户将个人密码告知他人或与他人共享注册帐户，由此导致的任何个人资料泄露，本网站不负任何责任",其他通用信息,
"**  
**任何由于黑客攻击、计算机病毒侵入或发作、因政府管制而造成的暂时性关闭等影响网络正常经营的不可抗力而造成的个人资料泄露、丢失、被盗用、被窜改或不能正常看课等，本网站均得免责",其他通用信息,
"**  
**本网站如因系统维护或升级而需暂停服务时，将事先公告",其他通用信息,
若因线路及非本公司控制范围外的硬件故障或其它不可抗力而导致暂停服务，于暂停服务期间造成的一切不便与损失，本网站不负任何责任,其他通用信息,
"**  
**学员通过华图在线发布的任何信息，及通过华图在线传递的任何观点不代表华图在线之立场，华图在线亦不对其完整性、真实性、准确性或可靠性负责",其他通用信息,
学员对于可能会在华图在线上接触到的非法的、非道德的、错误的或存在其他失宜之处的信息，及被错误归类或是带有欺骗性的发布内容，应自行做出判断,其他通用信息,
在任何情况下，因前述非正当信息而导致的任何损失或伤害，应由相关行为主体承担全部责任,其他通用信息,
"**  
**本网站使用者因为违反本声明的规定而触犯中华人民共和国法律的，一切后果自己负责，本网站不承担任何责任",其他通用信息,
"**  
**本站对于那些无端重复、需要过多技术手段（例如，需要开发新系统或从根本上改变现行惯例）、给他人合法权益带来风险或者非常不切实际（例如，涉及备份磁带上存放的信息）的请求，我们可能会予以拒绝",其他通用信息,
"**  
**在以下情形中，按照法律法规要求，我们将无法响应您的请求：  
1、与国家安全、国防安全有关的",其他通用信息,
2、与公共安全、公共卫生、重大公共利益有关的,其他通用信息,
3、与犯罪侦查、起诉和审判等有关的,其他通用信息,
4、有充分证据表明您存在主观恶意或滥用权利的,其他通用信息,
5、响应您的请求将导致您或其他个人、组织的合法权益受到严重损害的,其他通用信息,
"**  
**本声明未涉及的问题参见国家有关法律法规，当本声明与国家法律法规冲突时，以国家法律法规为准",其他通用信息,
"**
==========
**十、本隐私权政策如何更新**  
华图在线有权在必要时修改隐私权政策，华图在线隐私权政策一旦发生变动，将会在重要页面上提示修改内容",条款更改,告知方式
**如果不同意华图学习在线对本隐私权政策相关条款所做的修改，学员有权停止使用华图在线,条款更改,用户选择
如果学员继续使用华图在线，则视视为学员接受华图在线对本隐私权政策相关条款所做的修改，我们相信这代表您已充分阅读、理解并接受修改后的隐私权政策并受其约束,条款更改,用户选择
"**
==========
**十一、违约责任**  
如因华图在线违反有关法律、法规或本隐私政策项下的任何条款而给学员造成损失的，因此给学员造成的损害赔偿责任由华图在线承担",其他通用信息,
学员同意保障和维护华图在线运营方及其关联公司及其他用户的合法权益，如因学员违反有关法律、法规或本隐私政策项下的任何条款而给华图在线运营方及其关联公司或任何其他任何第三方造成损失，学员同意承担由此造成的损害赔偿责任,其他通用信息,
除本隐私政策另有约定外，如华图在线发现或收到第三方举报或投诉获知，学员存在或涉嫌违反本隐私政策中约定的义务、保证、承诺或其他条款，学员应在华图在线指定期限内予以纠正并消除影响,其他通用信息,
若学员未在前述时限内予以纠正的，华图在线或其授权主体有权依据其合理判断立即采取一切必要措施以减轻或消除学员行为造成的影响，并将尽可能在处理之后对学员进行通知,其他通用信息,
由此造成的损失及后果由学员自行独立承担,其他通用信息,
"上述所述的“一切必要措施”包括但不限于以下一项或多项：  
（1）更改、删除或屏蔽相关内容",其他通用信息,
（2）冻结学员账户资金，用于弥补学员给华图在线及其关联公司、他人造成的损失,其他通用信息,
（3）变更、限制或禁止违规账号部分或全部功能,其他通用信息,
（5）暂停、限制或终止学员使用华图在线服务的权利、注销学员账号等,其他通用信息,
（6）其他华图在线认为合理的措施,其他通用信息,
"==========
**十二、通知送达**  
本隐私政策项下华图在线对于学员用户所有的通知均可通过网页公告、电子邮件、系统通知、华图在线管理账号主动联系、私信、手机短信、电话回访或常规的信件传送等方式进行",第一方收集_使用,是否有交互
该等通知于触达之日视为已送达收件人,其他通用信息,
"==========
**十三、法律适用**  
本隐私政策的订立、执行和解释及争议的解决均应适用中华人民共和国大陆地区法律",其他通用信息,
如双方就本隐私政策内容或其执行发生任何争议，双方应尽量友好协商解决,其他通用信息,
协商不成时，任何一方均可向北京市海淀区人民法院提起诉讼,其他通用信息,
"==========
**十四、其他**  
如本隐私政策中的任何条款无论因何种原因完全或部分无效或不具有执行力，本隐私政策的其余条款仍应有效并且有约束力",其他通用信息,
"==========
**十五、如何联系我们**  
如果您对本隐私政策有任何疑问、意见或建议，通过以下方式与我们联系：  
邮箱：htwxkefu@huatu.com  
电话：400-8989-766
**400-8989-766** 09:00-21:30
==========",其他通用信息,
