"aUTBPKWS6mDUX4od9sgfJufqxMOa-0632_com_huangguanjiaoyou_ei.txt





Apkid:com.huangguanjiaoyou.ei
==========
## 隐私政策
希望您仔细阅读《隐私政策》（以下简称“本政策”），详细了解我们对信息的收集、使用方式，以便您更好地了解我们的服务并作出适当的选择",其他通用信息,
若您使用皇冠交友服务，即表示您认同我们在本政策中所述内容,其他通用信息,
如您有问题，请联系我们,其他通用信息,
"皇冠交友 [申请系统权限列表](./android_privacy_permission.php) 和
[接入的第三方SDK清单](./android_privacy_sdk.php)
==========
### 一、我们收集的信息
我们根据合法、正当、必要的原则，仅收集实现产品功能所必要的信息",其他通用信息,
"将按照如下方式收集您在使用服务时主动提供的，以及通过自动化手段收集您在使用功能或接受服务过程中产生的信息：
（一）注册、登录、上传信息、其他信息
1、注册、登录
(1)当您注册、登录皇冠交友及相关服务时，您可以通过手机号创建帐号，并且您可以完善皇冠交友
相关账号信息（例如：头像、昵称、手机号、密码），收集这些信息是为了帮助您完成注册及后期的登录使用",第一方收集_使用,何时采集
您还可以根据自身需求选择填写性别、生日、星座、城市及个人签名来完善您的资料信息,用户访问_编辑_删除的方法,用户可以进行的操作
"(2)您也可以使用第三方帐号登录并使用皇冠交友，您将授权我们获取您在第三方平台注册的公开信息（头像、昵称以及您授权的其他信息），用于与皇冠交友
相绑定，让您可以直接登录并使用本产品及相关服务",用户访问_编辑_删除的方法,用户可以进行的操作
(3)当您使用第三方帐号登录皇冠交友时，经过您的同意，我们可能会共享昵称、头像以及您授权的其他信息,第一方收集_使用,何时采集
"2、上传信息
您在使用服务时上传的信息",第一方收集_使用,何时采集
例如，您在使用皇冠交友，上传的头像、分享的照片及视频,第一方收集_使用,采集的个人信息类型
"3、其他信息
（1）您通过我们的客服或参加我们举办的活动时所提交的信息",第一方收集_使用,采集的个人信息类型
（2）例如，您参与我们线上活动时填写的调查问卷中可能包含您的姓名、电话、家庭地址等信息,第一方收集_使用,采集的个人信息类型
（3）我们的部分服务可能需要您提供特定的个人敏感信息来实现特定功能,第一方收集_使用,采集的个人信息类型
若您选择不提供该类信息，则可能无法正常使用服务中的特定功能，但不影响您使用服务中的其他功能,第一方收集_使用,用户选择所造成的影响
若您主动提供您的个人敏感信息，即表示您同意我们按本政策所述目的和方式来处理您的个人敏感信息,第一方收集_使用,用户选择所造成的影响
"==========
（二）日志信息
1、日志
为保障您使用的规范性，添加更多让您感兴趣的内容，皇冠交友可能会收集相关必要的日志信息",第一方收集_使用,采集的个人信息类型
（1）您使用的行为日志：点击、浏览、关注、收藏、搜索、分享,第一方收集_使用,采集的个人信息类型
（2）您主动提供的信息日志：点赞、评论、反馈,第一方收集_使用,采集的个人信息类型
（3）设备日志：设备型号、操作系统版本、唯一设备标识符、电池、信号强度等信息,第一方收集_使用,采集的个人信息类型
（4）软件日志：软件的版本号、浏览器类型,第一方收集_使用,采集的个人信息类型
为确保操作环境的安全或提供服务所需，我们会收集有关您使用的移动应用和其他软件的信息,第一方收集_使用,采集的个人信息类型
（5）服务日志： 您在使用我们服务时搜索、查看的信息、服务故障信息、引荐网址等信息,第一方收集_使用,采集的个人信息类型
（6）通讯日志：您在使用我们服务时曾经通讯的账户、通讯时间和时长,第一方收集_使用,采集的个人信息类型
"2、位置信息日志
当您使用与位置有关的服务时，我们可能会记录您设备所在的位置信息，以便为您提供相关服务",第一方收集_使用,何时采集
（1）在您使用服务时，我们可能会通过IP地址、GPS、WLAN（如WiFi）或基站等途径获取您的地理位置信息,第一方收集_使用,何时采集
（2）GPS地理位置是个人敏感信息，若您拒绝提供，我们将不会读取GPS信息，且不会影响皇冠交友其他功能的正常使用,第一方收集_使用,何时采集
（3）您或其他用户在使用服务时提供的信息中可能包含您所在地理位置信息，例如您提供的帐号信息中可能包含的您所在地区信息，您或其他人共享的照片包含的地理标记信息,第一方收集_使用,何时采集
"3、其他用户分享的信息中含有您的信息,其他用户发布的照片或分享的视频中可能包含您的信息",第一方收集_使用,采集的个人信息类型
"4、从第三方合作伙伴获取的信息
我们可能会获得您在使用第三方合作伙伴服务时所产生或分享的信息",第三方搜集_使用,第三方何时采集
"例如，您使用皇冠交友
登录第三方合作伙伴服务时，我们会获得您登录第三方合作伙伴服务的名称、登录时间，方便您进行授权管理",第三方搜集_使用,第三方何时采集
请您仔细阅读第三方合作伙伴服务的用户协议或隐私政策,其他通用信息,
"==========
### 二、我们如何使用收集的信息
我们严格遵守法律法规的规定及与用户的约定，将收集的信息用于以下用途",第一方收集_使用,对数据的使用
若我们超出以下用途使用您的信息，我们将再次向您进行说明，并征得您的同意,第一方收集_使用,是否有交互
"（一）向您提供服务
我们收集整合信息，以不同的方式为您展示，更好向您提供优质的服务",第一方收集_使用,对数据的使用
"发布与互动
1、信息发布
(1)您发布音视频、图片等内容或进行评论时，我们将收集您发布的信息，并展示您的昵称、头像、发布内容和信息",第一方收集_使用,何时采集
(2)您使用发布图片、音视频功能时，我们会请求您授权相机、照片、麦克风权限,第一方收集_使用,何时采集
您如果拒绝授权提供，将无法使用此功能，但不影响您正常使用皇冠交友的其他功能,第一方收集_使用,用户选择所造成的影响
"2、互动交流
(1)当您关注帐号、进行浏览、评论、关注、收藏、点赞或分享时，我们会收集您关注的帐号和前述信息，并展示关注帐号发布内容",第一方收集_使用,何时采集
(2)您可以在皇冠交友中添加或删除好友，为帮您实现这一功能，我们创建好友列表信息,第一方收集_使用,用户的选择
好友列表是建立与管理好友关系所需的必要信息,其他通用信息,
"（三）搜索
您使用皇冠交友的搜索服务时，我们会收集您的搜索关键字信息、日志记录",第一方收集_使用,何时采集
为了提供高效的搜索服务，部分前述信息会暂时存储在您的本地存储设备之中，并可向您展示搜索结果内容、搜索历史记录,第一方收集_使用,对数据的使用
"（四）产品开发和服务优化
当我们的系统发生故障时，我们会记录和分析系统故障时产生的信息，优化我们的服务",第一方收集_使用,何时采集
"（五）安全保障
我们会将您的信息用于身份验证、安全防范、反诈骗监测、存档备份、客户的安全服务等用途",第一方收集_使用,对数据的使用
例如，您下载或安装的安全软件会对恶意程序或病毒进行检测，或为您识别诈骗信息,第一方收集_使用,对数据的使用
"（六）管理软件
进行软件认证、软件升级等",第一方收集_使用,对数据的使用
"（七）邀请您参与有关我们服务的调查
为了让您有更好的体验、改善我们的服务或经您同意的其他用途，在符合相关法律法规的前提下，我们可能将通过某些服务所收集的信息用于我们的其他服务",第一方收集_使用,采集的目的
例如，将您在使用我们某项服务时的信息，用于另一项服务中向您展示个性化的内容或广告、用于用户研究分析与统计等服务,第一方收集_使用,对数据的使用
"==========
### 三、我们如何使用Cookie及相关技术
我们或我们的第三方合作伙伴，可能通过放置安全的Cookie及相关技术收集您的信息，目的是为您提供更个性化的用户体验和服务",第一方收集_使用,使用的目的
我们会严格要求第三方合作伙伴遵守本政策的相关规定,其他通用信息,
您也可以通过浏览器设置管理Cookie,用户访问_编辑_删除的方法,用户可以进行的操作
但请注意，如果停用Cookie，您可能无法享受最佳的服务体验，某些服务也可能无法正常使用,第一方收集_使用,用户选择所造成的影响
"==========
### 四、您分享的信息
您可以通过我们的服务与您的好友、家人及其他用户分享您的相关信息",用户访问_编辑_删除的方法,用户可以进行的操作
例如，您在小视频中公开分享的视频,第一方收集_使用,采集的个人信息类型
请注意，这其中可能包含您的个人身份信息、个人财产信息等敏感信息,其他通用信息,
请您谨慎考虑披露您的相关个人敏感信息,其他通用信息,
您可通过我们服务中的隐私设置来控制您分享信息的范围，也可通过服务中的设置或我们提供的指引删除您公开分享的信息,其他通用信息,
但请您注意，这些信息仍可能由其他用户或不受我们控制的非关联第三方独立地保存,其他通用信息,
"==========
### 五、您如何管理自己的信息
（一）您可以在使用我们服务的过程中，访问、修改和删除您提供的注册信息和其他个人信息，也可按照通知指引与我们联系",用户访问_编辑_删除的方法,用户可以进行的操作
您访问、修改和删除个人信息的范围和方式将取决于您使用的具体服务,其他通用信息,
例如，若您在使用地理位置相关服务时，希望停止分享您的地理位置信息，您可通过手机定位关闭功能、软硬件服务商及通讯服务提供商的关闭方式停止分享，建议您仔细阅读相关指引,用户访问_编辑_删除的方法,用户可以进行的操作
（二）我们将按照本政策所述，仅为实现我们产品或服务的功能，收集、使用您的信息,用户访问_编辑_删除的方法,供应商动作
如您发现我们违反法律、行政法规的规定或者双方的约定收集、使用您的个人信息，您可以要求我们删除,用户访问_编辑_删除的方法,用户可以进行的操作
如您发现我们收集、存储的您的个人信息有错误的，您也可以要求我们更正,用户访问_编辑_删除的方法,用户可以进行的操作
请通过本政策列明的联系方式与我们联系,用户访问_编辑_删除的方法,用户可以进行的操作
（三）在您访问、修改和删除相关信息时，我们可能会要求您进行身份验证，以保障帐号的安全,用户访问_编辑_删除的方法,供应商动作
（四）管理您绑定的第三方帐号，请您注意，在您取消第三方产品或服务的授权后，您可能无法使用已取消授权的皇冠交友帐号再次登录该第三方产品或服务,用户访问_编辑_删除的方法,操作对用户造成的影响
如需登录，可能需要您再次授权,用户访问_编辑_删除的方法,用户可以进行的操作
（五）钱包功能中的相关服务由我们与关联方提供，当您使用钱包相关功能时我们与关联方会根据功能或服务必需而收集必要限度内的信息,用户访问_编辑_删除的方法,供应商动作
（六）支付功能由与我们合作的第三方支付机构向您提供服务,用户访问_编辑_删除的方法,供应商动作
第三方支付机构可能需要收集您的姓名、银行卡类型、卡号、有效期及手机号码,用户访问_编辑_删除的方法,操作的数据类型
银行卡号、有效期及手机号码是个人敏感信息，这些信息是支付功能所必需的信息，拒绝提供将导致您无法使用该功能，但不影响其他功能的正常使用,用户访问_编辑_删除的方法,操作对用户造成的影响
"（七）查询修改信息
1、您可以查询、访问您的头像、昵称、性别、生日、星座、城市、个性签名及皇冠交友号，您可以在【我的】-【编辑资料】进行查询、修改",用户访问_编辑_删除的方法,操作的途径
2、在【我的】-【好友】/【关注】/【粉丝】可以查询信息列表，进入列表可选择取消关注帐号,用户访问_编辑_删除的方法,操作的途径
"==========
（八）设置
1、在【我的】-【勿扰】可以禁止他人对您拨打视频",用户访问_编辑_删除的方法,操作的途径
2、在【我的】-【设置】-【黑名单】控制他人是否可以与您通讯、是否可以与您互动,用户访问_编辑_删除的方法,操作的途径
3、在【我的】-【特权设置】可对亲密榜、上线及充值进行隐身,用户访问_编辑_删除的方法,操作的途径
"==========
（九）您可以在【我的】-【设置】-【注销账户】进行帐号注销",用户访问_编辑_删除的方法,操作的途径
注销账号需与客服联系,用户访问_编辑_删除的方法,操作的途径
当您注销帐号后，我们将删除有关您的相关信息或进行匿名化处理，但法律法规另有规定的除外,用户访问_编辑_删除的方法,供应商动作
"==========
（十）如果您认为您的权益可能受到侵害，或者他人行为内容不符合平台规定，您可以通过【举报】对我们进行反馈，需填写详细原因",用户访问_编辑_删除的方法,用户可以进行的操作
我们核查后将及时解决,用户访问_编辑_删除的方法,供应商动作
"==========
（十一）您可以在注册页面，或者在登录个人帐号【我的】-【设置】-【隐私政策】查看本隐私政策的全部内容",用户访问_编辑_删除的方法,操作的途径
"==========
### 六、我们分享的信息
我们遵照法律法规的规定，对信息的分享进行严格的限制，例如：
（一）经您事先同意，我们可能与第三方分享您的个人信息",与第三方共享_转让_公开,与第三方共享的目的
"（二）仅为实现外部处理的目的，我们可能会与第三方合作伙伴分享您的个人信息，让他们按照我们的说明、隐私政策以及其他相关的保密和安全措施来为我们处理上述信息，并用于以下用途：
1、向您提供我们的服务",与第三方共享_转让_公开,与第三方共享的目的
2、实现“我们如何使用收集的信息”部分所述目的,其他通用信息,
3、履行我们在本政策中的义务和行使我们的权利,其他通用信息,
4、理解、维护和改善我们的服务,其他通用信息,
如我们与上述第三方分享您的信息，我们将会采用加密、匿名化处理等手段保障您的信息安全,数据安全,安全措施
（三）随着我们业务的持续发展，当发生合并、收购、资产转让等交易导致向第三方分享您的个人信息时，我们将通过推送通知、公告等形式告知您相关情形，按照法律法规及不低于本政策所要求的标准继续保护或要求新的管理者继续保护您的个人信息,与第三方共享_转让_公开,何时与第三方共享
（四）我们会将所收集到的信息用于大数据分析,与第三方共享_转让_公开,第三方对数据的使用
例如，我们将收集到的信息用于分析形成不包含任何个人信息的城市热力图或行业洞察报告,与第三方共享_转让_公开,第三方对数据的使用
我们可能对外公开并与我们的合作伙伴分享经统计加工后不含身份识别内容的信息，用于了解用户如何使用我们服务或让公众了解我们服务的总体使用趋势,与第三方共享_转让_公开,第三方对数据的使用
"（五）我们可能基于以下目的披露您的个人信息：
1、遵守适用的法律法规等有关规定;
2、遵守法院判决、裁定或其他法律程序的规定",与第三方共享_转让_公开,与第三方共享的目的
3、遵守相关政府机关或其他法定授权组织的要求,与第三方共享_转让_公开,与第三方共享的目的
4、我们有理由确信需要遵守法律法规等有关规定,与第三方共享_转让_公开,与第三方共享的目的
5、为执行相关服务协议或本政策、维护社会公共利益，为保护我们的客户、我们或我们的关联公司、其他用户或雇员的人身财产安全或其他合法权益合理且必要的用途,与第三方共享_转让_公开,与第三方共享的目的
"==========
### 七、我们可能向您发送的信息
（一）信息推送
您在使用我们的服务时，我们可能向您发送电子邮件、短信、资讯或推送通知",第一方收集_使用,是否有交互
您可以按照我们的相关提示，在设备上选择取消订阅,用户访问_编辑_删除的方法,用户可以进行的操作
"（二）与服务有关的公告
我们可能在必要时（例如，因系统维护而暂停某一项服务时）向您发出与服务有关的公告",第一方收集_使用,是否有交互
您可能无法取消这些与服务有关、性质不属于广告的公告,第一方收集_使用,用户的选择
"==========
### 八、存储信息的地点和期限
（一）存储信息的地点
我们遵守法律法规的规定，将境内收集的用户个人信息存储于境内",数据安全,跨境传输
"（二）存储信息的期限
一般而言，我们仅为实现目的所必需的最短时间保留您的个人信息",数据安全,数据存储期限
"但在下列情况下，我们有可能因需符合法律要求，更改个人信息的存储时间：
1、为遵守适用的法律法规等有关规定",数据安全,数据存储期限
2、为遵守法院判决、裁定或其他法律程序的规定,数据安全,数据存储期限
3、为遵守相关政府机关或法定授权组织的要求,数据安全,数据存储期限
4、我们有理由确信需要遵守法律法规等有关规定,数据安全,数据存储期限
5、为执行相关服务协议或本政策、维护社会公共利益，为保护我们的客户、我们或我们的关联公司、其他用户或雇员的人身财产安全或其他合法权益所合理必需的用途,数据安全,数据存储期限
"==========
### 九、信息安全
我们为您的信息提供相应的安全保障，以防止信息的丢失、不当使用、未经授权访问或披露",数据安全,安全措施
（一）我们严格遵守法律法规保护用户的通信秘密,数据安全,安全措施
（二）我们将在合理的安全水平内使用各种安全保护措施以保障信息的安全,数据安全,安全措施
例如，我们使用加密技术（例如，TLS、SSL）、匿名化处理等手段来保护您的个人信息,数据安全,安全措施
（三）我们建立专门的管理制度、流程和组织确保信息安全,数据安全,安全措施
例如，我们严格限制访问信息的人员范围，要求他们遵守保密义务，并进行审查,数据安全,安全措施
（四）若发生个人信息泄露等安全事件，我们会启动应急预案，阻止安全事件扩大，并以推送通知、公告等形式告知您,数据安全,发生安全事故的处理方式
"==========
### 十、未成年人保护
（一）我们非常重视对未成年人个人信息的保护",面向特定人群用户条款,供应商动作
"根据相关法律法规的规定，若您是18周岁以下的未成年人，在使用皇冠交友
的服务前，应事先取得您的家长或法定监护人的同意",面向特定人群用户条款,群体类型
若您是未成年人的监护人，当您对您所监护的未成年人的个人信息有相关疑问时，请通过第十二部分中的联系方式与我们联系,面向特定人群用户条款,用户选择
（二）登录后可以设置【青少年模式】，功能开启后只能查看规定内容，需要您输入提前设置的密码才可以关闭青少年模式，正常使用皇冠交友,面向特定人群用户条款,用户选择
"==========
### 十一、适用范围
（一）我们的所有服务均适用本政策",其他通用信息,
但某些服务有其特定的隐私指引/声明，该特定隐私指引/声明更具体地说明我们在该服务中如何处理您的信息,其他通用信息,
如本政策与特定服务的隐私指引/声明有不一致之处，请以该特定隐私指引/声明为准,其他通用信息,
（二）请您注意，本政策不适用由其他公司或个人提供的服务,其他通用信息,
例如，您通过使用皇冠交友帐号登录其他公司或个人提供的服务,其他通用信息,
（三）您使用该等第三方服务须受其隐私政策（而非本政策）约束，您需要仔细阅读其政策内容,其他通用信息,
"==========
### 十二、联系我们
如您对本政策或其他相关事宜有疑问，请通过在线客服与我们联系",其他通用信息,
我们将尽快审核所涉问题，并在验证您的用户身份后的三十天内予以回复,其他通用信息,
"==========
### 十三、变更
我们可能适时修订本政策内容",条款更改,
如该等变更会导致您在本政策项下权利的实质减损，我们将在变更生效前，通过在页面显著位置提示、向您发送电子邮件等方式通知您,条款更改,告知方式
在该种情况下，若您继续使用我们的服务，即表示同意受经修订的政策约束,条款更改,用户选择
"==========
如果您对本个人信息保护政策有任何疑问，请您通过以下方式与我们联系：  
（1）联系电话：15677203246  
（2）公司：西安七星瓢虫网络科技有限公司  
（3）地址：西安国际港务区综合办公楼2层207-12  
（4）意见反馈：我的-设置-意见反馈  
我们会及时解决您的问题",用户访问_编辑_删除的方法,用户可以进行的操作
,,
,,
,,
,,
,,
,,
,,
,,
,,
,,
,,
,,
,,
,,
,,
,,
,,
,,
,,
,,
,,
,,
,,
,,
,,
,,
,,
,,
,,
,,
,,
,,
,,
,,
,,
,,
,,
,,
,,
,,
,,
,,
,,
,,
,,
,,
,,
,,
,,
,,
,,
,,
,,
,,
,,
,,
,,
,,
,,
,,
,,
,,
